Flow Duration,Total Bwd packets,Fwd Packet Length Min,Fwd Packet Length Std,Bwd Packet Length Max,Bwd Packet Length Mean,Fwd IAT Std,Bwd IAT Min,Fwd PSH Flags,Bwd URG Flags,Bwd Header Length,Packet Length Mean,SYN Flag Count,CWR Flag Count,Fwd Bytes/Bulk Avg,Fwd Bulk Rate Avg,Subflow Fwd Bytes,Subflow Bwd Bytes,Bwd Init Win Bytes,Active Min,Label
1075,2,45.0,0.0,61.0,61.0,0.0,9.0,0,0,16,51.4,0,0,0,0,0,0,0,0.0,0
4997,4,114.0,0.0,52.0,50.0,2267.254727638692,3.0,0,0,32,85.55555555555556,0,0,0,0,0,0,0,0.0,0
361,2,0.0,0.0,0.0,0.0,0.0,4.0,0,0,64,0.0,0,0,0,0,0,0,7240,0.0,0
338,2,0.0,0.0,0.0,0.0,0.0,2.0,0,0,64,0.0,0,0,0,0,0,0,30408,0.0,0
323,2,0.0,0.0,0.0,0.0,0.0,1.0,0,0,64,0.0,0,0,0,0,0,0,14480,0.0,0
1058,2,45.0,0.0,61.0,61.0,0.0,9.0,0,0,16,51.4,0,0,0,0,0,0,0,0.0,0
25469,59,0.0,18.83709254785309,1300.0,675.4915254237287,652.3850060472637,1.0,0,0,1896,341.86440677966107,4,0,0,0,0,0,14480,0.0,0
247597,3,0.0,14.975535605335343,0.0,0.0,64111.76663842606,3.0,0,0,76,5.8,4,0,0,0,0,0,16383,0.0,1
3764929,9,0.0,0.0,1448.0,910.2222222222222,1576407.17020372,2.0,0,0,296,512.0,4,0,0,0,0,8192,5792,0.0,0
3469,7,0.0,162.1489027612172,148.0,42.285714285714285,286.1174583977706,6.0,0,0,232,65.99999999999999,4,0,0,0,0,0,7240,0.0,0
78982,2,0.0,0.0,0.0,0.0,29795.358438857555,7.0,0,0,40,0.0,0,0,0,0,0,0,16383,0.0,1
362,2,0.0,0.0,0.0,0.0,0.0,2.0,0,0,64,0.0,0,0,0,0,0,0,8688,0.0,0
70495,2,0.0,0.0,0.0,0.0,19615.84921689601,1.0,0,0,40,0.0,0,0,0,0,0,0,16383,0.0,1
1039551,13,0.0,272.8747247082723,87.0,39.846153846153854,83623.60149855868,2.0,0,0,276,81.0,4,0,0,0,0,0,16383,0.0,1
372,2,0.0,0.0,0.0,0.0,0.0,2.0,0,0,64,0.0,0,0,0,0,0,0,30408,0.0,0
775445,123,0.0,27.0814519924026,1448.0,71.17073170731705,12486.917335427634,1.0,0,0,3944,41.877049180327866,4,0,0,0,0,0,47784,0.0,0
320,2,0.0,0.0,0.0,0.0,0.0,4.0,0,0,64,0.0,0,0,0,0,0,0,14480,0.0,0
155089,51,0.0,6.658307684726639,54.0,18.15686274509805,11157.27013165928,1.0,0,0,1640,11.254901960784316,4,0,0,0,0,0,20272,0.0,0
312,2,0.0,0.0,0.0,0.0,0.0,4.0,0,0,64,0.0,0,0,0,0,0,0,14480,0.0,0
427170,21,0.0,81.21193845345906,433.0,50.095238095238095,32484.686720656264,1.0,0,0,680,44.23809523809524,4,0,0,0,0,0,13032,0.0,0
393807,3,0.0,139.7589762003551,0.0,0.0,68031.76929305056,1.0,0,0,76,58.0,4,0,0,0,0,0,16383,0.0,1
85382,39,0.0,724.8475701828626,287.0,30.461538461538467,8198.888211038668,1.0,0,0,1256,400.9777777777778,4,0,0,0,0,0,30408,0.0,0
87,2,0.0,0.0,0.0,0.0,0.0,4.0,0,0,64,0.0,0,0,0,0,0,0,13032,0.0,0
333,2,0.0,0.0,0.0,0.0,0.0,1.0,0,0,64,0.0,0,0,0,0,0,0,5792,0.0,0
308,2,0.0,0.0,0.0,0.0,0.0,2.0,0,0,64,0.0,0,0,0,0,0,0,5792,0.0,0
25160,63,0.0,17.829381154819387,1300.0,759.9047619047618,550.2900869372633,1.0,0,0,2024,383.6825396825395,4,0,0,0,0,0,14480,0.0,0
309,2,0.0,0.0,0.0,0.0,0.0,2.0,0,0,64,0.0,0,0,0,0,0,0,5792,0.0,0
9077,9,0.0,0.0,1448.0,910.2222222222222,3037.962754873733,4.0,0,0,296,512.0,4,0,0,0,0,0,5792,0.0,0
221950,9,0.0,0.0,1448.0,910.2222222222222,20987.252326114536,4.0,0,0,296,512.0,4,0,0,0,0,0,5792,0.0,0
167425,71,0.0,17.20526450713744,1300.0,820.5070422535214,3799.012969450396,1.0,0,0,2280,407.93055555555526,4,0,0,0,0,0,14480,0.0,0
22479,41,0.0,20.70123246671622,1300.0,551.9024390243903,953.9705992238628,1.0,0,0,1320,281.4878048780488,4,0,0,0,0,0,14480,0.0,0
1098,2,38.0,0.0,54.0,54.0,0.0,8.0,0,0,16,44.4,0,0,0,0,0,0,0,0.0,0
4609,4,114.0,0.0,48.0,48.0,2032.850543776727,7.0,0,0,32,84.66666666666667,0,0,0,0,0,0,0,0.0,0
983,2,45.0,0.0,61.0,61.0,0.0,7.0,0,0,16,51.4,0,0,0,0,0,0,0,0.0,0
1082,2,38.0,0.0,54.0,54.0,0.0,6.0,0,0,16,44.4,0,0,0,0,0,0,0,0.0,0
82432,55,0.0,18.865591749571376,1300.0,710.1090909090909,2247.8264696024858,1.0,0,0,1768,359.32727272727266,4,0,0,0,0,0,14480,0.0,0
367,2,0.0,0.0,0.0,0.0,0.0,3.0,0,0,64,0.0,0,0,0,0,0,0,14480,0.0,0
1033,2,37.0,0.0,53.0,53.0,0.0,5.0,0,0,16,43.4,0,0,0,0,0,0,0,0.0,0
322,2,0.0,0.0,0.0,0.0,0.0,3.0,0,0,64,0.0,0,0,0,0,0,0,20272,0.0,0
2465,5,0.0,0.0,794.0,317.6,382.7832284727219,4.0,0,0,168,158.8,4,0,0,0,0,0,5792,0.0,0
273317,3,0.0,131.16503599155786,0.0,0.0,74570.31635174951,7.0,0,0,76,50.8,4,0,0,0,0,0,16383,0.0,1
6830,9,0.0,65.29726895769328,776.0,180.88888888888889,565.1095026629795,3.0,0,0,296,103.0,4,0,0,0,0,0,10136,0.0,0
30187,39,0.0,717.7411277965142,287.0,30.461538461538467,885.2702352704412,2.0,0,0,1256,396.4222222222223,4,0,0,0,0,0,30408,0.0,0
2584,5,0.0,0.0,749.0,299.6,389.7114317029974,5.0,0,0,168,149.8,4,0,0,0,0,0,5792,0.0,0
1023,2,45.0,0.0,61.0,61.0,0.0,8.0,0,0,16,51.4,0,0,0,0,0,0,0,0.0,0
3386,7,0.0,158.53411830475693,148.0,42.285714285714285,275.3525013505416,3.0,0,0,232,65.0,4,0,0,0,0,0,7240,0.0,0
43828,2,0.0,0.0,0.0,0.0,14900.861199944116,3.0,0,0,40,0.0,0,0,0,0,0,0,16383,0.0,0
351,2,0.0,0.0,0.0,0.0,0.0,2.0,0,0,64,0.0,0,0,0,0,0,0,31856,0.0,0
325,2,0.0,0.0,0.0,0.0,0.0,4.0,0,0,64,0.0,0,0,0,0,0,0,14480,0.0,0
75719,2,0.0,0.0,0.0,0.0,53098.76951964141,4.0,0,0,40,0.0,0,0,0,0,0,0,16383,0.0,0
226349,21,0.0,236.6519719845069,192.0,72.0,12279.241956012014,2.0,0,0,680,103.45454545454544,4,0,0,0,0,0,14480,0.0,0
317457,89,0.0,15.76186090355944,1300.0,903.0561797752812,5836.438169902366,1.0,0,0,2856,454.2584269662921,4,0,0,0,0,0,14480,0.0,0
529668,11,0.0,93.6864070030592,1460.0,565.2727272727274,140892.72367786305,1.0,0,0,236,347.4736842105263,4,0,0,0,0,0,16383,0.0,1
915169,51,0.0,6.658307684726639,54.0,18.11764705882352,42643.51125392673,1.0,0,0,1640,11.235294117647058,4,0,0,0,0,0,20272,0.0,0
100543,2,0.0,0.0,0.0,0.0,45515.04929141569,3.0,0,0,40,0.0,0,0,0,0,0,0,16383,0.0,1
29355,65,0.0,18.08596645301772,1300.0,837.5076923076925,644.8308180617386,1.0,0,0,2088,422.4923076923077,4,0,0,0,0,0,14480,0.0,0
5311,21,0.0,81.14771950555593,381.0,57.52380952380953,370.0339044955076,2.0,0,0,680,47.95454545454546,4,0,0,0,0,0,13032,0.0,0
31264,2,0.0,0.0,0.0,0.0,21481.19690566613,1.0,0,0,40,0.0,0,0,0,0,0,0,16383,0.0,1
368628,435,0.0,26.769982442915968,1448.0,1207.8896551724142,2538.9656045277497,1.0,0,0,13928,788.4880239520961,4,0,0,0,0,0,34752,0.0,0
356,2,0.0,0.0,0.0,0.0,0.0,2.0,0,0,64,0.0,0,0,0,0,0,0,34752,0.0,0
8,0,56.0,0.0,0.0,0.0,0.0,0.0,0,0,0,56.0,0,0,0,0,0,0,0,0.0,1
348,2,0.0,0.0,0.0,0.0,0.0,4.0,0,0,64,0.0,0,0,0,0,0,0,14480,0.0,0
314,2,0.0,0.0,0.0,0.0,0.0,3.0,0,0,64,0.0,0,0,0,0,0,0,14480,0.0,0
312,2,0.0,0.0,0.0,0.0,0.0,2.0,0,0,64,0.0,0,0,0,0,0,0,20272,0.0,0
1119547,15,0.0,116.7156607081734,1448.0,614.9333333333334,299545.0132820836,1.0,0,0,488,363.28571428571433,4,0,0,0,0,0,8688,0.0,0
264840,5,0.0,124.1979986036122,858.0,343.2,42222.05771868538,9.0,0,0,116,171.14285714285714,4,0,0,0,0,0,16383,0.0,1
66138,4,88.0,23.09401076758504,72.0,48.0,11543.541282177375,9.0,0,0,32,79.11111111111111,0,0,0,0,0,0,0,0.0,0
321,2,0.0,0.0,0.0,0.0,0.0,2.0,0,0,64,0.0,0,0,0,0,0,0,14480,0.0,0
88871,89,0.0,15.76186090355944,1306.0,969.4382022471908,1720.8146621033336,0.0,0,0,2856,487.4494382022472,4,0,0,0,0,0,14480,0.0,0
3,0,530.0,0.0,0.0,0.0,0.0,0.0,0,0,0,530.0,0,0,0,0,0,0,0,0.0,1
313,2,0.0,0.0,0.0,0.0,0.0,2.0,0,0,64,0.0,0,0,0,0,0,0,59368,0.0,0
318,2,0.0,0.0,0.0,0.0,0.0,3.0,0,0,64,0.0,0,0,0,0,0,0,14480,0.0,0
5000,21,0.0,81.21193845345906,433.0,50.095238095238095,374.66027496577067,1.0,0,0,680,44.23809523809524,4,0,0,0,0,0,13032,0.0,0
10136,33,0.0,22.3064253725967,1300.0,345.69696969696963,429.55604488695616,1.0,0,0,1064,179.72727272727272,4,0,0,0,0,0,14480,0.0,0
613577,3,0.0,23.2379000772445,0.0,0.0,165282.0407243328,7.0,0,0,76,9.0,4,0,0,0,0,0,16383,0.0,1
374,2,0.0,0.0,0.0,0.0,0.0,2.0,0,0,64,0.0,0,0,0,0,0,0,14480,0.0,0
337,2,0.0,0.0,0.0,0.0,0.0,5.0,0,0,64,0.0,0,0,0,0,0,0,15928,0.0,0
17280,15,0.0,99.13316607162618,277.0,46.66666666666666,2061.716402816116,1.0,0,0,488,46.66666666666666,4,0,0,0,0,0,10136,0.0,0
344,2,0.0,0.0,0.0,0.0,0.0,1.0,0,0,64,0.0,0,0,0,0,0,0,14480,0.0,0
10,0,713.0,0.0,0.0,0.0,0.0,0.0,0,0,0,713.0,0,0,0,0,0,0,0,0.0,1
51222,2,0.0,0.0,0.0,0.0,15144.105932672288,9.0,0,0,40,0.0,0,0,0,0,0,0,16383,0.0,1
275138,2,0.0,0.0,0.0,0.0,122052.2872870476,2.0,0,0,40,0.0,0,0,0,0,0,0,16383,0.0,1
1304453,19,0.0,12.6472612202907,101.0,39.15789473684212,104714.7589532812,1.0,0,0,396,24.820512820512825,4,0,0,0,0,0,16383,0.0,1
338,2,0.0,0.0,0.0,0.0,0.0,2.0,0,0,64,0.0,0,0,0,0,0,0,14480,0.0,0
410840,3,0.0,149.23895827385914,0.0,0.0,89185.57001443674,14.0,0,0,76,57.8,4,0,0,0,0,0,16383,0.0,1
5368,15,0.0,212.41908263305035,192.0,100.8,327.00783447728554,2.0,0,0,488,133.0,4,0,0,0,0,0,14480,0.0,0
174,2,0.0,0.0,0.0,0.0,0.0,4.0,0,0,64,0.0,0,0,0,0,0,0,5792,0.0,0
310,2,0.0,0.0,0.0,0.0,0.0,1.0,0,0,64,0.0,0,0,0,0,0,0,14480,0.0,0
739024,5,0.0,30.983866769659336,0.0,0.0,51165.11385211608,7.0,0,0,116,9.999999999999998,4,0,0,0,0,0,16383,0.0,1
1053,2,45.0,0.0,61.0,61.0,0.0,8.0,0,0,16,51.4,0,0,0,0,0,0,0,0.0,0
17729,15,0.0,99.13316607162618,277.0,46.66666666666666,2185.015821687716,0.0,0,0,488,46.66666666666666,4,0,0,0,0,0,10136,0.0,0
100345,59,0.0,18.83709254785309,1300.0,785.7288135593224,2292.6515803316024,1.0,0,0,1896,396.9830508474578,4,0,0,0,0,0,14480,0.0,0
340,2,0.0,0.0,0.0,0.0,0.0,2.0,0,0,64,0.0,0,0,0,0,0,0,14480,0.0,0
18282,45,0.0,19.989267733569253,1300.0,642.1777777777779,618.6963762461087,1.0,0,0,1448,326.1333333333333,4,0,0,0,0,0,14480,0.0,0
53463,89,0.0,15.76186090355944,1300.0,926.1797752808988,945.1301303941038,0.0,0,0,2856,465.8202247191012,4,0,0,0,0,0,14480,0.0,0
197843,3,0.0,477.15154825275374,0.0,0.0,39517.6344054145,10.0,0,0,76,184.8,4,0,0,0,0,0,16383,0.0,1
161887,3,0.0,132.7142293300408,0.0,0.0,30862.521700275887,9.0,0,0,76,51.400000000000006,4,0,0,0,0,0,16383,0.0,1
2,0,444.0,0.0,0.0,0.0,0.0,0.0,0,0,0,444.0,0,0,0,0,0,0,0,0.0,1
651392,7,0.0,88.31895660184226,1460.0,640.2857142857143,120994.8367818506,2.0,0,0,156,322.93333333333334,4,0,0,0,0,0,16383,0.0,1
197483,83,0.0,16.089412389826855,1300.0,940.4578313253012,3590.323278262439,0.0,0,0,2664,467.5238095238095,4,0,0,0,0,0,14480,0.0,0
3677,9,0.0,65.29726895769328,776.0,180.88888888888889,365.4756413831768,1.0,0,0,296,103.0,4,0,0,0,0,0,10136,0.0,0
89126,2,0.0,0.0,0.0,0.0,19676.660400078057,7.0,0,0,40,0.0,0,0,0,0,0,0,16383,0.0,1
68668,2,0.0,0.0,0.0,0.0,29711.21273189636,2.0,0,0,40,0.0,0,0,0,0,0,0,16383,0.0,1
449,2,0.0,0.0,0.0,0.0,0.0,5.0,0,0,64,0.0,0,0,0,0,0,0,14480,0.0,0
25475,59,0.0,18.83709254785309,1300.0,714.6440677966102,750.7780250228045,1.0,0,0,1896,361.4406779661017,4,0,0,0,0,0,14480,0.0,0
1021,2,45.0,0.0,61.0,61.0,0.0,8.0,0,0,16,51.4,0,0,0,0,0,0,0,0.0,0
52985,2,0.0,0.0,0.0,0.0,18566.50275361518,9.0,0,0,40,0.0,0,0,0,0,0,0,16383,0.0,1
116318,95,0.0,15.161455630713863,1300.0,952.1684210526312,1896.119412609792,1.0,0,0,3048,473.65625,4,0,0,0,0,0,14480,0.0,0
10436,33,0.0,21.474606635715823,1300.0,438.0,399.2980858262882,1.0,0,0,1064,212.97142857142853,4,0,0,0,0,0,14480,0.0,0
240926,3,0.0,56.28735796488112,0.0,0.0,60623.07075693213,7.0,0,0,76,21.8,4,0,0,0,0,0,16383,0.0,1
342,2,0.0,0.0,0.0,0.0,0.0,2.0,0,0,64,0.0,0,0,0,0,0,0,7240,0.0,0
465,2,0.0,0.0,0.0,0.0,0.0,2.0,0,0,64,0.0,0,0,0,0,0,0,13032,0.0,0
17043,35,0.0,21.883828750570903,1300.0,426.74285714285713,493.5419776595717,1.0,0,0,1128,219.8571428571429,4,0,0,0,0,0,14480,0.0,0
26143,2,0.0,0.0,0.0,0.0,17818.38377911981,8.0,0,0,40,0.0,0,0,0,0,0,0,16383,0.0,1
17295,15,0.0,99.13316607162618,277.0,46.66666666666666,2117.9964770799493,1.0,0,0,488,46.66666666666666,4,0,0,0,0,0,10136,0.0,0
631947,5,0.0,30.983866769659336,0.0,0.0,32906.96617435281,6.0,0,0,116,9.999999999999998,4,0,0,0,0,0,16383,0.0,1
10252,23,0.0,166.09084107103777,848.0,183.3913043478261,725.8368314022828,1.0,0,0,744,118.37735849056604,4,0,0,0,0,0,14480,0.0,0
7039145,7,0.0,168.34276258362198,247.0,70.57142857142857,2490201.3731055567,2.0,0,0,156,78.93333333333332,4,0,0,0,690,494,16383,186742.0,1
4389706,569,0.0,23.5304107791776,1448.0,1212.263620386644,179587.91959207016,1.0,0,0,18216,789.1095890410963,4,0,0,0,1482,689778,43440,0.0,0
1047,2,45.0,0.0,61.0,61.0,0.0,8.0,0,0,16,51.4,0,0,0,0,0,0,0,0.0,0
22944,39,0.0,720.2172846737692,287.0,30.461538461538467,667.9533136767125,2.0,0,0,1256,398.1777777777778,4,0,0,0,0,0,30408,0.0,0
46405,77,0.0,16.80879051557521,1300.0,884.0779220779218,974.2813839621156,1.0,0,0,2472,445.19480519480527,4,0,0,0,0,0,14480,0.0,0
311,2,0.0,0.0,0.0,0.0,0.0,3.0,0,0,64,0.0,0,0,0,0,0,0,10136,0.0,0
319,2,0.0,0.0,0.0,0.0,0.0,5.0,0,0,64,0.0,0,0,0,0,0,0,14480,0.0,0
305,2,0.0,0.0,0.0,0.0,0.0,4.0,0,0,64,0.0,0,0,0,0,0,0,20272,0.0,0
315,2,0.0,0.0,0.0,0.0,0.0,3.0,0,0,64,0.0,0,0,0,0,0,0,10136,0.0,0
339,2,0.0,0.0,0.0,0.0,0.0,2.0,0,0,64,0.0,0,0,0,0,0,0,14480,0.0,0
1004340,15,0.0,122.41532220727564,1448.0,614.9333333333334,333086.2893305577,3.0,0,0,488,391.2307692307692,4,0,0,0,0,0,8688,0.0,0
4972,4,114.0,0.0,52.0,52.0,2204.614781165484,8.0,0,0,32,86.44444444444444,0,0,0,0,0,0,0,0.0,0
287724,5,0.0,85.87920641947092,693.0,277.2,57483.123768343234,2.0,0,0,116,133.6923076923077,4,0,0,0,0,0,16383,0.0,1
69582,2,0.0,0.0,0.0,0.0,48721.0714373155,6.0,0,0,40,0.0,0,0,0,0,0,0,16383,0.0,0
350,2,0.0,0.0,0.0,0.0,0.0,2.0,0,0,64,0.0,0,0,0,0,0,0,10136,0.0,0
321,2,0.0,0.0,0.0,0.0,0.0,2.0,0,0,64,0.0,0,0,0,0,0,0,14480,0.0,0
5,0,4.0,0.0,0.0,0.0,0.0,0.0,0,0,0,4.0,0,0,0,0,0,0,0,0.0,0
330,2,0.0,0.0,0.0,0.0,0.0,3.0,0,0,64,0.0,0,0,0,0,0,0,14480,0.0,0
1093,2,37.0,0.0,53.0,53.0,0.0,8.0,0,0,16,43.4,0,0,0,0,0,0,0,0.0,0
504249,3,0.0,33.18060248025013,0.0,0.0,116631.75747011046,7.0,0,0,76,12.363636363636363,4,0,0,0,0,0,16383,0.0,1
341,2,0.0,0.0,0.0,0.0,0.0,2.0,0,0,64,0.0,0,0,0,0,0,0,47784,0.0,0
12455,39,0.0,21.523615004105377,1329.0,547.1794871794872,419.83188756193096,1.0,0,0,1256,279.61538461538464,4,0,0,0,0,0,14480,0.0,0
1752,4,88.0,16.165807537309526,72.0,48.0,757.7723932685856,4.0,0,0,32,76.44444444444444,0,0,0,0,0,0,0,0.0,0
714485,7,0.0,65.23090853706874,189.0,54.0,177753.0946686603,2.0,0,0,156,53.49999999999999,4,0,0,0,0,0,16383,0.0,1
49698,47,0.0,19.760220445550136,1300.0,649.1489361702128,1812.939453631778,0.0,0,0,1512,322.70833333333314,4,0,0,0,0,0,14480,0.0,0
4450,15,0.0,304.19598945416755,192.0,100.8,320.8782293880937,2.0,0,0,488,150.5,4,0,0,0,0,0,14480,0.0,0
1013,2,37.0,0.0,53.0,53.0,0.0,7.0,0,0,16,43.4,0,0,0,0,0,0,0,0.0,0
323,2,0.0,0.0,0.0,0.0,0.0,6.0,0,0,64,0.0,0,0,0,0,0,0,14480,0.0,0
462212,39,0.0,718.0660125415677,287.0,30.461538461538467,23309.070214189152,1.0,0,0,1256,396.6666666666667,4,0,0,0,0,0,30408,0.0,0
589767,7,0.0,0.0,1460.0,475.1428571428572,247694.52675607643,4.0,0,0,156,255.84615384615387,4,0,0,0,0,0,16383,0.0,1
331,2,0.0,0.0,0.0,0.0,0.0,2.0,0,0,64,0.0,0,0,0,0,0,0,5792,0.0,0
237857,5,0.0,0.0,757.0,302.8,363.7306695894642,3.0,0,0,168,151.4,4,0,0,0,0,0,5792,0.0,0
323,2,0.0,0.0,0.0,0.0,0.0,4.0,0,0,64,0.0,0,0,0,0,0,0,5792,0.0,0
342,2,0.0,0.0,0.0,0.0,0.0,4.0,0,0,64,0.0,0,0,0,0,0,0,5792,0.0,0
364,2,0.0,0.0,0.0,0.0,0.0,2.0,0,0,64,0.0,0,0,0,0,0,0,8688,0.0,0
1099,2,45.0,0.0,61.0,61.0,0.0,1.0,0,0,16,51.4,0,0,0,0,0,0,0,0.0,0
1155440,317,0.0,32.114640854601305,1448.0,1195.854889589905,52623.63431423052,1.0,0,0,10152,798.7268907563024,4,0,0,0,0,0,27512,0.0,0
1005310,15,0.0,116.7156607081734,1448.0,614.9333333333334,301226.74294506275,1.0,0,0,488,363.28571428571433,4,0,0,0,0,0,8688,0.0,0
330,2,0.0,0.0,0.0,0.0,0.0,5.0,0,0,64,0.0,0,0,0,0,0,0,14480,0.0,0
3554,9,0.0,65.29726895769328,776.0,180.88888888888889,348.3238834443854,2.0,0,0,296,103.0,4,0,0,0,0,0,10136,0.0,0
376,2,0.0,0.0,0.0,0.0,0.0,1.0,0,0,64,0.0,0,0,0,0,0,0,8688,0.0,0
5005,4,114.0,0.0,52.0,50.0,2272.1646800646586,9.0,0,0,32,85.55555555555556,0,0,0,0,0,0,0,0.0,0
355,2,0.0,0.0,0.0,0.0,0.0,2.0,0,0,64,0.0,0,0,0,0,0,0,14480,0.0,0
61123,4,88.0,18.475208614068023,72.0,48.0,10992.749307308584,4.0,0,0,32,77.33333333333333,0,0,0,0,0,0,0,0.0,0
24295,2,0.0,0.0,0.0,0.0,5222.69068584384,4.0,0,0,40,0.0,0,0,0,0,0,0,16383,0.0,1
4927674,855,0.0,19.85554977461813,1448.0,1228.261988304093,141216.6544265816,1.0,0,0,27368,809.2461538461541,4,0,0,0,1856,1050164,59368,0.0,0
62749,2,0.0,0.0,0.0,0.0,10684.383463728733,8.0,0,0,40,0.0,0,0,0,0,0,0,16383,0.0,1
365,2,0.0,0.0,0.0,0.0,0.0,4.0,0,0,64,0.0,0,0,0,0,0,0,65160,0.0,0
4603,4,114.0,0.0,52.0,50.0,2074.1309023299373,3.0,0,0,32,85.55555555555556,0,0,0,0,0,0,0,0.0,0
312,2,0.0,0.0,0.0,0.0,0.0,4.0,0,0,64,0.0,0,0,0,0,0,0,5792,0.0,0
67475,47,0.0,19.65548687392932,1300.0,632.3829787234044,2093.1574810329107,1.0,0,0,1512,321.0212765957446,4,0,0,0,0,0,14480,0.0,0
22422,59,0.0,18.32713418813508,1300.0,725.4915254237287,548.7952703393745,0.0,0,0,1896,366.728813559322,4,0,0,0,0,0,14480,0.0,0
987,2,37.0,0.0,53.0,53.0,0.0,2.0,0,0,16,43.4,0,0,0,0,0,0,0,0.0,0
20988,2,0.0,0.0,0.0,0.0,4042.529468043492,7.0,0,0,40,0.0,0,0,0,0,0,0,16383,0.0,1
1742,4,88.0,13.856406460551018,72.0,48.0,758.9284112044649,2.0,0,0,32,75.55555555555556,0,0,0,0,0,0,0,0.0,0
6112,15,0.0,268.47718711279737,192.0,100.8,327.60635495900226,3.0,0,0,488,143.75,4,0,0,0,0,0,14480,0.0,0
388,2,0.0,0.0,0.0,0.0,0.0,5.0,0,0,64,0.0,0,0,0,0,0,0,8688,0.0,0
337,2,0.0,0.0,0.0,0.0,0.0,3.0,0,0,64,0.0,0,0,0,0,0,0,14480,0.0,0
21135,55,0.0,18.865591749571376,1300.0,714.3272727272728,512.1450145858759,0.0,0,0,1768,361.4363636363637,4,0,0,0,0,0,14480,0.0,0
1044,2,45.0,0.0,61.0,61.0,0.0,7.0,0,0,16,51.4,0,0,0,0,0,0,0,0.0,0
303,2,0.0,0.0,0.0,0.0,0.0,4.0,0,0,64,0.0,0,0,0,0,0,0,5792,0.0,0
50496,59,0.0,18.83709254785309,1300.0,740.6779661016948,1654.4231128904614,1.0,0,0,1896,374.457627118644,4,0,0,0,0,0,14480,0.0,0
309,2,0.0,0.0,0.0,0.0,0.0,2.0,0,0,64,0.0,0,0,0,0,0,0,10136,0.0,0
1464557,7,0.0,705.752896922961,59.0,24.0,294148.4758843583,2.0,0,0,156,311.6,4,0,0,0,0,0,16383,0.0,1
338,2,0.0,0.0,0.0,0.0,0.0,2.0,0,0,64,0.0,0,0,0,0,0,0,14480,0.0,0
328,2,0.0,0.0,0.0,0.0,0.0,2.0,0,0,64,0.0,0,0,0,0,0,0,8688,0.0,0
313,2,0.0,0.0,0.0,0.0,0.0,2.0,0,0,64,0.0,0,0,0,0,0,0,14480,0.0,0
43497,95,0.0,15.305237207431617,1300.0,943.0105263157895,600.6484704771078,0.0,0,0,3048,474.0631578947368,4,0,0,0,0,0,14480,0.0,0
96448,2,0.0,0.0,0.0,0.0,50923.70906071159,8.0,0,0,40,0.0,0,0,0,0,0,0,16383,0.0,1
63465,2,0.0,0.0,0.0,0.0,9878.988839957256,2.0,0,0,40,0.0,0,0,0,0,0,0,16383,0.0,1
531302,3,0.0,100.18116922189851,0.0,0.0,81407.13334100397,7.0,0,0,76,38.8,4,0,0,0,0,0,16383,0.0,1
347,2,0.0,0.0,0.0,0.0,0.0,4.0,0,0,64,0.0,0,0,0,0,0,0,14480,0.0,0
415,2,0.0,0.0,0.0,0.0,0.0,6.0,0,0,64,0.0,0,0,0,0,0,0,14480,0.0,0
344,2,0.0,0.0,0.0,0.0,0.0,2.0,0,0,64,0.0,0,0,0,0,0,0,10136,0.0,0
319,2,0.0,0.0,0.0,0.0,0.0,2.0,0,0,64,0.0,0,0,0,0,0,0,14480,0.0,0
336,2,0.0,0.0,0.0,0.0,0.0,2.0,0,0,64,0.0,0,0,0,0,0,0,47784,0.0,0
9,0,24.0,0.0,0.0,0.0,0.0,0.0,0,0,0,24.0,0,0,0,0,0,0,0,0.0,1
139911,21,0.0,80.76372296624533,1045.0,145.52380952380955,12530.79297066567,1.0,0,0,680,91.04761904761908,4,0,0,0,0,0,13032,0.0,0
4135790,23,0.0,166.09084107103777,848.0,183.3913043478261,685721.2057868933,2.0,0,0,744,118.37735849056604,4,0,0,0,2056,4218,14480,0.0,0
964,2,37.0,0.0,53.0,53.0,0.0,7.0,0,0,16,43.4,0,0,0,0,0,0,0,0.0,0
56383,17,0.0,234.42411707558304,192.0,88.94117647058823,302.61035767373954,2.0,0,0,552,129.1764705882353,4,0,0,0,0,0,14480,0.0,0
385698,23,0.0,166.09084107103777,848.0,183.3913043478261,25127.432579283843,2.0,0,0,744,118.37735849056604,4,0,0,0,0,0,14480,0.0,0
152482,41,0.0,20.70123246671622,1300.0,537.0731707317075,5524.446943209799,1.0,0,0,1320,274.07317073170736,4,0,0,0,0,0,14480,0.0,0
58009,2,0.0,0.0,0.0,0.0,22665.600764153594,6.0,0,0,40,0.0,0,0,0,0,0,0,16383,0.0,1
2865540,283,0.0,55.90414023547056,1460.0,1261.0106007067136,79555.41585313484,1.0,0,0,5676,1079.8006042296072,4,0,0,0,0,0,16383,0.0,1
508374,15,0.0,99.13316607162618,277.0,46.66666666666666,64565.29376848104,1.0,0,0,488,46.66666666666666,4,0,0,0,0,0,10136,0.0,0
322,2,0.0,0.0,0.0,0.0,0.0,3.0,0,0,64,0.0,0,0,0,0,0,0,14480,0.0,0
1363,2,45.0,0.0,61.0,61.0,0.0,3.0,0,0,16,51.4,0,0,0,0,0,0,0,0.0,0
53483,77,0.0,16.80879051557521,1300.0,823.8441558441557,1054.5625117417983,1.0,0,0,2472,415.0779220779221,4,0,0,0,0,0,14480,0.0,0
24765755,855,0.0,19.48089121417741,1448.0,1228.261988304093,606740.5453868704,0.0,0,0,27368,798.1942336874062,4,0,0,0,928,525082,59368,765998.0,0
324,2,0.0,0.0,0.0,0.0,0.0,4.0,0,0,64,0.0,0,0,0,0,0,0,10136,0.0,0
45122,61,0.0,18.83709254785309,1300.0,755.9016393442624,1296.997998560783,1.0,0,0,1960,388.30000000000007,4,0,0,0,0,0,14480,0.0,0
214816,5,0.0,718.7496213437738,0.0,0.0,54859.33014183742,4.0,0,0,168,481.88235294117646,4,0,0,0,0,0,10136,0.0,0
296022,3,0.0,559.7751929718454,0.0,0.0,45186.71831744368,2.0,0,0,76,216.8,4,0,0,0,0,0,16383,0.0,1
970,2,37.0,0.0,53.0,53.0,0.0,3.0,0,0,16,43.4,0,0,0,0,0,0,0,0.0,0
355,2,0.0,0.0,0.0,0.0,0.0,3.0,0,0,64,0.0,0,0,0,0,0,0,34752,0.0,0
297438,53,0.0,19.681667209175394,1300.0,712.6415094339625,10807.16547601092,1.0,0,0,1704,360.90566037735846,4,0,0,0,0,0,14480,0.0,0
223601,5,0.0,718.7496213437738,0.0,0.0,55559.82206155012,2.0,0,0,168,481.88235294117646,4,0,0,0,0,0,10136,0.0,0
326,2,0.0,0.0,0.0,0.0,0.0,5.0,0,0,64,0.0,0,0,0,0,0,0,14480,0.0,0
839,5,0.0,0.0,0.0,0.0,0.0,1.0,0,0,160,0.0,0,0,0,0,0,0,10136,0.0,0
59151,2,0.0,0.0,0.0,0.0,30906.93029888281,6.0,0,0,40,0.0,0,0,0,0,0,0,16383,0.0,1
49648,5,0.0,0.0,732.0,292.8,388.8457277635952,5.0,0,0,168,146.4,4,0,0,0,0,0,5792,0.0,0
1009,2,38.0,0.0,54.0,54.0,0.0,6.0,0,0,16,44.4,0,0,0,0,0,0,0,0.0,0
214888,19,0.0,82.62050362378348,381.0,45.78947368421053,16014.842009096306,1.0,0,0,616,43.21951219512196,4,0,0,0,0,0,13032,0.0,0
1183,2,45.0,0.0,61.0,61.0,0.0,9.0,0,0,16,51.4,0,0,0,0,0,0,0,0.0,0
65272,47,0.0,20.08417070838321,1300.0,612.595744680851,2033.544579935699,1.0,0,0,1512,311.2978723404256,4,0,0,0,0,0,14480,0.0,0
339,2,0.0,0.0,0.0,0.0,0.0,2.0,0,0,64,0.0,0,0,0,0,0,0,14480,0.0,0
355,2,0.0,0.0,0.0,0.0,0.0,2.0,0,0,64,0.0,0,0,0,0,0,0,13032,0.0,0
9508,35,0.0,21.883828750570903,1300.0,423.9428571428572,404.7317878246748,1.0,0,0,1128,218.45714285714288,4,0,0,0,0,0,14480,0.0,0
536345,5,0.0,718.7496213437738,0.0,0.0,120359.58586673148,3.0,0,0,168,481.88235294117646,4,0,0,0,0,0,10136,0.0,0
345,2,0.0,0.0,0.0,0.0,0.0,3.0,0,0,64,0.0,0,0,0,0,0,0,8688,0.0,0
339,2,0.0,0.0,0.0,0.0,0.0,3.0,0,0,64,0.0,0,0,0,0,0,0,31856,0.0,0
13423,43,0.0,20.337683508684545,1300.0,558.2790697674418,460.5447596159967,1.0,0,0,1384,284.4186046511628,4,0,0,0,0,0,14480,0.0,0
27439,37,0.0,21.474606635715823,1300.0,468.1081081081081,1554.7803017000897,1.0,0,0,1192,240.1891891891892,4,0,0,0,0,0,14480,0.0,0
321,2,0.0,0.0,0.0,0.0,0.0,2.0,0,0,64,0.0,0,0,0,0,0,0,10136,0.0,0
316,2,0.0,0.0,0.0,0.0,0.0,4.0,0,0,64,0.0,0,0,0,0,0,0,14480,0.0,0
74509,33,0.0,21.883828750570903,1300.0,347.81818181818176,3218.974249322761,1.0,0,0,1064,175.4705882352941,4,0,0,0,0,0,14480,0.0,0
237940,21,0.0,296.3423340452194,192.0,72.0,11902.501407942866,2.0,0,0,680,116.76190476190474,4,0,0,0,0,0,14480,0.0,0
1201,2,45.0,0.0,61.0,61.0,0.0,8.0,0,0,16,51.4,0,0,0,0,0,0,0,0.0,0
314,2,0.0,0.0,0.0,0.0,0.0,2.0,0,0,64,0.0,0,0,0,0,0,0,14480,0.0,0
836229,7,0.0,17.524585904126553,45.0,18.28571428571429,115437.40836704538,2.0,0,0,156,16.555555555555557,4,0,0,0,0,0,16383,0.0,1
229702,3,0.0,136.32901378650106,0.0,0.0,41829.91071828865,4.0,0,0,76,52.8,4,0,0,0,0,0,16383,0.0,1
11559024,1243,0.0,16.792173556594292,1448.0,1237.5446500402238,253748.07929283087,1.0,0,0,39784,814.2885835095133,4,0,0,0,1183,769134,65160,5489080.0,0
314,2,0.0,0.0,0.0,0.0,0.0,2.0,0,0,64,0.0,0,0,0,0,0,0,14480,0.0,0
117704,23,0.0,166.09084107103777,848.0,183.3913043478261,11539.754668687374,2.0,0,0,744,118.37735849056604,4,0,0,0,0,0,14480,0.0,0
366,2,0.0,0.0,0.0,0.0,0.0,3.0,0,0,64,0.0,0,0,0,0,0,0,5792,0.0,0
2876127,27,0.0,638.5429644591799,129.0,36.44444444444444,84699.56876309458,1.0,0,0,556,810.9915966386556,4,0,0,0,0,0,16383,0.0,1
473378,3,0.0,80.55805360111427,0.0,0.0,99768.93737882547,2.0,0,0,76,31.2,4,0,0,0,0,0,16383,0.0,1
353,2,0.0,0.0,0.0,0.0,0.0,2.0,0,0,64,0.0,0,0,0,0,0,0,14480,0.0,0
2945,9,0.0,0.0,1448.0,910.2222222222222,964.3206416954891,2.0,0,0,296,512.0,4,0,0,0,0,0,5792,0.0,0
58036,2,0.0,0.0,0.0,0.0,25438.87355996724,2.0,0,0,40,0.0,0,0,0,0,0,0,16383,0.0,1
588889,3,0.0,26.837252006084658,0.0,0.0,108101.27682810536,3.0,0,0,76,10.0,4,0,0,0,0,0,16383,0.0,1
1011390,15,0.0,116.7156607081734,1448.0,614.9333333333334,301393.99397360865,3.0,0,0,488,363.28571428571433,4,0,0,0,948,9224,8688,0.0,0
350,2,0.0,0.0,0.0,0.0,0.0,2.0,0,0,64,0.0,0,0,0,0,0,0,8688,0.0,0
124395,4,114.0,0.0,52.0,50.0,62967.84110162901,3.0,0,0,32,85.55555555555556,0,0,0,0,0,0,0,0.0,0
36129,83,0.0,16.26082202818231,1300.0,883.6144578313251,555.5550480553237,1.0,0,0,2664,444.7349397590361,4,0,0,0,0,0,14480,0.0,0
388,2,0.0,0.0,0.0,0.0,0.0,2.0,0,0,64,0.0,0,0,0,0,0,0,14480,0.0,0
90383,2,0.0,0.0,0.0,0.0,47421.40917349462,9.0,0,0,40,0.0,0,0,0,0,0,0,16383,0.0,1
8375,2,0.0,0.0,0.0,0.0,2309.410747355264,3.0,0,0,40,0.0,0,0,0,0,0,0,16383,0.0,1
29452,67,0.0,17.594388309912908,1300.0,808.7761194029853,687.0841012656175,0.0,0,0,2152,414.0757575757576,4,0,0,0,0,0,14480,0.0,0
1810,4,88.0,25.40341184434353,72.0,48.0,795.3014103680022,2.0,0,0,32,80.0,0,0,0,0,0,0,0,0.0,0
405842,5,0.0,94.17435703953346,523.0,209.2,86917.8244222668,6.0,0,0,116,110.15384615384616,4,0,0,0,0,0,16383,0.0,1
3666729,19,0.0,15.314633906688936,104.0,39.15789473684212,280039.46803347307,2.0,0,0,396,25.538461538461537,4,0,0,0,252,744,16383,0.0,1
346,2,0.0,0.0,0.0,0.0,0.0,2.0,0,0,64,0.0,0,0,0,0,0,0,10136,0.0,0
312686,3,0.0,142.52578714043293,0.0,0.0,62677.54719754117,8.0,0,0,76,55.2,4,0,0,0,0,0,16383,0.0,1
184,3,0.0,0.0,0.0,0.0,0.0,3.0,0,0,96,0.0,0,0,0,0,0,0,10136,0.0,0
29467,59,0.0,18.32713418813508,1300.0,729.4576271186442,650.1858453232019,1.0,0,0,1896,368.7118644067796,4,0,0,0,0,0,14480,0.0,0
296,2,0.0,0.0,0.0,0.0,0.0,2.0,0,0,64,0.0,0,0,0,0,0,0,14480,0.0,0
168824,5,0.0,0.0,734.0,293.6,402.7021231630149,4.0,0,0,168,146.8,4,0,0,0,0,0,5792,0.0,0
4849,4,114.0,0.0,52.0,50.0,2170.837242478886,8.0,0,0,32,85.55555555555556,0,0,0,0,0,0,0,0.0,0
4668,15,0.0,325.4858931914971,192.0,100.8,328.0196422690046,2.0,0,0,488,154.5,4,0,0,0,0,0,14480,0.0,0
321,2,0.0,0.0,0.0,0.0,0.0,2.0,0,0,64,0.0,0,0,0,0,0,0,14480,0.0,0
299,2,0.0,0.0,0.0,0.0,0.0,2.0,0,0,64,0.0,0,0,0,0,0,0,10136,0.0,0
960,2,45.0,0.0,61.0,61.0,0.0,4.0,0,0,16,51.4,0,0,0,0,0,0,0,0.0,0
2431,4,88.0,16.165807537309526,72.0,48.0,700.6161573929052,5.0,0,0,32,76.44444444444444,0,0,0,0,0,0,0,0.0,0
1005273,15,0.0,116.7156607081734,1448.0,614.9333333333334,301224.4353197312,2.0,0,0,488,363.28571428571433,4,0,0,0,0,0,8688,0.0,0
393,2,0.0,0.0,0.0,0.0,0.0,2.0,0,0,64,0.0,0,0,0,0,0,0,30408,0.0,0
20291,15,0.0,99.13316607162618,277.0,46.66666666666666,2351.939927608042,1.0,0,0,488,46.66666666666666,4,0,0,0,0,0,10136,0.0,0
13554,41,0.0,20.70123246671622,1300.0,546.2926829268293,441.72161499659,0.0,0,0,1320,278.68292682926824,4,0,0,0,0,0,14480,0.0,0
45106,2,0.0,0.0,0.0,0.0,12578.722530527491,9.0,0,0,40,0.0,0,0,0,0,0,0,16383,0.0,1
19465,43,0.0,20.774325260080392,1300.0,552.5581395348836,883.7432940374131,1.0,0,0,1384,281.74418604651163,4,0,0,0,0,0,14480,0.0,0
3441,7,0.0,160.0833116432399,148.0,42.285714285714285,268.9250825044031,4.0,0,0,232,65.42857142857143,4,0,0,0,0,0,7240,0.0,0
46600,2,0.0,0.0,0.0,0.0,17801.413216371333,3.0,0,0,40,0.0,0,0,0,0,0,0,16383,0.0,1
2389096,71,0.0,6.178955185101053,1460.0,1016.5915492957744,115341.54785713604,1.0,0,0,1436,730.2222222222222,4,0,0,0,0,0,16383,0.0,1
10,0,1035.0,0.0,0.0,0.0,0.0,0.0,0,0,0,1035.0,0,0,0,0,0,0,0,0.0,1
1004,2,37.0,0.0,53.0,53.0,0.0,7.0,0,0,16,43.4,0,0,0,0,0,0,0,0.0,0
647928,5,0.0,0.0,741.0,296.4,340.92570060547405,6.0,0,0,168,148.20000000000002,4,0,0,0,0,0,5792,0.0,0
286627,435,0.0,27.10925054466486,1448.0,1207.8896551724142,1869.962207707409,1.0,0,0,13928,795.6344410876139,4,0,0,0,0,0,34752,0.0,0
2762569,33,0.0,81.23779260521806,1460.0,1189.636363636364,512708.2920627084,2.0,0,0,676,777.7735849056603,4,0,0,0,1964,39258,16383,0.0,1
313,2,0.0,0.0,0.0,0.0,0.0,1.0,0,0,64,0.0,0,0,0,0,0,0,14480,0.0,0
1041157,7,0.0,90.7587067842136,419.0,119.71428571428572,254416.82688821244,4.0,0,0,156,80.66666666666666,4,0,0,0,0,0,16383,0.0,1
8815,23,0.0,80.76372296624533,1045.0,132.8695652173913,413.2937162677806,1.0,0,0,744,86.90909090909092,4,0,0,0,0,0,13032,0.0,0
321,2,0.0,0.0,0.0,0.0,0.0,4.0,0,0,64,0.0,0,0,0,0,0,0,14480,0.0,0
26594,39,0.0,20.70123246671622,1300.0,537.4871794871796,1035.4548844897906,1.0,0,0,1256,267.69999999999993,4,0,0,0,0,0,14480,0.0,0
1030312,435,0.0,26.88165599245897,1448.0,1207.8896551724142,27982.88658747975,0.0,0,0,13928,790.8558558558557,4,0,0,0,0,0,34752,0.0,0
10,0,24.0,0.0,0.0,0.0,0.0,0.0,0,0,0,24.0,0,0,0,0,0,0,0,0.0,1
3404172,51,0.0,6.658307684726639,54.0,18.15686274509805,123776.754888466,2.0,0,0,1640,11.254901960784316,4,0,0,0,0,0,20272,0.0,0
36503,47,0.0,20.08417070838321,1300.0,654.5957446808511,1408.0533438729938,1.0,0,0,1512,332.29787234042567,4,0,0,0,0,0,14480,0.0,0
316,2,0.0,0.0,0.0,0.0,0.0,3.0,0,0,64,0.0,0,0,0,0,0,0,14480,0.0,0
122354,37,0.0,720.2172846737692,287.0,32.108108108108105,10547.758590808096,1.0,0,0,1192,407.2272727272726,4,0,0,0,0,0,30408,0.0,0
389311,3,0.0,629.9992945322329,0.0,0.0,68416.17258563839,8.0,0,0,76,244.30769230769232,4,0,0,0,0,0,16383,0.0,1
346,2,0.0,0.0,0.0,0.0,0.0,2.0,0,0,64,0.0,0,0,0,0,0,0,47784,0.0,0
1053,2,37.0,0.0,53.0,53.0,0.0,8.0,0,0,16,43.4,0,0,0,0,0,0,0,0.0,0
320,2,0.0,0.0,0.0,0.0,0.0,3.0,0,0,64,0.0,0,0,0,0,0,0,14480,0.0,0
10,0,524.0,0.0,0.0,0.0,0.0,0.0,0,0,0,524.0,0,0,0,0,0,0,0,0.0,1
21521,4,114.0,0.0,52.0,52.0,11846.36176216141,2.0,0,0,32,86.44444444444444,0,0,0,0,0,0,0,0.0,0
976260,9,0.0,655.37767207018,213.0,47.333333333333336,82799.43827454111,6.0,0,0,196,772.7272727272726,4,0,0,0,0,0,16383,0.0,1
1047,2,37.0,0.0,53.0,53.0,0.0,7.0,0,0,16,43.4,0,0,0,0,0,0,0,0.0,0
5828,23,0.0,166.09084107103777,848.0,183.3913043478261,294.1890364263072,1.0,0,0,744,118.37735849056608,4,0,0,0,0,0,14480,0.0,0
174543,59,0.0,18.83709254785309,1300.0,719.7288135593219,4846.929136397411,1.0,0,0,1896,363.9830508474576,4,0,0,0,0,0,14480,0.0,0
55584,2,0.0,0.0,0.0,0.0,38613.68710703499,1.0,0,0,40,0.0,0,0,0,0,0,0,16383,0.0,1
97156,2,0.0,0.0,0.0,0.0,40784.50492527769,8.0,0,0,40,0.0,0,0,0,0,0,0,16383,0.0,1
1015,2,45.0,0.0,61.0,61.0,0.0,2.0,0,0,16,51.4,0,0,0,0,0,0,0,0.0,0
5724,9,0.0,62.487687676142336,777.0,181.11111111111111,381.827004166954,5.0,0,0,296,101.7,4,0,0,0,0,0,10136,0.0,0
1710986,51,0.0,6.658307684726639,54.0,18.11764705882353,75492.43388522432,2.0,0,0,1640,11.23529411764706,4,0,0,0,0,0,20272,0.0,0
50344,39,0.0,21.523615004105377,1329.0,547.1794871794872,2020.072576224234,1.0,0,0,1256,279.61538461538464,4,0,0,0,0,0,14480,0.0,0
1079,2,45.0,0.0,61.0,61.0,0.0,9.0,0,0,16,51.4,0,0,0,0,0,0,0,0.0,0
309,2,0.0,0.0,0.0,0.0,0.0,1.0,0,0,64,0.0,0,0,0,0,0,0,14480,0.0,0
4388,13,0.0,35.452381373177744,458.0,76.30769230769229,378.9173259027371,2.0,0,0,424,39.696969696969695,4,0,0,0,0,0,11584,0.0,0
353789,27,0.0,250.6918918022372,192.0,55.99999999999999,13239.215928067642,1.0,0,0,872,88.2962962962963,4,0,0,0,0,0,14480,0.0,0
3410,2,45.0,0.0,61.0,61.0,0.0,2.0,0,0,16,51.4,0,0,0,0,0,0,0,0.0,0
1067,2,38.0,0.0,54.0,54.0,0.0,6.0,0,0,16,44.4,0,0,0,0,0,0,0,0.0,0
349,2,0.0,0.0,0.0,0.0,0.0,4.0,0,0,64,0.0,0,0,0,0,0,0,14480,0.0,0
119412,83,0.0,16.26082202818231,1300.0,943.3975903614456,2158.41916109916,1.0,0,0,2664,474.6265060240962,4,0,0,0,0,0,14480,0.0,0
38445,123,0.0,27.09241369003177,1448.0,69.51219512195121,632.2049386558942,1.0,0,0,3944,41.008196721311485,4,0,0,0,0,0,47784,0.0,0
156,2,0.0,0.0,0.0,0.0,0.0,3.0,0,0,64,0.0,0,0,0,0,0,0,5792,0.0,0
300,2,0.0,0.0,0.0,0.0,0.0,3.0,0,0,64,0.0,0,0,0,0,0,0,14480,0.0,0
3975,9,0.0,0.0,1448.0,910.2222222222222,1399.0383482949994,2.0,0,0,296,512.0,4,0,0,0,0,0,5792,0.0,0
358,2,0.0,0.0,0.0,0.0,0.0,4.0,0,0,64,0.0,0,0,0,0,0,0,13032,0.0,0
317,2,0.0,0.0,0.0,0.0,0.0,2.0,0,0,64,0.0,0,0,0,0,0,0,14480,0.0,0
1296,2,45.0,0.0,61.0,61.0,0.0,3.0,0,0,16,51.4,0,0,0,0,0,0,0,0.0,0
1053,2,45.0,0.0,61.0,61.0,0.0,9.0,0,0,16,51.4,0,0,0,0,0,0,0,0.0,0
394,2,0.0,0.0,0.0,0.0,0.0,5.0,0,0,64,0.0,0,0,0,0,0,0,30408,0.0,0
621871,3,0.0,118.2550915041998,0.0,0.0,82225.75213520396,2.0,0,0,76,45.8,4,0,0,0,0,0,16383,0.0,1
147490,83,0.0,16.26082202818231,1300.0,892.4819277108433,2564.5082254248287,1.0,0,0,2664,449.1686746987952,4,0,0,0,0,0,14480,0.0,0
401,2,0.0,0.0,0.0,0.0,0.0,5.0,0,0,64,0.0,0,0,0,0,0,0,8688,0.0,0
307,2,0.0,0.0,0.0,0.0,0.0,2.0,0,0,64,0.0,0,0,0,0,0,0,20272,0.0,0
307,2,0.0,0.0,0.0,0.0,0.0,2.0,0,0,64,0.0,0,0,0,0,0,0,14480,0.0,0
390,2,0.0,0.0,0.0,0.0,0.0,21.0,0,0,64,0.0,0,0,0,0,0,0,14480,0.0,0
1105,2,45.0,0.0,61.0,61.0,0.0,10.0,0,0,16,51.4,0,0,0,0,0,0,0,0.0,0
1,0,56.0,0.0,0.0,0.0,0.0,0.0,0,0,0,56.0,0,0,0,0,0,0,0,0.0,1
2613248,39,0.0,574.7933338132977,135.0,26.0,46611.80523596026,1.0,0,0,796,930.2995169082124,4,0,0,0,0,0,16383,0.0,1
60725,2,0.0,0.0,0.0,0.0,42486.510947593706,6.0,0,0,40,0.0,0,0,0,0,0,0,16383,0.0,0
186698,3,0.0,103.27955589886446,0.0,0.0,35156.5702152528,9.0,0,0,76,40.0,4,0,0,0,0,0,16383,0.0,1
10,0,684.0,0.0,0.0,0.0,0.0,0.0,0,0,0,684.0,0,0,0,0,0,0,0,0.0,1
317,2,0.0,0.0,0.0,0.0,0.0,5.0,0,0,64,0.0,0,0,0,0,0,0,14480,0.0,0
243499,89,0.0,15.605242564779886,1300.0,903.0561797752812,4091.841052063533,1.0,0,0,2856,449.2111111111113,4,0,0,0,0,0,14480,0.0,0
1003,2,45.0,0.0,61.0,61.0,0.0,5.0,0,0,16,51.4,0,0,0,0,0,0,0,0.0,0
117,2,0.0,0.0,0.0,0.0,0.0,3.0,0,0,64,0.0,0,0,0,0,0,0,28960,0.0,0
13426,41,0.0,20.70123246671622,1300.0,551.9024390243903,480.6292574645286,1.0,0,0,1320,281.4878048780488,4,0,0,0,0,0,14480,0.0,0
328,2,0.0,0.0,0.0,0.0,0.0,4.0,0,0,64,0.0,0,0,0,0,0,0,14480,0.0,0
2207662,31,0.0,591.451496563844,120.0,30.0,54465.02912545574,1.0,0,0,636,884.3586206896548,4,0,0,0,0,0,16383,0.0,1
293025,373,0.0,28.84082631574533,1448.0,1207.7801608579086,2148.097510951129,1.0,0,0,11944,789.6468531468524,4,0,0,0,0,0,30408,0.0,0
312,2,0.0,0.0,0.0,0.0,0.0,4.0,0,0,64,0.0,0,0,0,0,0,0,14480,0.0,0
1599,4,88.0,16.165807537309526,72.0,48.0,699.4600298325369,2.0,0,0,32,76.44444444444444,0,0,0,0,0,0,0,0.0,0
61208,83,0.0,16.26082202818231,1300.0,943.3975903614456,1244.9433872050886,1.0,0,0,2664,474.6265060240962,4,0,0,0,0,0,14480,0.0,0
45441,59,0.0,18.83709254785309,1300.0,781.5254237288134,1311.4051934675392,0.0,0,0,1896,394.88135593220335,4,0,0,0,0,0,14480,0.0,0
329,2,0.0,0.0,0.0,0.0,0.0,6.0,0,0,64,0.0,0,0,0,0,0,0,7240,0.0,0
46178,35,0.0,21.883828750570903,1300.0,410.8571428571428,2790.25681484752,1.0,0,0,1128,211.9142857142857,4,0,0,0,0,0,14480,0.0,0
342,2,0.0,0.0,0.0,0.0,0.0,3.0,0,0,64,0.0,0,0,0,0,0,0,27512,0.0,0
133,2,0.0,0.0,0.0,0.0,0.0,4.0,0,0,64,0.0,0,0,0,0,0,0,10136,0.0,0
52501,61,0.0,17.594388309912908,1300.0,784.8196721311474,1417.6568866023545,1.0,0,0,1960,383.6825396825395,4,0,0,0,0,0,14480,0.0,0
235180,5,0.0,718.7496213437738,0.0,0.0,56216.39442853343,2.0,0,0,168,481.88235294117646,4,0,0,0,0,0,10136,0.0,0
5782,15,0.0,250.0901170911531,192.0,100.8,509.84342134199824,2.0,0,0,488,140.25,4,0,0,0,0,0,14480,0.0,0
326,2,0.0,0.0,0.0,0.0,0.0,5.0,0,0,64,0.0,0,0,0,0,0,0,20272,0.0,0
352,2,0.0,0.0,0.0,0.0,0.0,2.0,0,0,64,0.0,0,0,0,0,0,0,5792,0.0,0
363,2,0.0,0.0,0.0,0.0,0.0,2.0,0,0,64,0.0,0,0,0,0,0,0,14480,0.0,0
342,2,0.0,0.0,0.0,0.0,0.0,2.0,0,0,64,0.0,0,0,0,0,0,0,30408,0.0,0
1062297,15,0.0,122.41532220727564,1448.0,614.9333333333334,331401.28957143653,2.0,0,0,488,391.2307692307692,4,0,0,0,948,9224,8688,0.0,0
726452,3,0.0,13.9427400463467,0.0,0.0,181974.06899555773,12.0,0,0,76,5.4,4,0,0,0,0,0,16383,0.0,1
569,2,0.0,0.0,0.0,0.0,319.8536123499832,3.0,0,0,72,0.0,4,0,0,0,0,0,5792,0.0,0
321,2,0.0,0.0,0.0,0.0,0.0,2.0,0,0,64,0.0,0,0,0,0,0,0,14480,0.0,0
54541,2,0.0,0.0,0.0,0.0,14603.16924506458,8.0,0,0,40,0.0,0,0,0,0,0,0,16383,0.0,1
329137,29,0.0,711.1973382741628,287.0,34.41379310344828,25444.89274692509,2.0,0,0,936,325.5151515151515,4,0,0,0,0,0,30408,0.0,0
5911,9,0.0,0.0,1448.0,910.2222222222222,2106.549500961228,3.0,0,0,296,512.0,4,0,0,0,0,0,5792,0.0,0
126,2,0.0,0.0,0.0,0.0,0.0,3.0,0,0,64,0.0,0,0,0,0,0,0,52128,0.0,0
882658,11,0.0,697.380399195637,45.0,15.454545454545457,70443.09023508072,4.0,0,0,236,658.9268292682927,4,0,0,0,0,0,16383,0.0,1
81650,2,0.0,0.0,0.0,0.0,31901.82954001228,6.0,0,0,40,0.0,0,0,0,0,0,0,16383,0.0,1
114628,67,0.0,17.367976855311046,1300.0,808.7761194029853,2392.9333202160065,1.0,0,0,2152,407.8955223880596,4,0,0,0,0,0,14480,0.0,0
304,2,0.0,0.0,0.0,0.0,0.0,2.0,0,0,64,0.0,0,0,0,0,0,0,10136,0.0,0
311,2,0.0,0.0,0.0,0.0,0.0,3.0,0,0,64,0.0,0,0,0,0,0,0,14480,0.0,0
127,2,0.0,0.0,0.0,0.0,0.0,3.0,0,0,64,0.0,0,0,0,0,0,0,5792,0.0,0
834474,5,0.0,85.39125638299664,434.0,173.6,161183.2109616259,1.0,0,0,116,93.6923076923077,4,0,0,0,0,0,16383,0.0,0
343,2,0.0,0.0,0.0,0.0,0.0,2.0,0,0,64,0.0,0,0,0,0,0,0,30408,0.0,0
434834,5,0.0,0.0,746.0,298.4,332.55375505322445,2.0,0,0,168,149.2,4,0,0,0,0,0,5792,0.0,0
6004638,755,0.0,21.21577774707784,1448.0,1226.071523178808,176549.86201705667,1.0,0,0,24168,813.5122807017536,4,0,0,0,860,462842,53576,0.0,0
18148,15,0.0,99.13316607162618,277.0,46.66666666666666,2227.4451588978427,1.0,0,0,488,46.66666666666666,4,0,0,0,0,0,10136,0.0,0
341,2,0.0,0.0,0.0,0.0,0.0,2.0,0,0,64,0.0,0,0,0,0,0,0,5792,0.0,0
23502,39,0.0,20.337683508684545,1317.0,612.3076923076922,733.0509856490036,1.0,0,0,1256,296.7560975609756,4,0,0,0,0,0,14480,0.0,0
455916,9,0.0,0.0,1448.0,910.2222222222222,126804.0860453637,3.0,0,0,296,512.0,4,0,0,0,0,0,5792,0.0,0
439,2,0.0,0.0,0.0,0.0,0.0,2.0,0,0,64,0.0,0,0,0,0,0,0,5792,0.0,0
193267,3,0.0,322.74861218395137,0.0,0.0,47564.88307039133,7.0,0,0,76,125.0,4,0,0,0,0,0,16383,0.0,1
129,2,0.0,0.0,0.0,0.0,0.0,4.0,0,0,64,0.0,0,0,0,0,0,0,10136,0.0,0
899943,23,0.0,667.6944639901604,130.0,45.04347826086957,35751.35804402237,3.0,0,0,476,690.8148148148149,4,0,0,0,0,0,16383,0.0,1
319,2,0.0,0.0,0.0,0.0,0.0,3.0,0,0,64,0.0,0,0,0,0,0,0,14480,0.0,0
7348569,0,0.0,0.0,0.0,0.0,1299603.7041629269,0.0,0,0,0,0.0,10,0,0,0,0,0,0,0.0,0
309,2,0.0,0.0,0.0,0.0,0.0,2.0,0,0,64,0.0,0,0,0,0,0,0,34752,0.0,0
118874539,0,29.0,0.0,0.0,0.0,1638012.158447205,0.0,0,0,0,29.0,0,0,0,0,59,0,0,7139639.0,1
22767,2,0.0,0.0,0.0,0.0,7731.505545493711,5.0,0,0,40,0.0,0,0,0,0,0,0,16383,0.0,1
35075,39,0.0,21.08021663617728,1300.0,511.1794871794871,2394.226284836712,0.0,0,0,1256,261.41025641025647,4,0,0,0,0,0,14480,0.0,0
1061,2,38.0,0.0,54.0,54.0,0.0,8.0,0,0,16,44.4,0,0,0,0,0,0,0,0.0,0
32288,55,0.0,18.865591749571376,1300.0,702.7636363636362,1036.7047269383472,1.0,0,0,1768,355.65454545454554,4,0,0,0,0,0,14480,0.0,0
352,2,0.0,0.0,0.0,0.0,0.0,2.0,0,0,64,0.0,0,0,0,0,0,0,10136,0.0,0
379,2,0.0,0.0,0.0,0.0,0.0,5.0,0,0,64,0.0,0,0,0,0,0,0,47784,0.0,0
150,3,0.0,0.0,0.0,0.0,8.48528137423857,4.0,0,0,96,0.0,0,0,0,0,0,0,13032,0.0,0
311,2,0.0,0.0,0.0,0.0,0.0,5.0,0,0,64,0.0,0,0,0,0,0,0,14480,0.0,0
311970,9,0.0,0.0,1448.0,910.2222222222222,37546.05057526024,5.0,0,0,296,512.0,4,0,0,0,0,0,5792,0.0,0
310,2,0.0,0.0,0.0,0.0,0.0,2.0,0,0,64,0.0,0,0,0,0,0,0,14480,0.0,0
222302,5,0.0,718.7496213437738,0.0,0.0,55238.66369984383,3.0,0,0,168,481.88235294117646,4,0,0,0,0,0,10136,0.0,0
4514,15,0.0,239.6352784267514,192.0,100.8,327.15893909317447,2.0,0,0,488,138.24999999999997,4,0,0,0,0,0,14480,0.0,0
1088521,15,0.0,122.41532220727564,1448.0,614.9333333333334,355725.5971806077,3.0,0,0,488,391.2307692307692,4,0,0,0,948,9224,8688,0.0,0
1039,2,45.0,0.0,61.0,61.0,0.0,5.0,0,0,16,51.4,0,0,0,0,0,0,0,0.0,0
399864,27,0.0,206.41860381273776,192.0,55.99999999999999,13889.77242134178,2.0,0,0,872,81.92592592592592,4,0,0,0,0,0,14480,0.0,0
1638222,51,0.0,6.733924909059432,54.0,18.11764705882352,73004.42301910515,1.0,0,0,1640,11.46,4,0,0,0,0,0,20272,0.0,0
11,0,504.0,0.0,0.0,0.0,0.0,0.0,0,0,0,504.0,0,0,0,0,0,0,0,0.0,1
437694,5,0.0,718.7496213437738,0.0,0.0,110566.6573329812,6.0,0,0,168,481.88235294117646,4,0,0,0,0,0,10136,0.0,0
381,2,0.0,0.0,0.0,0.0,0.0,2.0,0,0,64,0.0,0,0,0,0,0,0,7240,0.0,0
2022807,435,0.0,26.443113225696,1448.0,1207.8896551724142,49947.91442153908,1.0,0,0,13928,781.4688427299709,4,0,0,0,0,0,34752,0.0,0
363710,7,0.0,555.111614183743,0.0,0.0,36280.21454365082,1.0,0,0,156,948.6511627906976,4,0,0,0,0,0,16383,0.0,1
416551,3,0.0,752.4649663878217,0.0,0.0,74458.61140685048,9.0,0,0,76,519.4117647058823,4,0,0,0,0,0,16383,0.0,0
313,2,0.0,0.0,0.0,0.0,0.0,4.0,0,0,64,0.0,0,0,0,0,0,0,14480,0.0,0
15436,45,0.0,19.989267733569253,1300.0,625.5555555555557,526.8296557306295,1.0,0,0,1448,317.8222222222223,4,0,0,0,0,0,14480,0.0,0
1011288,15,0.0,122.41532220727564,1448.0,614.9333333333334,332790.1125961377,2.0,0,0,488,391.2307692307692,4,0,0,0,0,0,8688,0.0,0
325,2,0.0,0.0,0.0,0.0,0.0,5.0,0,0,64,0.0,0,0,0,0,0,0,14480,0.0,0
14475,43,0.0,20.774325260080392,1300.0,608.3255813953489,491.121229631872,1.0,0,0,1384,309.62790697674416,4,0,0,0,0,0,14480,0.0,0
101127,4,88.0,20.784609690826528,72.0,48.0,45040.24920002109,3.0,0,0,32,78.22222222222223,0,0,0,0,0,0,0,0.0,0
1066,2,45.0,0.0,61.0,61.0,0.0,7.0,0,0,16,51.4,0,0,0,0,0,0,0,0.0,0
1115862,15,0.0,116.7156607081734,1448.0,614.9333333333334,311107.0534170162,2.0,0,0,488,363.28571428571433,4,0,0,0,948,9224,8688,0.0,0
3864,9,0.0,0.0,1448.0,910.2222222222222,1229.3939563866418,3.0,0,0,296,512.0,4,0,0,0,0,0,5792,0.0,0
639480,15,0.0,99.13316607162618,277.0,46.66666666666666,82278.09183549252,1.0,0,0,488,46.66666666666666,4,0,0,0,0,0,10136,0.0,0
268264,5,0.0,171.4042839938039,60.0,24.0,41675.45152096364,7.0,0,0,116,74.28571428571429,4,0,0,0,0,0,16383,0.0,1
99893,2,0.0,0.0,0.0,0.0,25940.212267828498,2.0,0,0,40,0.0,0,0,0,0,0,0,16383,0.0,1
1163,2,37.0,0.0,53.0,53.0,0.0,8.0,0,0,16,43.4,0,0,0,0,0,0,0,0.0,0
351,2,0.0,0.0,0.0,0.0,0.0,2.0,0,0,64,0.0,0,0,0,0,0,0,47784,0.0,0
2407,5,0.0,0.0,722.0,288.8,387.6910281826668,4.0,0,0,168,144.4,4,0,0,0,0,0,5792,0.0,0
45915,5,0.0,0.0,776.0,310.4,362.8677445020431,2.0,0,0,168,155.20000000000002,4,0,0,0,0,0,5792,0.0,0
32982,123,0.0,27.098761173582407,1448.0,66.11382113821139,489.3776419370416,1.0,0,0,3944,39.27868852459015,4,0,0,0,0,0,47784,0.0,0
10921635,743,0.0,17.738863806005913,1448.0,1411.9650067294754,56958.76230280016,1.0,0,0,23784,954.1490909090916,4,0,0,0,0,0,7240,0.0,0
326,2,0.0,0.0,0.0,0.0,0.0,5.0,0,0,64,0.0,0,0,0,0,0,0,14480,0.0,0
4229,5,0.0,718.7496213437738,0.0,0.0,466.6412374024015,2.0,0,0,168,481.88235294117646,4,0,0,0,0,0,10136,0.0,0
989,2,45.0,0.0,61.0,61.0,0.0,7.0,0,0,16,51.4,0,0,0,0,0,0,0,0.0,0
336,2,0.0,0.0,0.0,0.0,0.0,2.0,0,0,64,0.0,0,0,0,0,0,0,5792,0.0,0
537889,3,0.0,51.234753829798,0.0,0.0,124619.95071483005,2.0,0,0,76,19.090909090909093,4,0,0,0,0,0,16383,0.0,1
367,2,0.0,0.0,0.0,0.0,0.0,4.0,0,0,64,0.0,0,0,0,0,0,0,14480,0.0,0
1707256,421,0.0,27.446065454357285,1448.0,1206.7838479809986,74927.63083792978,1.0,0,0,13480,793.3021806853576,4,0,0,0,1244,508056,34752,0.0,0
383,2,0.0,0.0,0.0,0.0,0.0,3.0,0,0,64,0.0,0,0,0,0,0,0,31856,0.0,0
9337,35,0.0,21.883828750570903,1300.0,421.4285714285714,393.3712993682517,1.0,0,0,1128,217.2,4,0,0,0,0,0,14480,0.0,0
1072,2,45.0,0.0,61.0,61.0,0.0,2.0,0,0,16,51.4,0,0,0,0,0,0,0,0.0,0
340,2,0.0,0.0,0.0,0.0,0.0,3.0,0,0,64,0.0,0,0,0,0,0,0,14480,0.0,0
355,2,0.0,0.0,0.0,0.0,0.0,2.0,0,0,64,0.0,0,0,0,0,0,0,13032,0.0,0
4670,15,0.0,280.349781523011,192.0,100.8,328.506722407117,2.0,0,0,488,146.0,4,0,0,0,0,0,14480,0.0,0
71399,2,0.0,0.0,0.0,0.0,49892.74737374161,3.0,0,0,40,0.0,0,0,0,0,0,0,16383,0.0,0
312,2,0.0,0.0,0.0,0.0,0.0,4.0,0,0,64,0.0,0,0,0,0,0,0,14480,0.0,0
24454,45,0.0,19.989267733569253,1300.0,621.4666666666667,968.8823086514268,1.0,0,0,1448,315.7777777777778,4,0,0,0,0,0,14480,0.0,0
166476,3,0.0,115.67310260672818,0.0,0.0,31869.81309640833,7.0,0,0,76,44.8,4,0,0,0,0,0,16383,0.0,1
348,2,0.0,0.0,0.0,0.0,0.0,2.0,0,0,64,0.0,0,0,0,0,0,0,30408,0.0,0
32012,39,0.0,21.08021663617728,1300.0,523.076923076923,1329.6477784416122,1.0,0,0,1256,267.3589743589744,4,0,0,0,0,0,14480,0.0,0
59572,2,0.0,0.0,0.0,0.0,26246.38950408227,2.0,0,0,40,0.0,0,0,0,0,0,0,16383,0.0,1
249875,15,0.0,87.75075181697558,1460.0,1122.0,41187.73099913544,4.0,0,0,316,689.1200000000001,4,0,0,0,0,0,16383,0.0,1
1116532,15,0.0,122.41532220727564,1448.0,614.9333333333334,333048.09585007554,1.0,0,0,488,391.2307692307692,4,0,0,0,948,9224,8688,0.0,0
15098237,743,0.0,18.15024059709488,1448.0,1411.9650067294754,160091.50433730084,1.0,0,0,23784,968.2324723247232,4,0,0,0,118,262272,7240,0.0,0
339,2,0.0,0.0,0.0,0.0,0.0,3.0,0,0,64,0.0,0,0,0,0,0,0,14480,0.0,0
324,2,0.0,0.0,0.0,0.0,0.0,3.0,0,0,64,0.0,0,0,0,0,0,0,14480,0.0,0
91769,2,0.0,0.0,0.0,0.0,47310.39340884834,3.0,0,0,40,0.0,0,0,0,0,0,0,16383,0.0,1
34123,45,0.0,19.760220445550136,1300.0,694.9777777777776,1153.907179903777,1.0,0,0,1448,337.7021276595744,4,0,0,0,0,0,14480,0.0,0
113,2,0.0,0.0,0.0,0.0,0.0,3.0,0,0,64,0.0,0,0,0,0,0,0,10136,0.0,0
323,2,0.0,0.0,0.0,0.0,0.0,2.0,0,0,64,0.0,0,0,0,0,0,0,14480,0.0,0
324021,3,0.0,269.83637017026945,0.0,0.0,64027.780548758674,7.0,0,0,76,100.54545454545452,4,0,0,0,0,0,16383,0.0,1
12971,14,0.0,99.13316607162618,277.0,50.0,1913.68896007095,1.0,0,0,456,48.27586206896552,4,0,0,0,0,0,10136,0.0,0
112688,2,0.0,0.0,0.0,0.0,52492.07190138336,3.0,0,0,40,0.0,0,0,0,0,0,0,16383,0.0,1
1775,4,88.0,18.475208614068023,72.0,48.0,793.8572499721428,2.0,0,0,32,77.33333333333333,0,0,0,0,0,0,0,0.0,0
1048,2,45.0,0.0,61.0,61.0,0.0,4.0,0,0,16,51.4,0,0,0,0,0,0,0,0.0,0
65311,2,0.0,0.0,0.0,0.0,32721.366299407488,7.0,0,0,40,0.0,0,0,0,0,0,0,16383,0.0,1
1929847,23,0.0,681.2235892928259,118.0,40.26086956521738,77418.0703499859,2.0,0,0,476,686.3132530120481,4,0,0,0,0,0,16383,0.0,1
141,2,0.0,0.0,0.0,0.0,0.0,3.0,0,0,64,0.0,0,0,0,0,0,0,5792,0.0,0
659333,5,0.0,30.983866769659336,0.0,0.0,36387.781056283166,4.0,0,0,116,9.999999999999998,4,0,0,0,0,0,16383,0.0,1
374,2,0.0,0.0,0.0,0.0,0.0,2.0,0,0,64,0.0,0,0,0,0,0,0,14480,0.0,0
332,2,0.0,0.0,0.0,0.0,0.0,0.0,0,0,64,0.0,0,0,0,0,0,0,14480,0.0,0
779324,123,0.0,27.087465963521392,1448.0,70.35772357723583,12237.128146978435,0.0,0,0,3944,41.45901639344262,4,0,0,0,0,0,47784,0.0,0
927,2,37.0,0.0,53.0,53.0,0.0,7.0,0,0,16,43.4,0,0,0,0,0,0,0,0.0,0
358,2,0.0,0.0,0.0,0.0,0.0,2.0,0,0,64,0.0,0,0,0,0,0,0,13032,0.0,0
354464,27,0.0,245.49684629025592,192.0,55.99999999999999,13379.449723113928,2.0,0,0,872,87.55555555555554,4,0,0,0,0,0,14480,0.0,0
4083107,679,0.0,44.64332341250518,1448.0,73.75846833578792,16626.7070891766,0.0,0,0,21736,51.15716486902935,4,0,0,0,0,0,65160,0.0,0
1029638,5,0.0,505.5162377873402,0.0,0.0,230186.472668284,8.0,0,0,116,159.38461538461542,4,0,0,0,0,0,16383,0.0,1
771888,123,0.0,27.090154495466344,1448.0,69.17073170731709,12322.546150617482,1.0,0,0,3944,40.84426229508197,4,0,0,0,0,0,47784,0.0,0
363,2,0.0,0.0,0.0,0.0,0.0,5.0,0,0,64,0.0,0,0,0,0,0,0,8688,0.0,0
2,0,773.0,0.0,0.0,0.0,0.0,0.0,0,0,0,773.0,0,0,0,0,0,0,0,0.0,1
341,2,0.0,0.0,0.0,0.0,0.0,5.0,0,0,64,0.0,0,0,0,0,0,0,14480,0.0,0
354,2,0.0,0.0,0.0,0.0,0.0,3.0,0,0,64,0.0,0,0,0,0,0,0,14480,0.0,0
4845,4,114.0,0.0,52.0,52.0,2168.5313002121966,3.0,0,0,32,86.44444444444444,0,0,0,0,0,0,0,0.0,0
16183,15,0.0,99.13316607162618,277.0,46.66666666666666,1916.6137038390364,1.0,0,0,488,46.66666666666666,4,0,0,0,0,0,10136,0.0,0
333,2,0.0,0.0,0.0,0.0,0.0,2.0,0,0,64,0.0,0,0,0,0,0,0,14480,0.0,0
392,2,0.0,0.0,0.0,0.0,0.0,1.0,0,0,64,0.0,0,0,0,0,0,0,10136,0.0,0
1675542,7,0.0,101.00565755017318,587.0,167.71428571428572,414548.6275696334,2.0,0,0,156,105.86666666666666,4,0,0,0,414,1174,16383,0.0,1
236404,63,0.0,17.829381154819387,1300.0,786.7936507936507,6065.404931634776,1.0,0,0,2024,397.1269841269841,4,0,0,0,0,0,14480,0.0,0
17580,33,0.0,22.3064253725967,1300.0,396.1212121212121,986.6138964382984,1.0,0,0,1064,204.939393939394,4,0,0,0,0,0,14480,0.0,0
20763,37,0.0,717.4513849703814,287.0,32.108108108108105,603.3900875794329,1.0,0,0,1192,405.20454545454527,4,0,0,0,0,0,30408,0.0,0
1010,2,0.0,0.0,0.0,0.0,0.0,8.0,0,0,64,0.0,0,0,0,0,0,0,8688,0.0,0
1553,4,88.0,16.165807537309526,72.0,48.0,665.3963730990224,2.0,0,0,32,76.44444444444444,0,0,0,0,0,0,0,0.0,0
1145377,15,0.0,116.7156607081734,1448.0,614.9333333333334,299323.7800898734,4.0,0,0,488,363.28571428571433,4,0,0,0,0,0,8688,0.0,0
5,0,0.0,0.0,0.0,0.0,0.0,0.0,0,0,0,0.0,2,0,0,0,0,0,0,0.0,0
17316,15,0.0,99.13316607162618,277.0,46.66666666666666,2081.043873291504,1.0,0,0,488,46.66666666666666,4,0,0,0,0,0,10136,0.0,0
21144,39,0.0,717.9471255615142,287.0,30.461538461538467,575.8756309716003,2.0,0,0,1256,396.5777777777778,4,0,0,0,0,0,30408,0.0,0
4629,4,114.0,0.0,52.0,50.0,2050.173000830255,3.0,0,0,32,85.55555555555556,0,0,0,0,0,0,0,0.0,0
1120,2,45.0,0.0,61.0,61.0,0.0,7.0,0,0,16,51.4,0,0,0,0,0,0,0,0.0,0
697129,3,0.0,23.2379000772445,0.0,0.0,110111.74343275109,3.0,0,0,76,9.0,4,0,0,0,0,0,16383,0.0,1
2935081,743,0.0,17.738863806005913,1448.0,1411.9650067294754,14448.788245643796,1.0,0,0,23784,954.1490909090916,4,0,0,0,0,0,7240,0.0,0
13168,15,0.0,99.13316607162618,277.0,46.66666666666666,1920.9550409186493,1.0,0,0,488,46.66666666666666,4,0,0,0,0,0,10136,0.0,0
325,2,0.0,0.0,0.0,0.0,0.0,2.0,0,0,64,0.0,0,0,0,0,0,0,14480,0.0,0
1054,2,45.0,0.0,61.0,61.0,0.0,6.0,0,0,16,51.4,0,0,0,0,0,0,0,0.0,0
37823,123,0.0,27.0814519924026,1448.0,69.36585365853654,567.1753805157716,1.0,0,0,3944,40.96721311475409,4,0,0,0,0,0,47784,0.0,0
399,2,0.0,0.0,0.0,0.0,0.0,3.0,0,0,64,0.0,0,0,0,0,0,0,30408,0.0,0
1000,2,45.0,0.0,61.0,61.0,0.0,5.0,0,0,16,51.4,0,0,0,0,0,0,0,0.0,0
10,0,480.0,0.0,0.0,0.0,0.0,0.0,0,0,0,480.0,0,0,0,0,0,0,0,0.0,1
383,2,0.0,0.0,0.0,0.0,0.0,3.0,0,0,64,0.0,0,0,0,0,0,0,59368,0.0,0
313,2,0.0,0.0,0.0,0.0,0.0,2.0,0,0,64,0.0,0,0,0,0,0,0,7240,0.0,0
328,2,0.0,0.0,0.0,0.0,0.0,3.0,0,0,64,0.0,0,0,0,0,0,0,14480,0.0,0
1847891,9,0.0,0.0,1448.0,910.2222222222222,717689.1075174543,3.0,0,0,296,512.0,4,0,0,0,0,8192,5792,0.0,0
132,2,0.0,0.0,0.0,0.0,0.0,4.0,0,0,64,0.0,0,0,0,0,0,0,50680,0.0,0
719690,5,0.0,71.66190460369144,189.0,75.6,121299.88021487433,1.0,0,0,116,65.28571428571428,4,0,0,0,0,0,16383,0.0,1
315,2,0.0,0.0,0.0,0.0,0.0,2.0,0,0,64,0.0,0,0,0,0,0,0,20272,0.0,0
389,2,0.0,0.0,0.0,0.0,0.0,1.0,0,0,64,0.0,0,0,0,0,0,0,30408,0.0,0
313,2,0.0,0.0,0.0,0.0,0.0,2.0,0,0,64,0.0,0,0,0,0,0,0,14480,0.0,0
357,2,0.0,0.0,0.0,0.0,0.0,2.0,0,0,64,0.0,0,0,0,0,0,0,14480,0.0,0
1666,4,88.0,18.475208614068023,72.0,48.0,736.9891451032369,5.0,0,0,32,77.33333333333333,0,0,0,0,0,0,0,0.0,0
1040,2,45.0,0.0,61.0,61.0,0.0,7.0,0,0,16,51.4,0,0,0,0,0,0,0,0.0,0
310,2,0.0,0.0,0.0,0.0,0.0,2.0,0,0,64,0.0,0,0,0,0,0,0,14480,0.0,0
93,2,0.0,0.0,0.0,0.0,0.0,2.0,0,0,64,0.0,0,0,0,0,0,0,14480,0.0,0
29394,67,0.0,17.367976855311046,1300.0,858.0000000000001,577.8179456934377,1.0,0,0,2152,432.5074626865671,4,0,0,0,0,0,14480,0.0,0
1093,2,45.0,0.0,61.0,61.0,0.0,2.0,0,0,16,51.4,0,0,0,0,0,0,0,0.0,0
115256,65,0.0,18.08596645301772,1300.0,796.4,2353.540141716031,1.0,0,0,2088,401.9384615384615,4,0,0,0,0,0,14480,0.0,0
34320,77,0.0,16.80879051557521,1300.0,885.7662337662337,604.7005551853259,1.0,0,0,2472,446.0389610389611,4,0,0,0,0,0,14480,0.0,0
934663,5,0.0,210.69029403368347,0.0,0.0,134338.75014603938,2.0,0,0,116,67.99999999999999,4,0,0,0,0,0,16383,0.0,1
222298,5,0.0,718.7496213437738,0.0,0.0,54650.55005121175,5.0,0,0,168,481.88235294117646,4,0,0,0,0,0,10136,0.0,0
1016,2,37.0,0.0,53.0,53.0,0.0,6.0,0,0,16,43.4,0,0,0,0,0,0,0,0.0,0
362,2,0.0,0.0,0.0,0.0,0.0,3.0,0,0,64,0.0,0,0,0,0,0,0,14480,0.0,0
985,2,45.0,0.0,61.0,61.0,0.0,6.0,0,0,16,51.4,0,0,0,0,0,0,0,0.0,0
1019,2,45.0,0.0,61.0,61.0,0.0,2.0,0,0,16,51.4,0,0,0,0,0,0,0,0.0,0
14044,57,0.0,119.24175012846632,848.0,87.47368421052629,421.909747992027,1.0,0,0,1832,65.65811965811966,4,0,0,0,0,0,24616,0.0,0
337,2,0.0,0.0,0.0,0.0,0.0,3.0,0,0,64,0.0,0,0,0,0,0,0,14480,0.0,0
393050,3,0.0,105.88515791491584,0.0,0.0,90441.98616055856,1.0,0,0,76,39.45454545454545,4,0,0,0,0,0,16383,0.0,1
310,2,0.0,0.0,0.0,0.0,0.0,2.0,0,0,64,0.0,0,0,0,0,0,0,20272,0.0,0
906892,5,0.0,84.41535631004813,1276.0,510.4,190504.8008661899,7.0,0,0,116,222.92307692307693,4,0,0,0,0,0,16383,0.0,1
457,2,0.0,0.0,0.0,0.0,0.0,4.0,0,0,64,0.0,0,0,0,0,0,0,14480,0.0,0
314,2,0.0,0.0,0.0,0.0,0.0,2.0,0,0,64,0.0,0,0,0,0,0,0,20272,0.0,0
3570,7,0.0,160.0833116432399,148.0,42.285714285714285,309.69452691321493,5.0,0,0,232,65.42857142857143,4,0,0,0,0,0,7240,0.0,0
422,2,0.0,0.0,0.0,0.0,0.0,5.0,0,0,64,0.0,0,0,0,0,0,0,13032,0.0,0
329,2,0.0,0.0,0.0,0.0,0.0,5.0,0,0,64,0.0,0,0,0,0,0,0,14480,0.0,0
31724671,5,0.0,19.84313483298443,0.0,0.0,11088823.907545444,5.0,0,0,116,6.0,4,0,0,0,90,0,16383,19365.0,1
1016294,51,0.0,6.658307684726639,54.0,18.15686274509805,56475.58252686111,3.0,0,0,1640,11.254901960784316,4,0,0,0,0,0,20272,0.0,0
55668,67,0.0,17.367976855311046,1300.0,831.6119402985075,1548.2393773934116,1.0,0,0,2152,419.313432835821,4,0,0,0,0,0,14480,0.0,0
1079,2,37.0,0.0,53.0,53.0,0.0,9.0,0,0,16,43.4,0,0,0,0,0,0,0,0.0,0
344,2,0.0,0.0,0.0,0.0,0.0,2.0,0,0,64,0.0,0,0,0,0,0,0,13032,0.0,0
91842,15,0.0,55.33514273929383,777.0,108.66666666666666,7593.615206886401,5.0,0,0,488,67.8,4,0,0,0,0,0,10136,0.0,0
1156178,743,0.0,18.044718673099936,1448.0,1411.9650067294754,5161.753920615426,1.0,0,0,23784,964.6727941176462,4,0,0,0,0,0,7240,0.0,0
29804,11,0.0,65.29726895769328,776.0,148.0,361.5013062831785,4.0,0,0,360,93.63636363636364,4,0,0,0,0,0,10136,0.0,0
1006,2,45.0,0.0,61.0,61.0,0.0,3.0,0,0,16,51.4,0,0,0,0,0,0,0,0.0,0
13150,41,0.0,21.523615004105377,1300.0,504.5365853658535,529.9264879042966,1.0,0,0,1320,264.45000000000005,4,0,0,0,0,0,14480,0.0,0
16298,41,0.0,20.70123246671622,1300.0,579.609756097561,595.6991412924584,1.0,0,0,1320,295.3414634146341,4,0,0,0,0,0,14480,0.0,0
31484,123,0.0,27.08101239785908,1448.0,74.79674796747967,445.5322646684089,1.0,0,0,3944,43.71311475409835,4,0,0,0,0,0,47784,0.0,0
981,2,45.0,0.0,61.0,61.0,0.0,4.0,0,0,16,51.4,0,0,0,0,0,0,0,0.0,0
359,2,0.0,0.0,0.0,0.0,0.0,3.0,0,0,64,0.0,0,0,0,0,0,0,30408,0.0,0
1544966,49,0.0,169.74128126093126,1460.0,1182.0408163265306,240083.96254315748,1.0,0,0,996,933.714285714286,4,0,0,0,0,0,16383,0.0,1
333,2,0.0,0.0,0.0,0.0,0.0,5.0,0,0,64,0.0,0,0,0,0,0,0,14480,0.0,0
36467,39,0.0,21.523615004105377,1300.0,537.3333333333333,1574.5601650026629,0.0,0,0,1256,274.6923076923077,4,0,0,0,0,0,14480,0.0,0
356,2,0.0,0.0,0.0,0.0,0.0,3.0,0,0,64,0.0,0,0,0,0,0,0,8688,0.0,0
109672,2,0.0,0.0,0.0,0.0,76704.82230277311,4.0,0,0,40,0.0,0,0,0,0,0,0,16383,0.0,1
973,2,45.0,0.0,61.0,61.0,0.0,24.0,0,0,16,51.4,0,0,0,0,0,0,0,0.0,0
65248,2,0.0,0.0,0.0,0.0,46121.74690967375,10.0,0,0,40,0.0,0,0,0,0,0,0,16383,0.0,0
357,2,0.0,0.0,0.0,0.0,0.0,4.0,0,0,64,0.0,0,0,0,0,0,0,7240,0.0,0
1037,2,45.0,0.0,61.0,61.0,0.0,8.0,0,0,16,51.4,0,0,0,0,0,0,0,0.0,0
464826,3,0.0,204.45106528271768,0.0,0.0,97945.36215547253,1.0,0,0,76,76.18181818181817,4,0,0,0,0,0,16383,0.0,1
2594,5,0.0,0.0,736.0,294.4,441.6729559300637,6.0,0,0,168,147.2,4,0,0,0,0,0,5792,0.0,0
33304,123,0.0,27.084984004858065,1448.0,67.02439024390245,480.30386351803867,1.0,0,0,3944,39.77868852459015,4,0,0,0,0,0,47784,0.0,0
592372,37,0.0,718.4888336513189,287.0,32.108108108108105,29494.38651785499,3.0,0,0,1192,406.0000000000001,4,0,0,0,0,0,30408,0.0,0
17450,45,0.0,20.774325260080392,1300.0,535.4666666666667,674.9922519880524,1.0,0,0,1448,279.1590909090908,4,0,0,0,0,0,14480,0.0,0
261030,3,0.0,80.55805360111427,0.0,0.0,49467.61932011687,7.0,0,0,76,31.2,4,0,0,0,0,0,16383,0.0,1
854192,51,0.0,6.658307684726639,54.0,18.15686274509805,48882.00483725083,1.0,0,0,1640,11.254901960784316,4,0,0,0,0,0,20272,0.0,0
9,0,56.0,0.0,0.0,0.0,0.0,0.0,0,0,0,56.0,0,0,0,0,0,0,0,0.0,1
1065,2,45.0,0.0,61.0,61.0,0.0,7.0,0,0,16,51.4,0,0,0,0,0,0,0,0.0,0
27413,39,0.0,21.08021663617728,1300.0,521.8974358974358,1387.4489650544378,1.0,0,0,1256,266.7692307692308,4,0,0,0,0,0,14480,0.0,0
1005124,15,0.0,122.41532220727564,1448.0,614.9333333333334,333040.86649092747,5.0,0,0,488,391.2307692307692,4,0,0,0,0,0,8688,0.0,0
63310,2,0.0,0.0,0.0,0.0,28062.239718169327,6.0,0,0,40,0.0,0,0,0,0,0,0,16383,0.0,1
326,2,0.0,0.0,0.0,0.0,0.0,4.0,0,0,64,0.0,0,0,0,0,0,0,14480,0.0,0
1088,2,45.0,0.0,61.0,61.0,0.0,9.0,0,0,16,51.4,0,0,0,0,0,0,0,0.0,0
1555,4,88.0,16.165807537309526,72.0,48.0,671.7487129376083,2.0,0,0,32,76.44444444444444,0,0,0,0,0,0,0,0.0,0
450,2,0.0,0.0,0.0,0.0,0.0,3.0,0,0,64,0.0,0,0,0,0,0,0,14480,0.0,0
3,0,24.0,0.0,0.0,0.0,0.0,0.0,0,0,0,24.0,0,0,0,0,0,0,0,0.0,1
1054,2,45.0,0.0,61.0,61.0,0.0,7.0,0,0,16,51.4,0,0,0,0,0,0,0,0.0,0
5118,9,0.0,62.487687676142336,777.0,181.11111111111111,457.1080288071957,3.0,0,0,296,101.7,4,0,0,0,0,0,10136,0.0,0
2581,9,0.0,0.0,1448.0,910.2222222222222,808.0691183308517,2.0,0,0,296,512.0,4,0,0,0,0,0,5792,0.0,0
26426,47,0.0,19.65548687392932,1300.0,620.8510638297872,927.0049916507758,1.0,0,0,1512,315.25531914893617,4,0,0,0,0,0,14480,0.0,0
331,2,0.0,0.0,0.0,0.0,0.0,2.0,0,0,64,0.0,0,0,0,0,0,0,14480,0.0,0
1097,2,37.0,0.0,53.0,53.0,0.0,7.0,0,0,16,43.4,0,0,0,0,0,0,0,0.0,0
23057,15,0.0,99.13316607162618,277.0,46.66666666666666,2920.910827824527,1.0,0,0,488,46.66666666666666,4,0,0,0,0,0,10136,0.0,0
12,0,88.0,0.0,0.0,0.0,0.0,0.0,0,0,0,88.0,0,0,0,0,0,0,0,0.0,1
1052,2,38.0,0.0,54.0,54.0,0.0,5.0,0,0,16,44.4,0,0,0,0,0,0,0,0.0,0
417,2,0.0,0.0,0.0,0.0,0.0,4.0,0,0,64,0.0,0,0,0,0,0,0,13032,0.0,0
402,2,0.0,0.0,0.0,0.0,0.0,2.0,0,0,64,0.0,0,0,0,0,0,0,13032,0.0,0
848162,51,0.0,6.658307684726639,54.0,18.078431372549016,48759.29275635045,2.0,0,0,1640,11.215686274509808,4,0,0,0,0,0,20272,0.0,0
1623734,207,0.0,40.27120246403327,1460.0,1260.135265700483,68700.21936591064,1.0,0,0,4156,1074.8559670781892,4,0,0,0,0,0,16383,0.0,1
74055,2,0.0,0.0,0.0,0.0,15558.470506447606,9.0,0,0,40,0.0,0,0,0,0,0,0,16383,0.0,1
641592,11,0.0,96.72914647497817,1460.0,800.7272727272727,101053.92868732446,1.0,0,0,236,454.38095238095246,4,0,0,0,0,0,16383,0.0,1
3506,9,0.0,62.487687676142336,777.0,181.11111111111111,339.3926356170845,4.0,0,0,296,101.7,4,0,0,0,0,0,10136,0.0,0
10,0,24.0,0.0,0.0,0.0,0.0,0.0,0,0,0,24.0,0,0,0,0,0,0,0,0.0,1
5125,21,0.0,81.21193845345906,433.0,50.095238095238095,391.1402957944272,1.0,0,0,680,44.23809523809524,4,0,0,0,0,0,13032,0.0,0
17789,15,0.0,99.13316607162618,277.0,46.66666666666666,2149.229879962373,1.0,0,0,488,46.66666666666666,4,0,0,0,0,0,10136,0.0,0
412,2,0.0,0.0,0.0,0.0,0.0,2.0,0,0,64,0.0,0,0,0,0,0,0,14480,0.0,0
349,2,0.0,0.0,0.0,0.0,0.0,6.0,0,0,64,0.0,0,0,0,0,0,0,20272,0.0,0
344,2,0.0,0.0,0.0,0.0,0.0,2.0,0,0,64,0.0,0,0,0,0,0,0,30408,0.0,0
1040,2,45.0,0.0,61.0,61.0,0.0,8.0,0,0,16,51.4,0,0,0,0,0,0,0,0.0,0
28353,39,0.0,21.523615004105377,1300.0,533.5897435897436,1705.3706205553833,0.0,0,0,1256,272.8205128205129,4,0,0,0,0,0,14480,0.0,0
938,2,45.0,0.0,61.0,61.0,0.0,6.0,0,0,16,51.4,0,0,0,0,0,0,0,0.0,0
13148,15,0.0,99.13316607162618,277.0,46.66666666666666,1883.752300799984,1.0,0,0,488,46.66666666666666,4,0,0,0,0,0,10136,0.0,0
1022197,15,0.0,122.41532220727564,1448.0,614.9333333333334,332399.1362941714,2.0,0,0,488,391.2307692307692,4,0,0,0,0,0,8688,0.0,0
63108,83,0.0,16.089412389826855,1300.0,937.3253012048194,1084.7796712039285,1.0,0,0,2664,465.9761904761904,4,0,0,0,0,0,14480,0.0,0
353,2,0.0,0.0,0.0,0.0,0.0,3.0,0,0,64,0.0,0,0,0,0,0,0,13032,0.0,0
256996,5,0.0,187.94604088863983,1174.0,469.6,40088.16992758409,3.0,0,0,116,266.2857142857142,4,0,0,0,0,0,16383,0.0,1
5060,21,0.0,84.16331242230629,381.0,58.19047619047619,386.86029634596633,0.0,0,0,680,50.57142857142857,4,0,0,0,0,0,13032,0.0,0
4376,4,114.0,0.0,52.0,52.0,1918.8268117090013,7.0,0,0,32,86.44444444444444,0,0,0,0,0,0,0,0.0,0
1074,2,45.0,0.0,61.0,61.0,0.0,8.0,0,0,16,51.4,0,0,0,0,0,0,0,0.0,0
310,2,0.0,0.0,0.0,0.0,0.0,2.0,0,0,64,0.0,0,0,0,0,0,0,14480,0.0,0
326,2,0.0,0.0,0.0,0.0,0.0,1.0,0,0,64,0.0,0,0,0,0,0,0,14480,0.0,0
314,2,0.0,0.0,0.0,0.0,0.0,3.0,0,0,64,0.0,0,0,0,0,0,0,14480,0.0,0
9,0,4.0,0.0,0.0,0.0,0.0,0.0,0,0,0,4.0,0,0,0,0,0,0,0,0.0,0
67591,2,0.0,0.0,0.0,0.0,47600.30718913482,2.0,0,0,40,0.0,0,0,0,0,0,0,16383,0.0,1
926,2,45.0,0.0,61.0,61.0,0.0,2.0,0,0,16,51.4,0,0,0,0,0,0,0,0.0,0
556778,89,0.0,118.55346463350696,1460.0,1258.08988764045,34640.78238523833,1.0,0,0,1796,1034.146788990826,4,0,0,0,0,0,16383,0.0,1
16160,41,0.0,20.70123246671622,1300.0,563.951219512195,637.3033596331735,0.0,0,0,1320,287.51219512195115,4,0,0,0,0,0,14480,0.0,0
48046,63,0.0,64.92369147149377,1448.0,972.6666666666666,1951.7356128638453,1.0,0,0,2024,620.4599999999999,4,0,0,0,0,0,13032,0.0,0
1002,2,37.0,0.0,53.0,53.0,0.0,10.0,0,0,16,43.4,0,0,0,0,0,0,0,0.0,0
998,2,37.0,0.0,53.0,53.0,0.0,1.0,0,0,16,43.4,0,0,0,0,0,0,0,0.0,0
221883,9,0.0,0.0,1448.0,910.2222222222222,21049.84953627935,3.0,0,0,296,512.0,4,0,0,0,0,0,5792,0.0,0
300,2,0.0,0.0,0.0,0.0,0.0,2.0,0,0,64,0.0,0,0,0,0,0,0,14480,0.0,0
314,2,0.0,0.0,0.0,0.0,0.0,2.0,0,0,64,0.0,0,0,0,0,0,0,14480,0.0,0
332,2,0.0,0.0,0.0,0.0,0.0,4.0,0,0,64,0.0,0,0,0,0,0,0,14480,0.0,0
627338,3,0.0,17.07825127659933,0.0,0.0,124898.63806249716,9.0,0,0,76,6.363636363636363,4,0,0,0,0,0,16383,0.0,1
1014331,15,0.0,116.7156607081734,1448.0,614.9333333333334,301148.2841558593,2.0,0,0,488,363.28571428571433,4,0,0,0,948,9224,8688,0.0,0
1347836,9,0.0,258.295857496786,197.0,43.77777777777777,255954.7218456253,4.0,0,0,196,99.36842105263158,4,0,0,0,0,0,16383,0.0,1
3489,7,0.0,158.0177205252626,148.0,42.285714285714285,291.4117362084101,1.0,0,0,232,64.85714285714286,4,0,0,0,0,0,7240,0.0,0
20098,2,0.0,0.0,0.0,0.0,8663.47228309758,6.0,0,0,40,0.0,0,0,0,0,0,0,16383,0.0,1
856643,7,0.0,91.7346068571621,410.0,117.14285714285714,201983.0633936915,4.0,0,0,156,79.73333333333333,4,0,0,0,0,0,16383,0.0,1
18473,43,0.0,19.65548687392932,1300.0,642.6046511627908,597.3878982789165,0.0,0,0,1384,312.0666666666666,4,0,0,0,0,0,14480,0.0,0
126,2,0.0,0.0,0.0,0.0,0.0,4.0,0,0,64,0.0,0,0,0,0,0,0,28960,0.0,0
1185582,3,0.0,33.04945788763663,0.0,0.0,304161.05722873204,8.0,0,0,76,12.8,4,0,0,0,0,0,16383,0.0,1
9,0,56.0,0.0,0.0,0.0,0.0,0.0,0,0,0,56.0,0,0,0,0,0,0,0,0.0,1
224953,5,0.0,718.7496213437738,0.0,0.0,55206.19085211367,2.0,0,0,168,481.88235294117646,4,0,0,0,0,0,10136,0.0,0
1039566,15,0.0,116.7156607081734,1448.0,614.9333333333334,300178.3112481949,4.0,0,0,488,363.28571428571433,4,0,0,0,0,0,8688,0.0,0
1022,2,45.0,0.0,61.0,61.0,0.0,7.0,0,0,16,51.4,0,0,0,0,0,0,0,0.0,0
11,0,1052.0,0.0,0.0,0.0,0.0,0.0,0,0,0,1052.0,0,0,0,0,0,0,0,0.0,1
27769,2,0.0,0.0,0.0,0.0,8135.26351755123,3.0,0,0,40,0.0,0,0,0,0,0,0,16383,0.0,1
27086,45,0.0,19.989267733569253,1300.0,593.6444444444445,964.3554650135186,1.0,0,0,1448,301.8666666666666,4,0,0,0,0,0,14480,0.0,0
344519,37,0.0,718.3973501155618,287.0,32.108108108108105,24974.287076401,2.0,0,0,1192,405.93181818181824,4,0,0,0,0,0,30408,0.0,0
46404,2,0.0,0.0,0.0,0.0,19669.5893322662,2.0,0,0,40,0.0,0,0,0,0,0,0,16383,0.0,1
797,5,0.0,0.0,0.0,0.0,0.0,1.0,0,0,160,0.0,0,0,0,0,0,0,65160,0.0,0
1190574,15,0.0,122.41532220727564,1448.0,614.9333333333334,339857.08930425614,2.0,0,0,488,391.2307692307692,4,0,0,0,948,9224,8688,0.0,0
310,2,0.0,0.0,0.0,0.0,0.0,5.0,0,0,64,0.0,0,0,0,0,0,0,7240,0.0,0
2450879,39,0.0,75.62403256898101,1460.0,812.4102564102565,103203.14311760975,1.0,0,0,796,511.6119402985075,4,0,0,0,0,0,16383,0.0,1
4085,9,0.0,62.487687676142336,777.0,181.11111111111111,454.72299260099,4.0,0,0,296,101.7,4,0,0,0,0,0,10136,0.0,0
34298,65,0.0,18.08596645301772,1300.0,832.0,754.6180985467932,1.0,0,0,2088,419.7384615384615,4,0,0,0,0,0,14480,0.0,0
1003,2,45.0,0.0,61.0,61.0,0.0,2.0,0,0,16,51.4,0,0,0,0,0,0,0,0.0,0
311,2,0.0,0.0,0.0,0.0,0.0,2.0,0,0,64,0.0,0,0,0,0,0,0,14480,0.0,0
253289,5,0.0,718.7496213437738,0.0,0.0,57533.59006788991,2.0,0,0,168,481.88235294117646,4,0,0,0,0,0,10136,0.0,0
8,0,56.0,0.0,0.0,0.0,0.0,0.0,0,0,0,56.0,0,0,0,0,0,0,0,0.0,1
328,2,0.0,0.0,0.0,0.0,0.0,2.0,0,0,64,0.0,0,0,0,0,0,0,14480,0.0,0
315,2,0.0,0.0,0.0,0.0,0.0,3.0,0,0,64,0.0,0,0,0,0,0,0,14480,0.0,0
44541,65,0.0,18.08596645301772,1300.0,783.3538461538462,1131.0452103223545,1.0,0,0,2088,395.4153846153846,4,0,0,0,0,0,14480,0.0,0
359,2,0.0,0.0,0.0,0.0,0.0,2.0,0,0,64,0.0,0,0,0,0,0,0,8688,0.0,0
1069,2,45.0,0.0,61.0,61.0,0.0,8.0,0,0,16,51.4,0,0,0,0,0,0,0,0.0,0
68808,2,0.0,0.0,0.0,0.0,20946.624179089096,1.0,0,0,40,0.0,0,0,0,0,0,0,16383,0.0,1
167517,43,0.0,20.337683508684545,1300.0,580.1395348837208,6712.177147252414,1.0,0,0,1384,295.3488372093024,4,0,0,0,0,0,14480,0.0,0
386,2,0.0,0.0,0.0,0.0,0.0,6.0,0,0,64,0.0,0,0,0,0,0,0,14480,0.0,0
340,2,0.0,0.0,0.0,0.0,0.0,2.0,0,0,64,0.0,0,0,0,0,0,0,10136,0.0,0
7851,4,88.0,23.09401076758504,72.0,48.0,4279.320312074493,2.0,0,0,32,79.11111111111111,0,0,0,0,0,0,0,0.0,0
17594,15,0.0,99.13316607162618,277.0,46.66666666666666,2156.7503094785675,1.0,0,0,488,46.66666666666666,4,0,0,0,0,0,10136,0.0,0
180,1,0.0,18.059425714647105,0.0,0.0,7.554248252914824,0.0,0,0,32,10.0,0,0,0,0,0,0,11584,0.0,0
346,2,0.0,0.0,0.0,0.0,0.0,2.0,0,0,64,0.0,0,0,0,0,0,0,8688,0.0,0
2,0,56.0,0.0,0.0,0.0,0.0,0.0,0,0,0,56.0,0,0,0,0,0,0,0,0.0,1
7664,5,0.0,718.7496213437738,0.0,0.0,1257.045831392882,2.0,0,0,168,481.88235294117646,4,0,0,0,0,0,10136,0.0,0
1071265,15,0.0,122.41532220727564,1448.0,614.9333333333334,331013.19039532915,1.0,0,0,488,391.2307692307692,4,0,0,0,0,0,8688,0.0,0
97303,2,0.0,0.0,0.0,0.0,38676.61961056059,7.0,0,0,40,0.0,0,0,0,0,0,0,16383,0.0,1
315,2,0.0,0.0,0.0,0.0,0.0,2.0,0,0,64,0.0,0,0,0,0,0,0,10136,0.0,0
321,2,0.0,0.0,0.0,0.0,0.0,2.0,0,0,64,0.0,0,0,0,0,0,0,10136,0.0,0
1833,4,88.0,23.09401076758504,72.0,48.0,793.2792698665457,2.0,0,0,32,79.11111111111111,0,0,0,0,0,0,0,0.0,0
984,2,45.0,0.0,61.0,61.0,0.0,2.0,0,0,16,51.4,0,0,0,0,0,0,0,0.0,0
12592,39,0.0,21.08021663617728,1300.0,537.4871794871796,476.5387388971328,1.0,0,0,1256,274.5641025641026,4,0,0,0,0,0,14480,0.0,0
170427,3,0.0,131.68143377105218,0.0,0.0,34103.99854122681,7.0,0,0,76,51.00000000000001,4,0,0,0,0,0,16383,0.0,1
344,2,0.0,0.0,0.0,0.0,0.0,4.0,0,0,64,0.0,0,0,0,0,0,0,47784,0.0,0
312,2,0.0,0.0,0.0,0.0,0.0,4.0,0,0,64,0.0,0,0,0,0,0,0,10136,0.0,0
85043,2,0.0,0.0,0.0,0.0,46590.55870560043,7.0,0,0,40,0.0,0,0,0,0,0,0,16383,0.0,1
3151,2,0.0,0.0,0.0,0.0,0.0,7.0,0,0,64,0.0,0,0,0,0,0,0,14480,0.0,0
1110,2,45.0,0.0,61.0,61.0,0.0,1.0,0,0,16,51.4,0,0,0,0,0,0,0,0.0,0
2168,4,88.0,16.165807537309526,72.0,48.0,996.219018757087,4.0,0,0,32,76.44444444444444,0,0,0,0,0,0,0,0.0,0
368,2,0.0,0.0,0.0,0.0,0.0,5.0,0,0,64,0.0,0,0,0,0,0,0,30408,0.0,0
29078,2,0.0,0.0,0.0,0.0,9137.940933273754,1.0,0,0,40,0.0,0,0,0,0,0,0,16383,0.0,1
315,2,0.0,0.0,0.0,0.0,0.0,2.0,0,0,64,0.0,0,0,0,0,0,0,15928,0.0,0
327,2,0.0,0.0,0.0,0.0,0.0,3.0,0,0,64,0.0,0,0,0,0,0,0,10136,0.0,0
1047,2,37.0,0.0,53.0,53.0,0.0,6.0,0,0,16,43.4,0,0,0,0,0,0,0,0.0,0
1024,2,45.0,0.0,61.0,61.0,0.0,6.0,0,0,16,51.4,0,0,0,0,0,0,0,0.0,0
295,2,0.0,0.0,0.0,0.0,0.0,3.0,0,0,64,0.0,0,0,0,0,0,0,14480,0.0,0
6523,21,0.0,81.14771950555593,381.0,57.52380952380953,519.0739006015563,1.0,0,0,680,47.95454545454546,4,0,0,0,0,0,13032,0.0,0
123289,71,0.0,17.413875622106488,1300.0,804.3380281690143,2640.79566119975,1.0,0,0,2280,405.5915492957748,4,0,0,0,0,0,14480,0.0,0
1090,2,45.0,0.0,61.0,61.0,0.0,9.0,0,0,16,51.4,0,0,0,0,0,0,0,0.0,0
152053,3,0.0,284.96282130097165,0.0,0.0,36596.76413792163,2.0,0,0,76,106.1818181818182,4,0,0,0,0,0,16383,0.0,0
22130,51,0.0,6.658307684726639,54.0,18.15686274509805,899.0771042884933,1.0,0,0,1640,11.254901960784316,4,0,0,0,0,0,20272,0.0,0
66321,2,0.0,0.0,0.0,0.0,46287.2098964714,2.0,0,0,40,0.0,0,0,0,0,0,0,16383,0.0,1
552208,3,0.0,80.55805360111427,0.0,0.0,99629.70232666565,9.0,0,0,76,31.2,4,0,0,0,0,0,16383,0.0,1
352,2,0.0,0.0,0.0,0.0,0.0,3.0,0,0,64,0.0,0,0,0,0,0,0,8688,0.0,0
13610,21,0.0,81.21193845345906,433.0,50.095238095238095,388.9950464965208,1.0,0,0,680,44.23809523809524,4,0,0,0,0,0,13032,0.0,0
379,2,0.0,0.0,0.0,0.0,0.0,3.0,0,0,64,0.0,0,0,0,0,0,0,8688,0.0,0
67486,65,0.0,18.08596645301772,1300.0,783.3538461538462,1526.409538378559,0.0,0,0,2088,395.4153846153846,4,0,0,0,0,0,14480,0.0,0
318,2,0.0,0.0,0.0,0.0,0.0,4.0,0,0,64,0.0,0,0,0,0,0,0,14480,0.0,0
30414,4,88.0,20.784609690826528,72.0,48.0,8242.541861181739,10.0,0,0,32,78.22222222222223,0,0,0,0,0,0,0,0.0,0
447,2,0.0,0.0,0.0,0.0,0.0,5.0,0,0,64,0.0,0,0,0,0,0,0,13032,0.0,0
58307,2,0.0,0.0,0.0,0.0,40611.97087066817,9.0,0,0,40,0.0,0,0,0,0,0,0,16383,0.0,0
321,2,0.0,0.0,0.0,0.0,0.0,2.0,0,0,64,0.0,0,0,0,0,0,0,14480,0.0,0
14472,43,0.0,20.337683508684545,1300.0,580.0930232558137,505.3463603336221,1.0,0,0,1384,295.3255813953489,4,0,0,0,0,0,14480,0.0,0
343,2,0.0,0.0,0.0,0.0,0.0,2.0,0,0,64,0.0,0,0,0,0,0,0,14480,0.0,0
17169,15,0.0,99.13316607162618,277.0,46.66666666666666,2050.424487008257,1.0,0,0,488,46.66666666666666,4,0,0,0,0,0,10136,0.0,0
60208,2,0.0,0.0,0.0,0.0,8254.05745679057,2.0,0,0,40,0.0,0,0,0,0,0,0,16383,0.0,1
2615823,17,0.0,493.4088313496235,130.0,61.6470588235294,185665.68340691697,1.0,0,0,356,161.35135135135138,4,0,0,0,0,0,16383,0.0,1
1739,4,88.0,18.475208614068023,72.0,48.0,775.0928976580807,3.0,0,0,32,77.33333333333333,0,0,0,0,0,0,0,0.0,0
1025554,15,0.0,122.41532220727564,1448.0,614.9333333333334,334379.32454752806,2.0,0,0,488,391.2307692307692,4,0,0,0,948,9224,8688,0.0,0
756529,5,0.0,116.13210868087546,880.0,352.0,144809.63853786344,3.0,0,0,116,171.99999999999997,4,0,0,0,0,0,16383,0.0,1
7,0,122.0,0.0,0.0,0.0,0.0,0.0,0,0,0,122.0,0,0,0,0,0,0,0,0.0,1
1359437,31,0.0,588.9218946658216,112.0,27.74193548387097,35342.64021948528,3.0,0,0,636,887.7823129251703,4,0,0,0,0,0,16383,0.0,1
1030,2,37.0,0.0,53.0,53.0,0.0,10.0,0,0,16,43.4,0,0,0,0,0,0,0,0.0,0
354,2,0.0,0.0,0.0,0.0,0.0,2.0,0,0,64,0.0,0,0,0,0,0,0,13032,0.0,0
480733,63,0.0,61.84480161807852,1448.0,972.6666666666666,23393.257445835232,2.0,0,0,2024,596.5961538461539,4,0,0,0,0,0,13032,0.0,0
1005436,15,0.0,122.41532220727564,1448.0,614.9333333333334,333025.23381961783,5.0,0,0,488,391.2307692307692,4,0,0,0,0,0,8688,0.0,0
6336,5,0.0,718.7496213437738,0.0,0.0,718.9444422979506,2.0,0,0,168,481.88235294117646,4,0,0,0,0,0,10136,0.0,0
1922005,9,0.0,0.0,1448.0,910.2222222222222,641331.7367852615,4.0,0,0,296,512.0,4,0,0,0,0,8192,5792,0.0,0
3537,9,0.0,62.487687676142336,777.0,181.11111111111111,339.8417932574574,4.0,0,0,296,101.7,4,0,0,0,0,0,10136,0.0,0
339,2,0.0,0.0,0.0,0.0,0.0,2.0,0,0,64,0.0,0,0,0,0,0,0,47784,0.0,0
319,2,0.0,0.0,0.0,0.0,0.0,2.0,0,0,64,0.0,0,0,0,0,0,0,14480,0.0,0
99139,83,0.0,16.26082202818231,1300.0,938.3132530120484,2032.1520467350329,1.0,0,0,2664,472.0843373493975,4,0,0,0,0,0,14480,0.0,0
271127,4,114.0,0.0,48.0,48.0,139131.88860334404,2.0,0,0,32,84.66666666666667,0,0,0,0,0,0,0,0.0,0
128,2,0.0,0.0,0.0,0.0,0.0,4.0,0,0,64,0.0,0,0,0,0,0,0,28960,0.0,0
82303,2,0.0,0.0,0.0,0.0,44625.508960683015,4.0,0,0,40,0.0,0,0,0,0,0,0,16383,0.0,1
323,2,0.0,0.0,0.0,0.0,0.0,3.0,0,0,64,0.0,0,0,0,0,0,0,13032,0.0,0
6705,23,0.0,166.09084107103777,848.0,183.3913043478261,380.1403719429868,2.0,0,0,744,118.37735849056604,4,0,0,0,0,0,14480,0.0,0
28637,67,0.0,17.367976855311046,1300.0,858.0000000000001,586.9163827877148,1.0,0,0,2152,432.5074626865671,4,0,0,0,0,0,14480,0.0,0
72100,4,88.0,16.165807537309526,72.0,48.0,32895.97496655176,7.0,0,0,32,76.44444444444444,0,0,0,0,0,0,0,0.0,0
326,2,0.0,0.0,0.0,0.0,0.0,3.0,0,0,64,0.0,0,0,0,0,0,0,14480,0.0,0
1141,2,45.0,0.0,61.0,61.0,0.0,10.0,0,0,16,51.4,0,0,0,0,0,0,0,0.0,0
135377,71,0.0,17.413875622106488,1300.0,820.5070422535214,2486.825787256454,1.0,0,0,2280,413.67605633802816,4,0,0,0,0,0,14480,0.0,0
43126,2,0.0,0.0,0.0,0.0,23978.69805681701,6.0,0,0,40,0.0,0,0,0,0,0,0,16383,0.0,1
332,2,0.0,0.0,0.0,0.0,0.0,4.0,0,0,64,0.0,0,0,0,0,0,0,14480,0.0,0
1401618,41,0.0,552.2345686390474,121.0,22.341463414634145,23740.932170875945,1.0,0,0,836,966.4415584415588,4,0,0,0,0,0,16383,0.0,1
540245,5,0.0,89.78280671126505,369.0,147.6,111703.46287156902,5.0,0,0,116,85.07692307692307,4,0,0,0,0,0,16383,0.0,1
743435,5,0.0,67.21553816959715,210.0,84.0,109040.80630029771,5.0,0,0,116,65.57142857142857,4,0,0,0,0,0,16383,0.0,1
72542,59,0.0,18.32713418813508,1300.0,718.2372881355933,1995.9070680861096,0.0,0,0,1896,363.1016949152541,4,0,0,0,0,0,14480,0.0,0
1013,2,38.0,0.0,54.0,54.0,0.0,3.0,0,0,16,44.4,0,0,0,0,0,0,0,0.0,0
321,2,0.0,0.0,0.0,0.0,0.0,3.0,0,0,64,0.0,0,0,0,0,0,0,14480,0.0,0
4,0,195.0,0.0,0.0,0.0,0.0,0.0,0,0,0,195.0,0,0,0,0,0,0,0,0.0,1
367,2,0.0,0.0,0.0,0.0,0.0,4.0,0,0,64,0.0,0,0,0,0,0,0,8688,0.0,0
358,2,0.0,0.0,0.0,0.0,0.0,4.0,0,0,64,0.0,0,0,0,0,0,0,14480,0.0,0
73874,2,0.0,0.0,0.0,0.0,51750.31688791867,6.0,0,0,40,0.0,0,0,0,0,0,0,16383,0.0,0
354,2,0.0,0.0,0.0,0.0,0.0,4.0,0,0,64,0.0,0,0,0,0,0,0,10136,0.0,0
21865,51,0.0,6.658307684726639,54.0,18.15686274509805,881.3759009307531,1.0,0,0,1640,11.254901960784316,4,0,0,0,0,0,20272,0.0,0
132,2,0.0,0.0,0.0,0.0,0.0,4.0,0,0,64,0.0,0,0,0,0,0,0,13032,0.0,0
346,2,0.0,0.0,0.0,0.0,0.0,4.0,0,0,64,0.0,0,0,0,0,0,0,47784,0.0,0
305,2,0.0,0.0,0.0,0.0,0.0,2.0,0,0,64,0.0,0,0,0,0,0,0,14480,0.0,0
344,2,0.0,0.0,0.0,0.0,0.0,3.0,0,0,64,0.0,0,0,0,0,0,0,7240,0.0,0
4653,4,114.0,0.0,52.0,52.0,2038.626007878836,9.0,0,0,32,86.44444444444444,0,0,0,0,0,0,0,0.0,0
313,2,0.0,0.0,0.0,0.0,0.0,2.0,0,0,64,0.0,0,0,0,0,0,0,14480,0.0,0
406947,27,0.0,304.1606053488088,192.0,55.99999999999999,13964.833741461682,1.0,0,0,872,95.85185185185183,4,0,0,0,0,0,14480,0.0,0
1079,2,37.0,0.0,53.0,53.0,0.0,6.0,0,0,16,43.4,0,0,0,0,0,0,0,0.0,0
122121,2,0.0,0.0,0.0,0.0,53804.46208726559,8.0,0,0,40,0.0,0,0,0,0,0,0,16383,0.0,1
343,2,0.0,0.0,0.0,0.0,0.0,2.0,0,0,64,0.0,0,0,0,0,0,0,8688,0.0,0
65748,2,0.0,0.0,0.0,0.0,29313.111614088328,1.0,0,0,40,0.0,0,0,0,0,0,0,16383,0.0,1
467684,9,0.0,114.66825857145264,1460.0,744.2222222222222,88180.32629504157,1.0,0,0,196,421.6470588235294,4,0,0,0,0,0,16383,0.0,1
48423,62,0.0,18.08596645301772,1300.0,800.2903225806452,1235.5433626229633,1.0,0,0,1992,394.51968503937,4,0,0,0,0,0,14480,0.0,0
1107,2,45.0,0.0,61.0,61.0,0.0,30.0,0,0,16,51.4,0,0,0,0,0,0,0,0.0,0
204575,3,0.0,133.2306271095351,0.0,0.0,36878.12609528852,2.0,0,0,76,51.6,4,0,0,0,0,0,16383,0.0,1
118867072,0,29.0,0.0,0.0,0.0,4391679.748894967,0.0,0,0,0,29.0,0,0,0,0,61,0,0,1.0,1
3,0,80.0,0.0,0.0,0.0,0.0,0.0,0,0,0,80.0,0,0,0,0,0,0,0,0.0,1
383,2,0.0,0.0,0.0,0.0,0.0,2.0,0,0,64,0.0,0,0,0,0,0,0,8688,0.0,0
514703,59,0.0,83.39218874005611,1460.0,1213.1864406779662,56724.401169985096,1.0,0,0,1196,960.6933333333332,4,0,0,0,0,0,16383,0.0,1
939730,5,0.0,30.983866769659336,0.0,0.0,130275.54564959613,3.0,0,0,116,9.999999999999998,4,0,0,0,0,0,16383,0.0,1
353,2,0.0,0.0,0.0,0.0,0.0,3.0,0,0,64,0.0,0,0,0,0,0,0,5792,0.0,0
307,2,0.0,0.0,0.0,0.0,0.0,2.0,0,0,64,0.0,0,0,0,0,0,0,14480,0.0,0
1953822,29,0.0,607.7886974410602,134.0,35.72413793103448,49376.14180683261,1.0,0,0,596,875.0070921985815,4,0,0,0,0,0,16383,0.0,1
529346,5,0.0,168.34567611514908,0.0,0.0,62255.66652120914,4.0,0,0,116,54.333333333333336,4,0,0,0,0,0,16383,0.0,1
329,2,0.0,0.0,0.0,0.0,0.0,2.0,0,0,64,0.0,0,0,0,0,0,0,14480,0.0,0
165241,19,0.0,215.22081683703368,192.0,79.57894736842105,10584.856031362844,3.0,0,0,616,108.79999999999998,4,0,0,0,0,0,14480,0.0,0
321,2,0.0,0.0,0.0,0.0,0.0,5.0,0,0,64,0.0,0,0,0,0,0,0,14480,0.0,0
325330,37,0.0,719.3657592005641,287.0,32.108108108108105,24174.010693234137,1.0,0,0,1192,406.6363636363637,4,0,0,0,0,0,30408,0.0,0
363,2,0.0,0.0,0.0,0.0,0.0,3.0,0,0,64,0.0,0,0,0,0,0,0,8688,0.0,0
1005890,15,0.0,122.41532220727564,1448.0,614.9333333333334,333036.7280663067,1.0,0,0,488,391.2307692307692,4,0,0,0,0,0,8688,0.0,0
2950,5,0.0,0.0,747.0,298.8,381.051177665153,5.0,0,0,168,149.4,4,0,0,0,0,0,5792,0.0,0
666501,17,0.0,638.0022395787571,114.0,50.94117647058824,44589.69592084984,3.0,0,0,356,268.68292682926824,4,0,0,0,0,0,16383,0.0,1
994,2,38.0,0.0,54.0,54.0,0.0,3.0,0,0,16,44.4,0,0,0,0,0,0,0,0.0,0
328,2,0.0,0.0,0.0,0.0,0.0,4.0,0,0,64,0.0,0,0,0,0,0,0,14480,0.0,0
3707,9,0.0,65.29726895769328,776.0,180.88888888888889,362.591521013814,5.0,0,0,296,103.0,4,0,0,0,0,0,10136,0.0,0
28417,67,0.0,17.367976855311046,1300.0,853.6119402985072,577.7399780277789,1.0,0,0,2152,430.313432835821,4,0,0,0,0,0,14480,0.0,0
932547,37,0.0,87.33715939830367,1460.0,1136.864864864865,66742.22678481617,2.0,0,0,756,796.0727272727272,4,0,0,0,0,0,16383,0.0,1
21163,15,0.0,99.13316607162618,277.0,46.66666666666666,2518.5896898147234,0.0,0,0,488,46.66666666666666,4,0,0,0,0,0,10136,0.0,0
92495,2,0.0,0.0,0.0,0.0,36039.111316734765,6.0,0,0,40,0.0,0,0,0,0,0,0,16383,0.0,1
1059545,15,0.0,116.7156607081734,1448.0,614.9333333333334,300029.3513373165,3.0,0,0,488,363.28571428571433,4,0,0,0,0,0,8688,0.0,0
20695,37,0.0,718.6423708235253,287.0,32.108108108108105,603.6116787086456,2.0,0,0,1192,406.1136363636364,4,0,0,0,0,0,30408,0.0,0
4578,4,114.0,0.0,48.0,48.0,2042.667455395844,4.0,0,0,32,84.66666666666667,0,0,0,0,0,0,0,0.0,0
348,2,0.0,0.0,0.0,0.0,0.0,2.0,0,0,64,0.0,0,0,0,0,0,0,14480,0.0,0
21772,2,0.0,0.0,0.0,0.0,3156.524671216748,8.0,0,0,40,0.0,0,0,0,0,0,0,16383,0.0,1
1054,2,45.0,0.0,61.0,61.0,0.0,3.0,0,0,16,51.4,0,0,0,0,0,0,0,0.0,0
123593,71,0.0,17.413875622106488,1300.0,816.8732394366197,2275.516573543376,1.0,0,0,2280,411.8591549295775,4,0,0,0,0,0,14480,0.0,0
75511,55,0.0,18.865591749571376,1300.0,747.4545454545454,3112.452257489647,1.0,0,0,1768,378.0,4,0,0,0,0,0,14480,0.0,0
1053,2,45.0,0.0,61.0,61.0,0.0,7.0,0,0,16,51.4,0,0,0,0,0,0,0,0.0,0
333,2,0.0,0.0,0.0,0.0,0.0,2.0,0,0,64,0.0,0,0,0,0,0,0,10136,0.0,0
1005164,15,0.0,122.41532220727564,1448.0,614.9333333333334,333011.0799681112,2.0,0,0,488,391.2307692307692,4,0,0,0,0,0,8688,0.0,0
1052,2,45.0,0.0,61.0,61.0,0.0,7.0,0,0,16,51.4,0,0,0,0,0,0,0,0.0,0
1118,2,37.0,0.0,53.0,53.0,0.0,8.0,0,0,16,43.4,0,0,0,0,0,0,0,0.0,0
20760,39,0.0,723.8346696306248,287.0,30.461538461538467,557.1202116205069,2.0,0,0,1256,393.7608695652176,4,0,0,0,0,0,31856,0.0,0
1858558,35,0.0,5.220853372919073,1460.0,762.6285714285715,112880.8249522854,1.0,0,0,716,487.2363636363637,4,0,0,0,0,0,16383,0.0,1
371010,5,0.0,64.86634610599596,173.0,69.2,58817.01735325699,3.0,0,0,116,58.57142857142858,4,0,0,0,0,0,16383,0.0,1
363,2,0.0,0.0,0.0,0.0,0.0,2.0,0,0,64,0.0,0,0,0,0,0,0,8688,0.0,0
9,0,56.0,0.0,0.0,0.0,0.0,0.0,0,0,0,56.0,0,0,0,0,0,0,0,0.0,1
353,2,0.0,0.0,0.0,0.0,0.0,2.0,0,0,64,0.0,0,0,0,0,0,0,10136,0.0,0
482,2,0.0,0.0,0.0,0.0,0.0,4.0,0,0,64,0.0,0,0,0,0,0,0,14480,0.0,0
213039,5,0.0,92.22255689363638,472.0,188.8,41199.44933612584,2.0,0,0,116,101.6923076923077,4,0,0,0,0,0,16383,0.0,1
6191607,855,0.0,19.94177484404085,1448.0,1228.261988304093,158438.1106895704,0.0,0,0,27368,811.7438271604937,4,0,0,0,928,525082,59368,0.0,0
986,2,45.0,0.0,61.0,61.0,0.0,6.0,0,0,16,51.4,0,0,0,0,0,0,0,0.0,0
359,2,0.0,0.0,0.0,0.0,0.0,3.0,0,0,64,0.0,0,0,0,0,0,0,14480,0.0,0
1093,2,45.0,0.0,61.0,61.0,0.0,7.0,0,0,16,51.4,0,0,0,0,0,0,0,0.0,0
20595,43,0.0,20.774325260080392,1314.0,616.0930232558139,655.6955764868254,1.0,0,0,1384,313.5116279069767,4,0,0,0,0,0,14480,0.0,0
998,2,37.0,0.0,53.0,53.0,0.0,1.0,0,0,16,43.4,0,0,0,0,0,0,0,0.0,0
61288173,13,0.0,20.213149892370275,45.0,13.076923076923077,16627397.25144344,2.0,0,0,276,13.785714285714286,4,0,0,0,216,170,16383,24547.0,1
315,2,0.0,0.0,0.0,0.0,0.0,2.0,0,0,64,0.0,0,0,0,0,0,0,34752,0.0,0
342,2,0.0,0.0,0.0,0.0,0.0,5.0,0,0,64,0.0,0,0,0,0,0,0,8688,0.0,0
67152,4,88.0,18.475208614068023,72.0,48.0,30028.853563420187,2.0,0,0,32,77.33333333333333,0,0,0,0,0,0,0,0.0,0
65411,2,0.0,0.0,0.0,0.0,16842.576421082376,8.0,0,0,40,0.0,0,0,0,0,0,0,16383,0.0,1
41155,37,0.0,21.474606635715823,1300.0,468.4324324324324,1742.573558000355,1.0,0,0,1192,240.35135135135133,4,0,0,0,0,0,14480,0.0,0
363066,27,0.0,268.42611359839503,192.0,55.99999999999999,13452.568253930796,1.0,0,0,872,90.81481481481482,4,0,0,0,0,0,14480,0.0,0
1010407,15,0.0,116.7156607081734,1448.0,614.9333333333334,301077.64634429134,2.0,0,0,488,363.28571428571433,4,0,0,0,0,0,8688,0.0,0
3370672,21,0.0,5.122040034756372,1460.0,158.47619047619045,257234.5578826193,1.0,0,0,436,88.00000000000001,4,0,0,0,0,0,16383,0.0,1
4217,15,0.0,275.06847632301793,192.0,100.8,311.8321893033404,2.0,0,0,488,145.0,4,0,0,0,0,0,14480,0.0,0
354,2,0.0,0.0,0.0,0.0,0.0,3.0,0,0,64,0.0,0,0,0,0,0,0,8688,0.0,0
329421,15,0.0,99.13316607162618,277.0,46.66666666666666,36081.96348859507,3.0,0,0,488,46.66666666666666,4,0,0,0,0,0,10136,0.0,0
376,2,0.0,0.0,0.0,0.0,0.0,3.0,0,0,64,0.0,0,0,0,0,0,0,7240,0.0,0
1013901,15,0.0,122.41532220727564,1448.0,614.9333333333334,333029.33670215565,2.0,0,0,488,391.2307692307692,4,0,0,0,0,0,8688,0.0,0
558815,9,0.0,20.09703732122994,45.0,18.888888888888893,65266.02702282747,4.0,0,0,196,18.000000000000004,4,0,0,0,0,0,16383,0.0,1
835919,5,0.0,68.9860234291804,192.0,76.8,127080.26045078006,1.0,0,0,116,64.14285714285714,4,0,0,0,0,0,16383,0.0,1
115,2,0.0,0.0,0.0,0.0,0.0,3.0,0,0,64,0.0,0,0,0,0,0,0,10136,0.0,0
21842,47,0.0,19.335732915405263,1300.0,639.0212765957446,644.5614806305706,1.0,0,0,1512,317.58333333333326,4,0,0,0,0,0,14480,0.0,0
30372,33,0.0,22.3064253725967,1300.0,333.81818181818176,1592.7655795495614,1.0,0,0,1064,173.7878787878788,4,0,0,0,0,0,14480,0.0,0
71283,39,0.0,719.5590872193887,287.0,30.461538461538467,3371.461649101253,1.0,0,0,1256,397.7333333333334,4,0,0,0,0,0,30408,0.0,0
275546,5,0.0,82.95150620062532,633.0,253.2,52783.9508032508,2.0,0,0,116,123.53846153846156,4,0,0,0,0,0,16383,0.0,1
4960,4,114.0,0.0,52.0,50.0,2205.769480249466,8.0,0,0,32,85.55555555555556,0,0,0,0,0,0,0,0.0,0
73859,2,0.0,0.0,0.0,0.0,32384.076364781504,9.0,0,0,40,0.0,0,0,0,0,0,0,16383,0.0,1
597788,57,0.0,119.24175012846632,848.0,87.47368421052629,21129.37849898042,1.0,0,0,1832,65.65811965811966,4,0,0,0,0,0,24616,0.0,0
318,2,0.0,0.0,0.0,0.0,0.0,3.0,0,0,64,0.0,0,0,0,0,0,0,14480,0.0,0
353,2,0.0,0.0,0.0,0.0,0.0,5.0,0,0,64,0.0,0,0,0,0,0,0,8688,0.0,0
1109549,15,0.0,122.41532220727564,1448.0,614.9333333333334,362366.1131425341,1.0,0,0,488,391.2307692307692,4,0,0,0,948,9224,8688,0.0,0
310,2,0.0,0.0,0.0,0.0,0.0,2.0,0,0,64,0.0,0,0,0,0,0,0,34752,0.0,0
2,0,24.0,0.0,0.0,0.0,0.0,0.0,0,0,0,24.0,0,0,0,0,0,0,0,0.0,1
79051,39,0.0,718.0064623664608,287.0,30.461538461538467,3905.994324095204,1.0,0,0,1256,396.6222222222223,4,0,0,0,0,0,30408,0.0,0
1129970,123,0.0,27.08101239785908,1448.0,72.09756097560972,16615.282475979377,1.0,0,0,3944,42.35245901639343,4,0,0,0,0,0,47784,0.0,0
651951,9,0.0,452.7828152412344,34.0,19.33333333333333,95322.30442781256,4.0,0,0,196,119.26315789473682,4,0,0,0,0,0,16383,0.0,1
16272,2,0.0,0.0,0.0,0.0,3261.176474832357,7.0,0,0,40,0.0,0,0,0,0,0,0,16383,0.0,1
10916,57,0.0,119.24175012846632,848.0,87.47368421052629,332.93379791349435,0.0,0,0,1832,65.65811965811966,4,0,0,0,0,0,24616,0.0,0
41480,89,0.0,15.76186090355944,1300.0,955.7752808988764,604.59726732228,1.0,0,0,2856,480.61797752808985,4,0,0,0,0,0,14480,0.0,0
134581,55,0.0,18.865591749571376,1300.0,747.4545454545454,4224.369372556217,1.0,0,0,1768,378.0,4,0,0,0,0,0,14480,0.0,0
351,2,0.0,0.0,0.0,0.0,0.0,5.0,0,0,64,0.0,0,0,0,0,0,0,8688,0.0,0
1723,4,88.0,16.165807537309526,72.0,48.0,759.2162625585238,2.0,0,0,32,76.44444444444444,0,0,0,0,0,0,0,0.0,0
44733,17,0.0,348.18385947657026,192.0,88.94117647058823,520.162730947409,2.0,0,0,552,149.41176470588232,4,0,0,0,0,0,14480,0.0,0
356,2,0.0,0.0,0.0,0.0,0.0,2.0,0,0,64,0.0,0,0,0,0,0,0,8688,0.0,0
749955,5,0.0,27.885480092693403,0.0,0.0,51771.109942708405,6.0,0,0,116,9.0,4,0,0,0,0,0,16383,0.0,1
4427,4,114.0,0.0,52.0,50.0,2036.316609305472,2.0,0,0,32,85.55555555555556,0,0,0,0,0,0,0,0.0,0
3,0,56.0,0.0,0.0,0.0,0.0,0.0,0,0,0,56.0,0,0,0,0,0,0,0,0.0,1
29711,57,0.0,119.24175012846632,848.0,87.47368421052629,2452.939316859675,0.0,0,0,1832,65.65811965811966,4,0,0,0,0,0,24616,0.0,0
4306421,435,0.0,26.55073866702912,1448.0,1207.8896551724142,202497.91753299843,0.0,0,0,13928,783.7946428571428,4,0,0,0,1278,525432,34752,0.0,0
29393,51,0.0,19.449568485848584,1300.0,700.3529411764705,1091.2520815293672,1.0,0,0,1640,354.7843137254903,4,0,0,0,0,0,14480,0.0,0
1050,2,45.0,0.0,61.0,61.0,0.0,12.0,0,0,16,51.4,0,0,0,0,0,0,0,0.0,0
320,2,0.0,0.0,0.0,0.0,0.0,5.0,0,0,64,0.0,0,0,0,0,0,0,14480,0.0,0
1013,2,45.0,0.0,61.0,61.0,0.0,3.0,0,0,16,51.4,0,0,0,0,0,0,0,0.0,0
1135,2,45.0,0.0,61.0,61.0,0.0,9.0,0,0,16,51.4,0,0,0,0,0,0,0,0.0,0
11120569,7,0.0,78.04966367640542,837.0,239.1428571428572,2996252.9159475174,6.0,0,0,156,119.29411764705884,4,0,0,0,177,837,16383,186138.0,1
17666,15,0.0,99.13316607162618,277.0,46.66666666666666,2120.564523289941,1.0,0,0,488,46.66666666666666,4,0,0,0,0,0,10136,0.0,0
368,2,0.0,0.0,0.0,0.0,0.0,3.0,0,0,64,0.0,0,0,0,0,0,0,30408,0.0,0
319,2,0.0,0.0,0.0,0.0,0.0,5.0,0,0,64,0.0,0,0,0,0,0,0,5792,0.0,0
329,2,0.0,0.0,0.0,0.0,0.0,2.0,0,0,64,0.0,0,0,0,0,0,0,14480,0.0,0
325,2,0.0,0.0,0.0,0.0,0.0,5.0,0,0,64,0.0,0,0,0,0,0,0,20272,0.0,0
4,0,56.0,0.0,0.0,0.0,0.0,0.0,0,0,0,56.0,0,0,0,0,0,0,0,0.0,1
795258,17,0.0,606.0400852915895,122.0,51.647058823529406,49116.79742283445,1.0,0,0,356,223.7560975609756,4,0,0,0,0,0,16383,0.0,1
308,2,0.0,0.0,0.0,0.0,0.0,2.0,0,0,64,0.0,0,0,0,0,0,0,10136,0.0,0
293649,3,0.0,82.62364471909156,0.0,0.0,47772.19042183433,7.0,0,0,76,32.0,4,0,0,0,0,0,16383,0.0,1
311,2,0.0,0.0,0.0,0.0,0.0,5.0,0,0,64,0.0,0,0,0,0,0,0,59368,0.0,0
100378,67,0.0,17.367976855311046,1300.0,833.0149253731342,2213.7977448919,1.0,0,0,2152,420.0149253731344,4,0,0,0,0,0,14480,0.0,0
10596,57,0.0,119.24175012846632,848.0,87.47368421052629,318.4514923729442,0.0,0,0,1832,65.65811965811966,4,0,0,0,0,0,24616,0.0,0
442,2,0.0,0.0,0.0,0.0,0.0,2.0,0,0,64,0.0,0,0,0,0,0,0,14480,0.0,0
1727499,39,0.0,721.9551390890869,287.0,30.461538461538467,89521.30387786584,2.0,0,0,1256,399.2888888888889,4,0,0,0,0,0,30408,0.0,0
340,2,0.0,0.0,0.0,0.0,0.0,3.0,0,0,64,0.0,0,0,0,0,0,0,10136,0.0,0
87345,4,114.0,0.0,52.0,52.0,41555.94037358959,2.0,0,0,32,86.44444444444444,0,0,0,0,0,0,0,0.0,0
11430,39,0.0,21.08021663617728,1300.0,537.4871794871796,433.128709483658,1.0,0,0,1256,274.5641025641026,4,0,0,0,0,0,14480,0.0,0
324,2,0.0,0.0,0.0,0.0,0.0,5.0,0,0,64,0.0,0,0,0,0,0,0,14480,0.0,0
2548719,49,0.0,57.44209327956518,1360.0,334.1224489795917,123123.73419278616,1.0,0,0,1576,187.3617021276596,4,0,0,0,0,0,20272,0.0,0
151071,3,0.0,134.7798204480181,0.0,0.0,33593.90767237417,3.0,0,0,76,52.2,4,0,0,0,0,0,16383,0.0,1
331,2,0.0,0.0,0.0,0.0,0.0,3.0,0,0,64,0.0,0,0,0,0,0,0,14480,0.0,0
1019,2,37.0,0.0,53.0,53.0,0.0,9.0,0,0,16,43.4,0,0,0,0,0,0,0,0.0,0
7,0,198.0,0.0,0.0,0.0,0.0,0.0,0,0,0,198.0,0,0,0,0,0,0,0,0.0,1
326,2,0.0,0.0,0.0,0.0,0.0,4.0,0,0,64,0.0,0,0,0,0,0,0,5792,0.0,0
315,2,0.0,0.0,0.0,0.0,0.0,5.0,0,0,64,0.0,0,0,0,0,0,0,20272,0.0,0
62972,2,0.0,0.0,0.0,0.0,43233.92281530789,31.0,0,0,40,0.0,0,0,0,0,0,0,16383,0.0,0
25467,59,0.0,18.32713418813508,1300.0,749.6271186440678,609.6617426706308,1.0,0,0,1896,378.7966101694915,4,0,0,0,0,0,14480,0.0,0
1054,2,37.0,0.0,53.0,53.0,0.0,7.0,0,0,16,43.4,0,0,0,0,0,0,0,0.0,0
447,2,0.0,0.0,0.0,0.0,0.0,5.0,0,0,64,0.0,0,0,0,0,0,0,13032,0.0,0
333,2,0.0,0.0,0.0,0.0,0.0,2.0,0,0,64,0.0,0,0,0,0,0,0,14480,0.0,0
392,2,0.0,0.0,0.0,0.0,0.0,2.0,0,0,64,0.0,0,0,0,0,0,0,8688,0.0,0
344,2,0.0,0.0,0.0,0.0,0.0,3.0,0,0,64,0.0,0,0,0,0,0,0,8688,0.0,0
213281,5,0.0,248.85451860187595,312.0,124.8,41601.830478958494,5.0,0,0,116,126.46153846153848,4,0,0,0,0,0,16383,0.0,1
5,0,56.0,0.0,0.0,0.0,0.0,0.0,0,0,0,56.0,0,0,0,0,0,0,0,0.0,1
328,2,0.0,0.0,0.0,0.0,0.0,4.0,0,0,64,0.0,0,0,0,0,0,0,5792,0.0,0
344,2,0.0,0.0,0.0,0.0,0.0,4.0,0,0,64,0.0,0,0,0,0,0,0,10136,0.0,0
16472,43,0.0,20.774325260080392,1314.0,616.0930232558139,592.1946686772485,1.0,0,0,1384,313.5116279069767,4,0,0,0,0,0,14480,0.0,0
322,2,0.0,0.0,0.0,0.0,0.0,5.0,0,0,64,0.0,0,0,0,0,0,0,14480,0.0,0
110760,15,0.0,55.33514273929383,777.0,108.66666666666666,8164.583623406018,1.0,0,0,488,67.8,4,0,0,0,0,0,10136,0.0,0
6135,5,0.0,0.0,738.0,295.2,361.7102892279032,2.0,0,0,168,147.6,4,0,0,0,0,0,5792,0.0,0
20140,47,0.0,19.65548687392932,1300.0,633.3191489361701,642.2657903504945,0.0,0,0,1512,321.48936170212767,4,0,0,0,0,0,14480,0.0,0
1172526,15,0.0,116.7156607081734,1448.0,614.9333333333334,300414.79179893923,4.0,0,0,488,363.28571428571433,4,0,0,0,0,0,8688,0.0,0
459460,7,0.0,9.439868172337532,106.0,46.0,68802.91910283624,2.0,0,0,156,22.705882352941178,4,0,0,0,0,0,16383,0.0,1
1038,2,45.0,0.0,61.0,61.0,0.0,8.0,0,0,16,51.4,0,0,0,0,0,0,0,0.0,0
28062,39,0.0,717.5377467138461,287.0,30.461538461538467,913.3593307164506,2.0,0,0,1256,396.26666666666665,4,0,0,0,0,0,30408,0.0,0
546511,39,0.0,720.9311439282633,287.0,30.461538461538467,25708.811120186703,1.0,0,0,1256,398.6444444444444,4,0,0,0,0,0,30408,0.0,0
7475,33,0.0,22.3064253725967,1300.0,352.12121212121224,328.54494463491795,0.0,0,0,1064,182.9393939393939,4,0,0,0,0,0,14480,0.0,0
264805,5,0.0,125.40315937388652,450.0,180.0,50702.35648468422,1.0,0,0,116,108.76923076923076,4,0,0,0,0,0,16383,0.0,1
60246,2,0.0,0.0,0.0,0.0,32432.15962590219,6.0,0,0,40,0.0,0,0,0,0,0,0,16383,0.0,1
443627,25,0.0,230.53887722690823,192.0,60.48,21547.112256377488,1.0,0,0,808,91.20000000000005,4,0,0,0,0,0,14480,0.0,0
18258,15,0.0,99.13316607162618,277.0,46.66666666666666,2197.34132766314,1.0,0,0,488,46.66666666666666,4,0,0,0,0,0,10136,0.0,0
2520,5,0.0,0.0,719.0,287.6,406.74603050716223,4.0,0,0,168,143.79999999999998,4,0,0,0,0,0,5792,0.0,0
328,2,0.0,0.0,0.0,0.0,0.0,1.0,0,0,64,0.0,0,0,0,0,0,0,5792,0.0,0
8,0,504.0,0.0,0.0,0.0,0.0,0.0,0,0,0,504.0,0,0,0,0,0,0,0,0.0,1
9494,35,0.0,21.883828750570903,1300.0,403.37142857142857,353.5016233728959,1.0,0,0,1128,208.1714285714285,4,0,0,0,0,0,14480,0.0,0
337,2,0.0,0.0,0.0,0.0,0.0,2.0,0,0,64,0.0,0,0,0,0,0,0,47784,0.0,0
10,0,1012.0,0.0,0.0,0.0,0.0,0.0,0,0,0,1012.0,0,0,0,0,0,0,0,0.0,1
4150,15,0.0,325.4858931914971,192.0,100.8,298.8146104670444,1.0,0,0,488,154.5,4,0,0,0,0,0,14480,0.0,0
8,0,24.0,0.0,0.0,0.0,0.0,0.0,0,0,0,24.0,0,0,0,0,0,0,0,0.0,1
526507,3,0.0,150.27175383284776,0.0,0.0,94357.98778958782,6.0,0,0,76,58.2,4,0,0,0,0,0,16383,0.0,1
307,2,0.0,0.0,0.0,0.0,0.0,1.0,0,0,64,0.0,0,0,0,0,0,0,14480,0.0,0
304,2,0.0,0.0,0.0,0.0,0.0,4.0,0,0,64,0.0,0,0,0,0,0,0,14480,0.0,0
1016294,51,0.0,6.658307684726639,54.0,18.15686274509805,56475.58252686111,3.0,0,0,1640,11.254901960784316,4,0,0,0,0,0,20272,0.0,0
511965,11,0.0,10.15247394838949,76.0,29.63636363636364,56087.74444356509,1.0,0,0,236,18.260869565217394,4,0,0,0,0,0,16383,0.0,1
20059,39,0.0,21.08021663617728,1300.0,536.6666666666666,958.6805152553848,1.0,0,0,1256,274.1538461538462,4,0,0,0,0,0,14480,0.0,0
24945,39,0.0,718.6115569596125,287.0,30.461538461538467,797.9097128522409,2.0,0,0,1256,397.0666666666668,4,0,0,0,0,0,30408,0.0,0
19425,51,0.0,19.449568485848584,1300.0,662.0,587.4383474670598,1.0,0,0,1640,335.60784313725486,4,0,0,0,0,0,14480,0.0,0
499270,5,0.0,80.55805360111427,0.0,0.0,51226.80612726115,1.0,0,0,116,26.0,4,0,0,0,0,0,16383,0.0,1
1143613,15,0.0,122.41532220727564,1448.0,614.9333333333334,374023.6113221256,1.0,0,0,488,391.2307692307692,4,0,0,0,948,9224,8688,0.0,0
310,2,0.0,0.0,0.0,0.0,0.0,2.0,0,0,64,0.0,0,0,0,0,0,0,10136,0.0,0
88365,87,0.0,15.605242564779886,1300.0,977.747126436782,1604.9933034395506,1.0,0,0,2792,480.61797752808985,4,0,0,0,0,0,14480,0.0,0
166339,67,0.0,17.367976855311046,1300.0,853.6119402985072,3282.615944404941,1.0,0,0,2152,430.313432835821,4,0,0,0,0,0,14480,0.0,0
222196,5,0.0,718.7496213437738,0.0,0.0,55150.46817057252,4.0,0,0,168,481.88235294117646,4,0,0,0,0,0,10136,0.0,0
378,2,0.0,0.0,0.0,0.0,0.0,3.0,0,0,64,0.0,0,0,0,0,0,0,8688,0.0,0
59477,39,0.0,21.523615004105377,1300.0,540.4102564102565,2366.518004466788,1.0,0,0,1256,276.2307692307692,4,0,0,0,0,0,14480,0.0,0
784500,7,0.0,135.1305541565884,184.0,52.57142857142857,190110.0198740924,8.0,0,0,156,71.8888888888889,4,0,0,0,0,0,16383,0.0,1
4110,15,0.0,208.5633396996382,192.0,100.8,294.6037209217704,2.0,0,0,488,132.25,4,0,0,0,0,0,14480,0.0,0
8453,33,0.0,22.3064253725967,1300.0,404.7272727272728,387.02650571896527,1.0,0,0,1064,209.24242424242425,4,0,0,0,0,0,14480,0.0,0
337,2,0.0,0.0,0.0,0.0,0.0,4.0,0,0,64,0.0,0,0,0,0,0,0,8688,0.0,0
583306,15,0.0,99.13316607162618,277.0,46.66666666666666,77744.28867167093,1.0,0,0,488,46.66666666666666,4,0,0,0,0,0,10136,0.0,0
360,2,0.0,0.0,0.0,0.0,0.0,5.0,0,0,64,0.0,0,0,0,0,0,0,14480,0.0,0
1466523,15,0.0,116.7156607081734,1448.0,614.9333333333334,354535.95237195754,2.0,0,0,488,363.28571428571433,4,0,0,0,948,9224,8688,0.0,0
306,2,0.0,0.0,0.0,0.0,0.0,4.0,0,0,64,0.0,0,0,0,0,0,0,14480,0.0,0
376,2,0.0,0.0,0.0,0.0,0.0,2.0,0,0,64,0.0,0,0,0,0,0,0,8688,0.0,0
310,2,0.0,0.0,0.0,0.0,0.0,2.0,0,0,64,0.0,0,0,0,0,0,0,14480,0.0,0
364,2,0.0,0.0,0.0,0.0,0.0,2.0,0,0,64,0.0,0,0,0,0,0,0,14480,0.0,0
408418,4,114.0,0.0,52.0,50.0,226894.0369893694,6.0,0,0,32,85.55555555555556,0,0,0,0,0,0,0,0.0,0
42436,2,0.0,0.0,0.0,0.0,7963.436569722899,2.0,0,0,40,0.0,0,0,0,0,0,0,16383,0.0,1
378237,5,0.0,718.7496213437738,0.0,0.0,80415.79059833681,2.0,0,0,168,481.88235294117646,4,0,0,0,0,0,10136,0.0,0
4495,13,0.0,35.452381373177744,458.0,76.30769230769229,387.8616296965319,2.0,0,0,424,39.696969696969695,4,0,0,0,0,0,11584,0.0,0
607774,11,0.0,97.10205725837903,1460.0,891.6363636363637,146665.4622120241,2.0,0,0,236,537.1578947368422,4,0,0,0,0,0,16383,0.0,1
309538,25,0.0,269.36382378711767,192.0,60.48,13413.07774144412,2.0,0,0,808,96.96,4,0,0,0,0,0,14480,0.0,0
313,2,0.0,0.0,0.0,0.0,0.0,4.0,0,0,64,0.0,0,0,0,0,0,0,14480,0.0,0
13504,111,0.0,90.69600497793589,848.0,57.31531531531529,230.5166072696417,0.0,0,0,3560,46.98165137614679,4,0,0,0,0,0,41992,0.0,0
771136,7,0.0,82.35246548482063,193.0,55.14285714285715,177023.08894039784,7.0,0,0,156,62.24999999999999,4,0,0,0,0,0,16383,0.0,1
352,2,0.0,0.0,0.0,0.0,0.0,5.0,0,0,64,0.0,0,0,0,0,0,0,13032,0.0,0
96421,2,0.0,0.0,0.0,0.0,35346.85377795314,8.0,0,0,40,0.0,0,0,0,0,0,0,16383,0.0,1
1011348,15,0.0,122.41532220727564,1448.0,614.9333333333334,332938.85238863475,4.0,0,0,488,391.2307692307692,4,0,0,0,0,0,8688,0.0,0
37419,83,0.0,16.26082202818231,1300.0,937.3253012048192,585.182187785338,1.0,0,0,2664,471.5903614457832,4,0,0,0,0,0,14480,0.0,0
344,2,0.0,0.0,0.0,0.0,0.0,2.0,0,0,64,0.0,0,0,0,0,0,0,8688,0.0,0
4467,4,114.0,0.0,52.0,50.0,2064.604804799214,5.0,0,0,32,85.55555555555556,0,0,0,0,0,0,0,0.0,0
361,2,0.0,0.0,0.0,0.0,0.0,3.0,0,0,64,0.0,0,0,0,0,0,0,14480,0.0,0
6703,21,0.0,80.76372296624533,1045.0,145.52380952380955,553.2135888188225,1.0,0,0,680,91.04761904761908,4,0,0,0,0,0,13032,0.0,0
1006484,5,0.0,98.63197588341556,0.0,0.0,175291.78921643764,10.0,0,0,116,31.83333333333333,4,0,0,0,0,0,16383,0.0,1
1191330,39,0.0,723.8346696306248,287.0,30.461538461538467,48514.04324897211,2.0,0,0,1256,393.76086956521743,4,0,0,0,0,0,31856,0.0,0
1462671,19,0.0,664.4012749318397,124.0,49.68421052631579,94731.25041038668,2.0,0,0,396,305.10638297872345,4,0,0,0,0,0,16383,0.0,1
4747,4,114.0,0.0,48.0,48.0,2181.230233912352,4.0,0,0,32,84.66666666666667,0,0,0,0,0,0,0,0.0,0
353,2,0.0,0.0,0.0,0.0,0.0,2.0,0,0,64,0.0,0,0,0,0,0,0,47784,0.0,0
6433,23,0.0,303.8907132365151,445.0,47.30434782608695,377.1091247291996,2.0,0,0,744,76.72727272727273,4,0,0,0,0,0,17376,0.0,0
1158556,15,0.0,116.7156607081734,1448.0,614.9333333333334,298907.7017210558,3.0,0,0,488,363.28571428571433,4,0,0,0,0,0,8688,0.0,0
609452,435,0.0,26.443113225696,1448.0,1207.8896551724142,3660.465748810132,1.0,0,0,13928,781.4688427299702,4,0,0,0,0,0,34752,0.0,0
308,2,0.0,0.0,0.0,0.0,0.0,1.0,0,0,64,0.0,0,0,0,0,0,0,14480,0.0,0
1208,2,45.0,0.0,61.0,61.0,0.0,9.0,0,0,16,51.4,0,0,0,0,0,0,0,0.0,0
381,2,0.0,0.0,0.0,0.0,0.0,5.0,0,0,64,0.0,0,0,0,0,0,0,8688,0.0,0
1445203,21,0.0,710.0263239100092,124.0,44.57142857142858,95955.38116600752,2.0,0,0,436,440.6792452830189,4,0,0,0,0,0,16383,0.0,1
363,2,0.0,0.0,0.0,0.0,0.0,2.0,0,0,64,0.0,0,0,0,0,0,0,14480,0.0,0
317,2,0.0,0.0,0.0,0.0,0.0,2.0,0,0,64,0.0,0,0,0,0,0,0,14480,0.0,0
346,2,0.0,0.0,0.0,0.0,0.0,4.0,0,0,64,0.0,0,0,0,0,0,0,8688,0.0,0
8,0,56.0,0.0,0.0,0.0,0.0,0.0,0,0,0,56.0,0,0,0,0,0,0,0,0.0,1
1035,2,45.0,0.0,61.0,61.0,0.0,2.0,0,0,16,51.4,0,0,0,0,0,0,0,0.0,0
229639,9,0.0,0.0,1448.0,910.2222222222222,21511.86125838488,3.0,0,0,296,512.0,4,0,0,0,0,0,5792,0.0,0
347,2,0.0,0.0,0.0,0.0,0.0,2.0,0,0,64,0.0,0,0,0,0,0,0,10136,0.0,0
327,2,0.0,0.0,0.0,0.0,0.0,5.0,0,0,64,0.0,0,0,0,0,0,0,14480,0.0,0
65608,2,0.0,0.0,0.0,0.0,31971.833111349748,6.0,0,0,40,0.0,0,0,0,0,0,0,16383,0.0,1
1019,2,45.0,0.0,61.0,61.0,0.0,5.0,0,0,16,51.4,0,0,0,0,0,0,0,0.0,0
987,2,45.0,0.0,61.0,61.0,0.0,5.0,0,0,16,51.4,0,0,0,0,0,0,0,0.0,0
920564,19,0.0,727.0969859840068,136.0,58.10526315789474,55062.77112221235,3.0,0,0,396,538.0350877192982,4,0,0,0,0,0,16383,0.0,1
317,2,0.0,0.0,0.0,0.0,0.0,2.0,0,0,64,0.0,0,0,0,0,0,0,14480,0.0,0
167126,69,0.0,17.413875622106488,1300.0,833.2173913043476,3162.5899427852337,1.0,0,0,2216,414.1285714285714,4,0,0,0,0,0,14480,0.0,0
1810,4,88.0,18.475208614068023,72.0,48.0,784.9078502176758,3.0,0,0,32,77.33333333333333,0,0,0,0,0,0,0,0.0,0
364,2,0.0,0.0,0.0,0.0,0.0,4.0,0,0,64,0.0,0,0,0,0,0,0,14480,0.0,0
340,2,0.0,0.0,0.0,0.0,0.0,2.0,0,0,64,0.0,0,0,0,0,0,0,14480,0.0,0
22467,45,0.0,19.989267733569253,1300.0,641.1111111111111,1290.2920145591054,0.0,0,0,1448,325.6,4,0,0,0,0,0,14480,0.0,0
315,2,0.0,0.0,0.0,0.0,0.0,2.0,0,0,64,0.0,0,0,0,0,0,0,14480,0.0,0
346,2,0.0,0.0,0.0,0.0,0.0,2.0,0,0,64,0.0,0,0,0,0,0,0,5792,0.0,0
9471,35,0.0,21.883828750570903,1300.0,408.7428571428571,400.9637891721305,1.0,0,0,1128,210.8571428571429,4,0,0,0,0,0,14480,0.0,0
330,2,0.0,0.0,0.0,0.0,0.0,5.0,0,0,64,0.0,0,0,0,0,0,0,13032,0.0,0
999105,51,0.0,6.658307684726639,54.0,18.15686274509805,43618.877394266514,1.0,0,0,1640,11.254901960784316,4,0,0,0,0,0,20272,0.0,0
850311,5,0.0,51.33982642917464,820.0,328.0,124950.79543878748,5.0,0,0,116,125.86666666666667,4,0,0,0,0,0,16383,0.0,1
322,2,0.0,0.0,0.0,0.0,0.0,5.0,0,0,64,0.0,0,0,0,0,0,0,20272,0.0,0
327,2,0.0,0.0,0.0,0.0,0.0,4.0,0,0,64,0.0,0,0,0,0,0,0,59368,0.0,0
323,2,0.0,0.0,0.0,0.0,0.0,4.0,0,0,64,0.0,0,0,0,0,0,0,10136,0.0,0
18461,15,0.0,99.13316607162618,277.0,46.66666666666666,2285.0696196542167,1.0,0,0,488,46.66666666666666,4,0,0,0,0,0,10136,0.0,0
330,2,0.0,0.0,0.0,0.0,0.0,3.0,0,0,64,0.0,0,0,0,0,0,0,14480,0.0,0
3704,9,0.0,65.29726895769328,776.0,180.88888888888889,357.25403348939875,5.0,0,0,296,103.0,4,0,0,0,0,0,10136,0.0,0
1000,2,45.0,0.0,61.0,61.0,0.0,8.0,0,0,16,51.4,0,0,0,0,0,0,0,0.0,0
170427,83,0.0,16.26082202818231,1300.0,878.4096385542167,3930.1813591804366,1.0,0,0,2664,442.1325301204821,4,0,0,0,0,0,14480,0.0,0
4375,9,0.0,62.487687676142336,777.0,181.11111111111111,564.5673367967524,1.0,0,0,296,101.7,4,0,0,0,0,0,10136,0.0,0
119271,39,0.0,723.6698424118049,287.0,30.461538461538467,10332.99981442785,1.0,0,0,1256,400.3111111111113,4,0,0,0,0,0,30408,0.0,0
348,2,0.0,0.0,0.0,0.0,0.0,2.0,0,0,64,0.0,0,0,0,0,0,0,47784,0.0,0
428749,5,0.0,638.5541872073192,0.0,0.0,43091.38220406887,2.0,0,0,116,747.3636363636365,4,0,0,0,0,0,16383,0.0,1
256084,3,0.0,23.2379000772445,0.0,0.0,59113.57458739913,3.0,0,0,76,9.0,4,0,0,0,0,0,16383,0.0,0
311,2,0.0,0.0,0.0,0.0,0.0,1.0,0,0,64,0.0,0,0,0,0,0,0,14480,0.0,0
1005216,15,0.0,116.7156607081734,1448.0,614.9333333333334,301296.78632220905,1.0,0,0,488,363.28571428571433,4,0,0,0,0,0,8688,0.0,0
12493,37,0.0,21.474606635715823,1300.0,448.3783783783784,672.1756748165809,1.0,0,0,1192,230.3243243243243,4,0,0,0,0,0,14480,0.0,0
275133,3,0.0,538.0864862330839,0.0,0.0,66549.59151114302,3.0,0,0,76,208.4,4,0,0,0,0,0,16383,0.0,1
311,2,0.0,0.0,0.0,0.0,0.0,4.0,0,0,64,0.0,0,0,0,0,0,0,20272,0.0,0
55019,2,0.0,0.0,0.0,0.0,19149.15874131289,8.0,0,0,40,0.0,0,0,0,0,0,0,16383,0.0,1
1478856,13,0.0,116.7156607081734,1448.0,709.5384615384617,303061.9263741623,3.0,0,0,424,391.2307692307692,4,0,0,0,0,0,8688,0.0,0
3,0,0.0,0.0,0.0,0.0,0.0,0.0,0,0,0,0.0,2,0,0,0,0,0,0,0.0,0
1160384,15,0.0,116.7156607081734,1448.0,614.9333333333334,298828.4722475725,1.0,0,0,488,363.28571428571433,4,0,0,0,0,0,8688,0.0,0
1248,2,37.0,0.0,53.0,53.0,0.0,3.0,0,0,16,43.4,0,0,0,0,0,0,0,0.0,0
322,2,0.0,0.0,0.0,0.0,0.0,3.0,0,0,64,0.0,0,0,0,0,0,0,14480,0.0,0
12339,4,114.0,0.0,48.0,48.0,2044.3973032004649,2.0,0,0,32,84.66666666666667,0,0,0,0,0,0,0,0.0,0
1045060,3,0.0,45.95940237499468,0.0,0.0,195227.748038797,5.0,0,0,76,17.8,4,0,0,0,0,0,16383,0.0,1
459925,3,0.0,26.85268453370476,0.0,0.0,86176.98821785314,1.0,0,0,76,10.4,4,0,0,0,0,0,16383,0.0,1
904704,7,0.0,101.00565755017318,370.0,105.71428571428572,227256.6132101917,5.0,0,0,156,76.93333333333334,4,0,0,0,0,0,16383,0.0,1
12,0,504.0,0.0,0.0,0.0,0.0,0.0,0,0,0,504.0,0,0,0,0,0,0,0,0.0,0
1114416,15,0.0,122.41532220727564,1448.0,614.9333333333334,364349.0559000775,2.0,0,0,488,391.2307692307692,4,0,0,0,948,9224,8688,0.0,0
93195,2,0.0,0.0,0.0,0.0,65894.57383199318,7.0,0,0,40,0.0,0,0,0,0,0,0,16383,0.0,0
120592,21,0.0,81.21193845345906,433.0,50.095238095238095,12206.060362983437,1.0,0,0,680,44.23809523809524,4,0,0,0,0,0,13032,0.0,0
352,2,0.0,0.0,0.0,0.0,0.0,4.0,0,0,64,0.0,0,0,0,0,0,0,5792,0.0,0
370354,3,0.0,80.55805360111427,0.0,0.0,66489.88951186488,6.0,0,0,76,31.2,4,0,0,0,0,0,16383,0.0,1
1006561,15,0.0,122.41532220727564,1448.0,614.9333333333334,333388.8342175611,1.0,0,0,488,391.2307692307692,4,0,0,0,948,9224,8688,0.0,0
3877252,51,0.0,6.658307684726639,54.0,18.15686274509805,152968.58197288722,1.0,0,0,1640,11.254901960784316,4,0,0,0,0,0,20272,0.0,0
1731352,123,0.0,27.095282647292944,1448.0,70.26016260162598,23641.14962224406,1.0,0,0,3944,41.37704918032787,4,0,0,0,0,0,47784,0.0,0
1092,2,45.0,0.0,61.0,61.0,0.0,9.0,0,0,16,51.4,0,0,0,0,0,0,0,0.0,0
1040,2,45.0,0.0,61.0,61.0,0.0,7.0,0,0,16,51.4,0,0,0,0,0,0,0,0.0,0
63787,2,0.0,0.0,0.0,0.0,33809.603635653584,10.0,0,0,40,0.0,0,0,0,0,0,0,16383,0.0,1
6,0,24.0,0.0,0.0,0.0,0.0,0.0,0,0,0,24.0,0,0,0,0,0,0,0,0.0,1
67757,2,0.0,0.0,0.0,0.0,34364.68245888502,6.0,0,0,40,0.0,0,0,0,0,0,0,16383,0.0,0
1200458,15,0.0,116.7156607081734,1448.0,614.9333333333334,319869.3544351563,1.0,0,0,488,363.28571428571433,4,0,0,0,948,9224,8688,0.0,0
24859,15,0.0,99.13316607162618,277.0,46.66666666666666,3489.8498975876178,1.0,0,0,488,46.66666666666666,4,0,0,0,0,0,10136,0.0,0
1074,2,45.0,0.0,61.0,61.0,0.0,10.0,0,0,16,51.4,0,0,0,0,0,0,0,0.0,0
318,2,0.0,0.0,0.0,0.0,0.0,1.0,0,0,64,0.0,0,0,0,0,0,0,10136,0.0,0
961,2,37.0,0.0,53.0,53.0,0.0,7.0,0,0,16,43.4,0,0,0,0,0,0,0,0.0,0
380,2,0.0,0.0,0.0,0.0,0.0,5.0,0,0,64,0.0,0,0,0,0,0,0,10136,0.0,0
75471,2,0.0,0.0,0.0,0.0,15216.230824353315,1.0,0,0,40,0.0,0,0,0,0,0,0,16383,0.0,1
117,2,0.0,0.0,0.0,0.0,0.0,3.0,0,0,64,0.0,0,0,0,0,0,0,5792,0.0,0
4824336,435,0.0,27.46171945999485,1448.0,1207.8896551724142,196869.4305901329,1.0,0,0,13928,802.9115853658539,4,0,0,0,1278,525432,34752,0.0,0
107,2,0.0,0.0,0.0,0.0,0.0,6.0,0,0,64,0.0,0,0,0,0,0,0,14480,0.0,0
366,2,0.0,0.0,0.0,0.0,0.0,3.0,0,0,64,0.0,0,0,0,0,0,0,8688,0.0,0
1121,2,37.0,0.0,53.0,53.0,0.0,2.0,0,0,16,43.4,0,0,0,0,0,0,0,0.0,0
2406,4,88.0,23.09401076758504,72.0,48.0,798.1881565980125,5.0,0,0,32,79.11111111111111,0,0,0,0,0,0,0,0.0,0
1043,2,45.0,0.0,61.0,61.0,0.0,2.0,0,0,16,51.4,0,0,0,0,0,0,0,0.0,0
1364954,7,0.0,64.57188070497698,183.0,52.285714285714285,252291.8662411228,6.0,0,0,156,49.88235294117647,4,0,0,0,0,0,16383,0.0,1
222945,9,0.0,0.0,1448.0,910.2222222222222,26788.188940277392,5.0,0,0,296,512.0,4,0,0,0,0,0,5792,0.0,0
348,2,0.0,0.0,0.0,0.0,0.0,4.0,0,0,64,0.0,0,0,0,0,0,0,14480,0.0,0
347,2,0.0,0.0,0.0,0.0,0.0,2.0,0,0,64,0.0,0,0,0,0,0,0,8688,0.0,0
361,2,0.0,0.0,0.0,0.0,0.0,2.0,0,0,64,0.0,0,0,0,0,0,0,8688,0.0,0
340,2,0.0,0.0,0.0,0.0,0.0,23.0,0,0,64,0.0,0,0,0,0,0,0,14480,0.0,0
389,2,0.0,0.0,0.0,0.0,0.0,2.0,0,0,64,0.0,0,0,0,0,0,0,13032,0.0,0
4240,15,0.0,254.02099650750657,192.0,100.8,315.4856120785406,3.0,0,0,488,140.99999999999997,4,0,0,0,0,0,14480,0.0,0
43611,2,0.0,0.0,0.0,0.0,17636.657336354867,3.0,0,0,40,0.0,0,0,0,0,0,0,16383,0.0,1
321,2,0.0,0.0,0.0,0.0,0.0,5.0,0,0,64,0.0,0,0,0,0,0,0,14480,0.0,0
387,2,0.0,0.0,0.0,0.0,0.0,2.0,0,0,64,0.0,0,0,0,0,0,0,8688,0.0,0
97564,71,0.0,17.413875622106488,1300.0,862.845070422535,2228.121584900934,1.0,0,0,2280,434.8450704225354,4,0,0,0,0,0,14480,0.0,0
4616,15,0.0,209.84756372185976,192.0,100.8,314.2819934844684,1.0,0,0,488,132.49999999999997,4,0,0,0,0,0,14480,0.0,0
24120520,743,0.0,18.70710453779761,1448.0,1411.9784656796774,107080.14547835772,1.0,0,0,23784,986.4417293233078,4,0,0,0,0,0,7240,0.0,0
4264,15,0.0,348.18385947657026,192.0,100.8,297.84051341040123,1.0,0,0,488,158.75,4,0,0,0,0,0,14480,0.0,0
1008477,15,0.0,116.7156607081734,1448.0,614.9333333333334,301194.5495115318,2.0,0,0,488,363.28571428571433,4,0,0,0,0,0,8688,0.0,0
126,2,0.0,0.0,0.0,0.0,0.0,3.0,0,0,64,0.0,0,0,0,0,0,0,10136,0.0,0
1093,2,37.0,0.0,53.0,53.0,0.0,7.0,0,0,16,43.4,0,0,0,0,0,0,0,0.0,0
803739,11,0.0,522.904239636671,0.0,0.0,46864.158681337394,1.0,0,0,236,1010.3466666666671,4,0,0,0,0,0,16383,0.0,1
317,2,0.0,0.0,0.0,0.0,0.0,2.0,0,0,64,0.0,0,0,0,0,0,0,14480,0.0,0
318,2,0.0,0.0,0.0,0.0,0.0,2.0,0,0,64,0.0,0,0,0,0,0,0,14480,0.0,0
354,2,0.0,0.0,0.0,0.0,0.0,2.0,0,0,64,0.0,0,0,0,0,0,0,5792,0.0,0
307,2,0.0,0.0,0.0,0.0,0.0,2.0,0,0,64,0.0,0,0,0,0,0,0,14480,0.0,0
133,2,0.0,0.0,0.0,0.0,0.0,4.0,0,0,64,0.0,0,0,0,0,0,0,5792,0.0,0
1,0,56.0,0.0,0.0,0.0,0.0,0.0,0,0,0,56.0,0,0,0,0,0,0,0,0.0,1
323,2,0.0,0.0,0.0,0.0,0.0,2.0,0,0,64,0.0,0,0,0,0,0,0,14480,0.0,0
24741,15,0.0,99.13316607162618,277.0,46.66666666666666,2992.233391075413,2.0,0,0,488,46.66666666666666,4,0,0,0,0,0,10136,0.0,0
91446,65,0.0,18.08596645301772,1300.0,788.8307692307693,2192.250996847697,1.0,0,0,2088,398.1538461538463,4,0,0,0,0,0,14480,0.0,0
1159,2,38.0,0.0,54.0,54.0,0.0,8.0,0,0,16,44.4,0,0,0,0,0,0,0,0.0,0
317,2,0.0,0.0,0.0,0.0,0.0,2.0,0,0,64,0.0,0,0,0,0,0,0,14480,0.0,0
1004948,15,0.0,122.41532220727564,1448.0,614.9333333333334,332853.55184291553,2.0,0,0,488,391.2307692307692,4,0,0,0,0,0,8688,0.0,0
346,2,0.0,0.0,0.0,0.0,0.0,2.0,0,0,64,0.0,0,0,0,0,0,0,30408,0.0,0
4963,4,114.0,0.0,52.0,50.0,2237.2343045227367,4.0,0,0,32,85.55555555555556,0,0,0,0,0,0,0,0.0,0
3,0,56.0,0.0,0.0,0.0,0.0,0.0,0,0,0,56.0,0,0,0,0,0,0,0,0.0,1
334,2,0.0,0.0,0.0,0.0,0.0,1.0,0,0,64,0.0,0,0,0,0,0,0,30408,0.0,0
52396,15,0.0,99.13316607162618,277.0,46.66666666666666,7518.620555933287,1.0,0,0,488,46.66666666666666,4,0,0,0,0,0,10136,0.0,0
352,2,0.0,0.0,0.0,0.0,0.0,4.0,0,0,64,0.0,0,0,0,0,0,0,30408,0.0,0
729549,5,0.0,30.983866769659336,0.0,0.0,58244.2481683814,8.0,0,0,116,9.999999999999998,4,0,0,0,0,0,16383,0.0,1
1008,2,38.0,0.0,54.0,54.0,0.0,1.0,0,0,16,44.4,0,0,0,0,0,0,0,0.0,0
1094,2,45.0,0.0,61.0,61.0,0.0,2.0,0,0,16,51.4,0,0,0,0,0,0,0,0.0,0
43346,37,0.0,21.08021663617728,1300.0,481.8918918918919,1847.990030994392,1.0,0,0,1192,240.57894736842107,4,0,0,0,0,0,14480,0.0,0
1509255,15,0.0,295.30850020633955,90.0,34.8,140100.23747630362,2.0,0,0,316,75.63636363636365,4,0,0,0,0,0,16383,0.0,1
478812,5,0.0,274.20722091148514,0.0,0.0,48475.96219261666,6.0,0,0,116,88.5,4,0,0,0,0,0,16383,0.0,1
18104,47,0.0,19.65548687392932,1300.0,633.1914893617022,561.1593041610062,1.0,0,0,1512,321.4255319148935,4,0,0,0,0,0,14480,0.0,0
574814,5,0.0,49.57418683145494,0.0,0.0,83990.18645234693,8.0,0,0,116,16.000000000000004,4,0,0,0,0,0,16383,0.0,1
4698,4,114.0,0.0,52.0,52.0,2084.812781362714,2.0,0,0,32,86.44444444444444,0,0,0,0,0,0,0,0.0,0
328,2,0.0,0.0,0.0,0.0,0.0,3.0,0,0,64,0.0,0,0,0,0,0,0,14480,0.0,0
113,2,0.0,0.0,0.0,0.0,0.0,3.0,0,0,64,0.0,0,0,0,0,0,0,52128,0.0,0
11529,35,0.0,21.883828750570903,1300.0,442.3428571428572,388.2841284342426,1.0,0,0,1128,227.65714285714293,4,0,0,0,0,0,14480,0.0,0
322,2,0.0,0.0,0.0,0.0,0.0,3.0,0,0,64,0.0,0,0,0,0,0,0,14480,0.0,0
2124349,123,0.0,27.090154495466344,1448.0,71.91869918699187,34809.87866988284,1.0,0,0,3944,42.22950819672132,4,0,0,0,0,0,47784,0.0,0
24471,59,0.0,18.83709254785309,1300.0,714.6440677966102,654.2839085270198,1.0,0,0,1896,361.4406779661017,4,0,0,0,0,0,14480,0.0,0
1018,2,45.0,0.0,61.0,61.0,0.0,6.0,0,0,16,51.4,0,0,0,0,0,0,0,0.0,0
2862665,435,0.0,26.55073866702912,1448.0,1207.8896551724142,147720.24462777606,1.0,0,0,13928,783.7946428571427,4,0,0,0,1278,525432,34752,0.0,0
232033,3,0.0,160.0833116432399,0.0,0.0,48123.41393542232,10.0,0,0,76,62.0,4,0,0,0,0,0,16383,0.0,1
11418,35,0.0,21.883828750570903,1300.0,442.3428571428572,641.2015709162404,1.0,0,0,1128,227.65714285714293,4,0,0,0,0,0,14480,0.0,0
41138,69,0.0,17.20526450713744,1300.0,909.4492753623186,947.0146274624096,1.0,0,0,2216,445.338028169014,4,0,0,0,0,0,14480,0.0,0
120,2,0.0,0.0,0.0,0.0,0.0,2.0,0,0,64,0.0,0,0,0,0,0,0,5792,0.0,0
23487,39,0.0,21.08021663617728,1307.0,546.5641025641027,1169.9182865898358,1.0,0,0,1256,279.10256410256414,4,0,0,0,0,0,14480,0.0,0
317,2,0.0,0.0,0.0,0.0,0.0,2.0,0,0,64,0.0,0,0,0,0,0,0,34752,0.0,0
1081,2,45.0,0.0,61.0,61.0,0.0,8.0,0,0,16,51.4,0,0,0,0,0,0,0,0.0,0
47470,2,0.0,0.0,0.0,0.0,17416.040020624667,8.0,0,0,40,0.0,0,0,0,0,0,0,16383,0.0,1
98277,59,0.0,18.83709254785309,1300.0,776.3389830508477,2295.432693142377,1.0,0,0,1896,392.2881355932204,4,0,0,0,0,0,14480,0.0,0
62120,2,0.0,0.0,0.0,0.0,21442.306032700868,9.0,0,0,40,0.0,0,0,0,0,0,0,16383,0.0,0
1026159,15,0.0,122.41532220727564,1448.0,614.9333333333334,332237.4628609032,2.0,0,0,488,391.2307692307692,4,0,0,0,0,0,8688,0.0,0
19548,35,0.0,21.883828750570903,1300.0,412.9714285714285,992.9719261953588,0.0,0,0,1128,212.97142857142853,4,0,0,0,0,0,14480,0.0,0
324,2,0.0,0.0,0.0,0.0,0.0,2.0,0,0,64,0.0,0,0,0,0,0,0,10136,0.0,0
45156,39,0.0,723.023262673717,287.0,30.461538461538467,1599.679299013986,2.0,0,0,1256,399.9333333333334,4,0,0,0,0,0,30408,0.0,0
519967,5,0.0,643.6480275222891,0.0,0.0,46074.595078395374,7.0,0,0,116,782.6363636363636,4,0,0,0,0,0,16383,0.0,0
363338,5,0.0,718.7496213437738,0.0,0.0,75747.06471621341,1.0,0,0,168,481.88235294117646,4,0,0,0,0,0,10136,0.0,0
1013571,15,0.0,116.7156607081734,1448.0,614.9333333333334,301062.07306029706,2.0,0,0,488,363.28571428571433,4,0,0,0,0,0,8688,0.0,0
1035,2,45.0,0.0,61.0,61.0,0.0,7.0,0,0,16,51.4,0,0,0,0,0,0,0,0.0,0
1047,2,45.0,0.0,61.0,61.0,0.0,2.0,0,0,16,51.4,0,0,0,0,0,0,0,0.0,0
351233,5,0.0,718.7496213437738,0.0,0.0,73179.89360442905,3.0,0,0,168,481.88235294117646,4,0,0,0,0,0,10136,0.0,0
5796,15,0.0,313.5006645394339,192.0,100.8,508.2764808176559,3.0,0,0,488,152.24999999999997,4,0,0,0,0,0,14480,0.0,0
314,2,0.0,0.0,0.0,0.0,0.0,4.0,0,0,64,0.0,0,0,0,0,0,0,14480,0.0,0
1039,2,45.0,0.0,61.0,61.0,0.0,9.0,0,0,16,51.4,0,0,0,0,0,0,0,0.0,0
5767,21,0.0,80.76372296624533,1045.0,145.52380952380955,443.08882586039016,1.0,0,0,680,91.04761904761908,4,0,0,0,0,0,13032,0.0,0
301,2,0.0,0.0,0.0,0.0,0.0,4.0,0,0,64,0.0,0,0,0,0,0,0,14480,0.0,0
178121,195,0.0,38.16951785667689,1448.0,1173.1179487179493,2494.9797146987817,1.0,0,0,6248,750.640522875817,4,0,0,0,0,0,20272,0.0,0
897888,7,0.0,152.1904352166343,181.0,51.71428571428572,197403.9817801725,4.0,0,0,156,83.25,4,0,0,0,0,0,16383,0.0,1
27550,43,0.0,20.774325260080392,1300.0,603.4418604651162,1281.584138821189,1.0,0,0,1384,307.1860465116279,4,0,0,0,0,0,14480,0.0,0
1733,4,88.0,16.165807537309526,72.0,48.0,785.4864734672393,4.0,0,0,32,76.44444444444444,0,0,0,0,0,0,0,0.0,0
338,2,0.0,0.0,0.0,0.0,0.0,3.0,0,0,64,0.0,0,0,0,0,0,0,8688,0.0,0
315,2,0.0,0.0,0.0,0.0,0.0,4.0,0,0,64,0.0,0,0,0,0,0,0,14480,0.0,0
116,2,0.0,0.0,0.0,0.0,0.0,3.0,0,0,64,0.0,0,0,0,0,0,0,5792,0.0,0
1505654,435,0.0,26.88165599245897,1448.0,1207.8896551724142,59509.82161272812,1.0,0,0,13928,790.8558558558561,4,0,0,0,0,0,34752,0.0,0
323,2,0.0,0.0,0.0,0.0,0.0,2.0,0,0,64,0.0,0,0,0,0,0,0,14480,0.0,0
3712,9,0.0,65.29726895769328,776.0,180.88888888888889,371.2275058654882,5.0,0,0,296,103.0,4,0,0,0,0,0,10136,0.0,0
151,2,0.0,0.0,0.0,0.0,0.0,6.0,0,0,64,0.0,0,0,0,0,0,0,28960,0.0,0
1046470,29,0.0,606.6943847075261,111.0,29.37931034482759,27864.32574178573,2.0,0,0,596,853.0076335877862,4,0,0,0,0,0,16383,0.0,1
989,2,37.0,0.0,53.0,53.0,0.0,3.0,0,0,16,43.4,0,0,0,0,0,0,0,0.0,0
445695,3,0.0,145.62417381739888,0.0,0.0,99004.09700966926,8.0,0,0,76,56.400000000000006,4,0,0,0,0,0,16383,0.0,1
5,0,643.0,0.0,0.0,0.0,0.0,0.0,0,0,0,643.0,0,0,0,0,0,0,0,0.0,1
3,0,680.0,0.0,0.0,0.0,0.0,0.0,0,0,0,680.0,0,0,0,0,0,0,0,0.0,1
1074,2,45.0,0.0,61.0,61.0,0.0,7.0,0,0,16,51.4,0,0,0,0,0,0,0,0.0,0
172324,3,0.0,637.2727606202633,0.0,0.0,31186.446606697293,2.0,0,0,76,328.0,4,0,0,0,0,0,16383,0.0,1
348,2,0.0,0.0,0.0,0.0,0.0,1.0,0,0,64,0.0,0,0,0,0,0,0,8688,0.0,0
589328,7,0.0,94.17435703953346,367.0,104.85714285714286,170497.71271046423,4.0,0,0,156,74.66666666666667,4,0,0,0,0,0,16383,0.0,1
33072,39,0.0,718.9534343866274,287.0,30.461538461538467,1009.7578193515,2.0,0,0,1256,397.31111111111113,4,0,0,0,0,0,30408,0.0,0
348,2,0.0,0.0,0.0,0.0,0.0,3.0,0,0,64,0.0,0,0,0,0,0,0,10136,0.0,0
2375,2,45.0,0.0,61.0,61.0,0.0,2.0,0,0,16,51.4,0,0,0,0,0,0,0,0.0,0
116,2,0.0,0.0,0.0,0.0,0.0,3.0,0,0,64,0.0,0,0,0,0,0,0,52128,0.0,0
316,2,0.0,0.0,0.0,0.0,0.0,2.0,0,0,64,0.0,0,0,0,0,0,0,34752,0.0,0
39530,43,0.0,20.337683508684545,1300.0,587.953488372093,1712.2887151127402,1.0,0,0,1384,299.2558139534884,4,0,0,0,0,0,14480,0.0,0
321,2,0.0,0.0,0.0,0.0,0.0,3.0,0,0,64,0.0,0,0,0,0,0,0,14480,0.0,0
15089,43,0.0,20.774325260080392,1328.0,616.4186046511628,522.3074391348546,0.0,0,0,1384,313.6744186046512,4,0,0,0,0,0,14480,0.0,0
317,2,0.0,0.0,0.0,0.0,0.0,3.0,0,0,64,0.0,0,0,0,0,0,0,5792,0.0,0
47594,9,0.0,0.0,1448.0,910.2222222222222,20627.54640038413,2.0,0,0,296,512.0,4,0,0,0,0,0,5792,0.0,0
624543,5,0.0,29.277002188455995,0.0,0.0,203111.2016324227,5.0,0,0,116,9.23076923076923,4,0,0,0,0,0,16383,0.0,1
33568,47,0.0,20.08417070838321,1300.0,593.5744680851064,1324.7819786323678,1.0,0,0,1512,301.7872340425533,4,0,0,0,0,0,14480,0.0,0
730213,19,0.0,721.3545323518372,108.0,45.47368421052632,40033.59509292378,5.0,0,0,396,550.8000000000002,4,0,0,0,0,0,16383,0.0,1
1004434,15,0.0,122.41532220727564,1448.0,614.9333333333334,332983.98020813253,2.0,0,0,488,391.2307692307692,4,0,0,0,0,0,8688,0.0,0
796385,19,0.0,719.595461964493,123.0,50.52631578947368,40405.81764266103,3.0,0,0,396,524.779661016949,4,0,0,0,0,0,16383,0.0,1
316,2,0.0,0.0,0.0,0.0,0.0,2.0,0,0,64,0.0,0,0,0,0,0,0,14480,0.0,0
847208,51,0.0,6.658307684726639,54.0,18.15686274509805,42757.08659251823,2.0,0,0,1640,11.254901960784316,4,0,0,0,0,0,20272,0.0,0
1100338,37,0.0,719.5914940904644,287.0,32.108108108108105,43313.379487031314,1.0,0,0,1192,406.7954545454547,4,0,0,0,0,0,30408,0.0,0
127527,63,0.0,17.829381154819387,1300.0,763.777777777778,3361.8193981196805,1.0,0,0,2024,385.6190476190477,4,0,0,0,0,0,14480,0.0,0
1072,2,45.0,0.0,61.0,61.0,0.0,8.0,0,0,16,51.4,0,0,0,0,0,0,0,0.0,0
240284,3,0.0,174.5424494690809,0.0,0.0,50821.2467527116,13.0,0,0,76,67.60000000000001,4,0,0,0,0,0,16383,0.0,1
542,2,0.0,0.0,0.0,0.0,0.0,4.0,0,0,64,0.0,0,0,0,0,0,0,31856,0.0,0
225774,5,0.0,718.7496213437738,0.0,0.0,53912.12853451644,2.0,0,0,168,481.88235294117646,4,0,0,0,0,0,10136,0.0,0
323,2,0.0,0.0,0.0,0.0,0.0,2.0,0,0,64,0.0,0,0,0,0,0,0,10136,0.0,0
4384,15,0.0,340.1646660075088,192.0,100.8,320.44787110423766,2.0,0,0,488,157.24999999999997,4,0,0,0,0,0,14480,0.0,0
334800,25,0.0,267.3801327410385,192.0,60.48,13338.091908140384,1.0,0,0,808,94.15384615384616,4,0,0,0,0,0,14480,0.0,0
795694,7,0.0,501.8203292585334,195.0,55.71428571428572,198741.9780300219,7.0,0,0,156,181.75,4,0,0,0,0,0,16383,0.0,1
944643,7,0.0,72.69898800631861,201.0,57.42857142857143,173613.11780260978,4.0,0,0,156,59.125,4,0,0,0,0,0,16383,0.0,1
608126,5,0.0,269.79608702023194,215.0,86.0,93755.86676906704,3.0,0,0,116,138.0,4,0,0,0,0,0,16383,0.0,1
307,2,0.0,0.0,0.0,0.0,0.0,2.0,0,0,64,0.0,0,0,0,0,0,0,14480,0.0,0
483,2,0.0,0.0,0.0,0.0,0.0,5.0,0,0,64,0.0,0,0,0,0,0,0,14480,0.0,0
582374,3,0.0,619.1609376136925,0.0,0.0,142713.93406566858,7.0,0,0,76,239.8,4,0,0,0,0,0,16383,0.0,1
305,2,0.0,0.0,0.0,0.0,0.0,2.0,0,0,64,0.0,0,0,0,0,0,0,14480,0.0,0
4732,4,114.0,0.0,52.0,52.0,2137.928280680466,6.0,0,0,32,86.44444444444444,0,0,0,0,0,0,0,0.0,0
1162406,15,0.0,116.7156607081734,1448.0,614.9333333333334,298899.9141993855,4.0,0,0,488,363.28571428571433,4,0,0,0,0,0,8688,0.0,0
13192,15,0.0,99.13316607162618,277.0,46.66666666666666,1908.1785885081683,1.0,0,0,488,46.66666666666666,4,0,0,0,0,0,10136,0.0,0
1766,4,88.0,20.784609690826528,72.0,48.0,782.5984496108673,1.0,0,0,32,78.22222222222223,0,0,0,0,0,0,0,0.0,0
21128,43,0.0,20.337683508684545,1300.0,586.5116279069769,794.7255562495128,1.0,0,0,1384,298.5348837209303,4,0,0,0,0,0,14480,0.0,0
347,2,0.0,0.0,0.0,0.0,0.0,3.0,0,0,64,0.0,0,0,0,0,0,0,8688,0.0,0
476879,5,0.0,23.2379000772445,0.0,0.0,60493.26478873495,2.0,0,0,116,7.5,4,0,0,0,0,0,16383,0.0,1
348,2,0.0,0.0,0.0,0.0,0.0,3.0,0,0,64,0.0,0,0,0,0,0,0,47784,0.0,0
320,2,0.0,0.0,0.0,0.0,0.0,2.0,0,0,64,0.0,0,0,0,0,0,0,59368,0.0,0
119860777,0,29.0,0.0,0.0,0.0,4322062.749463944,0.0,0,0,0,29.0,0,0,0,0,61,0,0,3.0,1
353,2,0.0,0.0,0.0,0.0,0.0,2.0,0,0,64,0.0,0,0,0,0,0,0,20272,0.0,0
394,2,0.0,0.0,0.0,0.0,0.0,2.0,0,0,64,0.0,0,0,0,0,0,0,30408,0.0,0
679623,21,0.0,81.21193845345906,433.0,50.095238095238095,39739.73627696305,1.0,0,0,680,44.23809523809524,4,0,0,0,0,0,13032,0.0,0
36519,59,0.0,18.83709254785309,1300.0,714.6440677966102,967.810678813301,1.0,0,0,1896,361.4406779661017,4,0,0,0,0,0,14480,0.0,0
1125,2,37.0,0.0,53.0,53.0,0.0,11.0,0,0,16,43.4,0,0,0,0,0,0,0,0.0,0
343,2,0.0,0.0,0.0,0.0,0.0,1.0,0,0,64,0.0,0,0,0,0,0,0,10136,0.0,0
39363,83,0.0,16.26082202818231,1300.0,894.8433734939762,630.5582667587332,1.0,0,0,2664,450.3493975903616,4,0,0,0,0,0,14480,0.0,0
4139,13,0.0,35.452381373177744,458.0,76.30769230769229,363.68325028236825,3.0,0,0,424,39.696969696969695,4,0,0,0,0,0,11584,0.0,0
1092939,5,0.0,94.50079364746097,0.0,0.0,161964.559893515,3.0,0,0,116,30.5,4,0,0,0,0,0,16383,0.0,1
1014,2,45.0,0.0,61.0,61.0,0.0,11.0,0,0,16,51.4,0,0,0,0,0,0,0,0.0,0
1357,2,0.0,0.0,0.0,0.0,0.0,6.0,0,0,64,0.0,0,0,0,0,0,0,8688,0.0,0
10435,37,0.0,21.474606635715823,1300.0,468.2702702702702,371.762762068102,1.0,0,0,1192,240.2702702702703,4,0,0,0,0,0,14480,0.0,0
11,0,4.0,0.0,0.0,0.0,0.0,0.0,0,0,0,4.0,0,0,0,0,0,0,0,0.0,0
338,2,0.0,0.0,0.0,0.0,0.0,5.0,0,0,64,0.0,0,0,0,0,0,0,14480,0.0,0
4521,4,114.0,0.0,52.0,50.0,2001.3877685246305,8.0,0,0,32,85.55555555555556,0,0,0,0,0,0,0,0.0,0
50297,2,0.0,0.0,0.0,0.0,31066.736431430967,5.0,0,0,40,0.0,0,0,0,0,0,0,16383,0.0,1
308,2,0.0,0.0,0.0,0.0,0.0,2.0,0,0,64,0.0,0,0,0,0,0,0,5792,0.0,0
184,3,0.0,0.0,0.0,0.0,0.0,4.0,0,0,96,0.0,0,0,0,0,0,0,65160,0.0,0
7060058,158,0.0,41.15669150390895,1448.0,1152.1898734177216,644208.9044475929,1.0,0,0,5064,723.1225296442692,4,0,0,0,904,182046,18824,184130.0,0
323,2,0.0,0.0,0.0,0.0,0.0,3.0,0,0,64,0.0,0,0,0,0,0,0,14480,0.0,0
14473396,743,0.0,19.25472196778776,1448.0,1411.9784656796774,58103.80787132511,1.0,0,0,23784,1003.4168260038248,4,0,0,0,0,0,7240,0.0,0
844389,51,0.0,6.658307684726639,54.0,18.15686274509805,42757.503740213695,1.0,0,0,1640,11.254901960784316,4,0,0,0,0,0,20272,0.0,0
103,2,0.0,0.0,0.0,0.0,0.0,3.0,0,0,64,0.0,0,0,0,0,0,0,65160,0.0,0
86716,17,0.0,310.84058079129034,192.0,88.94117647058823,462.935180076413,2.0,0,0,552,142.8235294117647,4,0,0,0,0,0,14480,0.0,0
336,2,0.0,0.0,0.0,0.0,0.0,3.0,0,0,64,0.0,0,0,0,0,0,0,14480,0.0,0
69926,5,0.0,0.0,700.0,280.0,349.8756922108193,4.0,0,0,168,140.0,4,0,0,0,0,0,5792,0.0,0
466266,41,0.0,73.22909257938404,1460.0,1224.048780487805,59397.15256126646,2.0,0,0,836,919.5636363636364,4,0,0,0,0,0,16383,0.0,1
125,2,0.0,0.0,0.0,0.0,0.0,4.0,0,0,64,0.0,0,0,0,0,0,0,50680,0.0,0
11529,37,0.0,21.474606635715823,1324.0,506.4324324324325,427.405121418925,1.0,0,0,1192,259.3513513513513,4,0,0,0,0,0,14480,0.0,0
20642,7,0.0,160.0833116432399,148.0,42.285714285714285,2634.700609177445,3.0,0,0,232,65.42857142857143,4,0,0,0,0,0,7240,0.0,0
344,2,0.0,0.0,0.0,0.0,0.0,4.0,0,0,64,0.0,0,0,0,0,0,0,8688,0.0,0
351,2,0.0,0.0,0.0,0.0,0.0,3.0,0,0,64,0.0,0,0,0,0,0,0,8688,0.0,0
368,2,0.0,0.0,0.0,0.0,0.0,2.0,0,0,64,0.0,0,0,0,0,0,0,8688,0.0,0
15652,39,0.0,21.523615004105377,1300.0,537.6923076923077,643.0587765438631,0.0,0,0,1256,274.87179487179486,4,0,0,0,0,0,14480,0.0,0
60886,2,0.0,0.0,0.0,0.0,19299.06537892444,1.0,0,0,40,0.0,0,0,0,0,0,0,16383,0.0,1
321,2,0.0,0.0,0.0,0.0,0.0,1.0,0,0,64,0.0,0,0,0,0,0,0,14480,0.0,0
975616,5,0.0,130.77060977510345,348.0,139.2,213771.6997743153,1.0,0,0,116,94.76923076923076,4,0,0,0,0,0,16383,0.0,1
115,2,0.0,0.0,0.0,0.0,0.0,3.0,0,0,64,0.0,0,0,0,0,0,0,13032,0.0,0
328,2,0.0,0.0,0.0,0.0,0.0,2.0,0,0,64,0.0,0,0,0,0,0,0,65160,0.0,0
339,2,0.0,0.0,0.0,0.0,0.0,5.0,0,0,64,0.0,0,0,0,0,0,0,14480,0.0,0
46546,9,0.0,0.0,1448.0,910.2222222222222,20327.84618940236,2.0,0,0,296,512.0,4,0,0,0,0,0,5792,0.0,0
18135,15,0.0,99.13316607162618,277.0,46.66666666666666,2169.1536131486623,1.0,0,0,488,46.66666666666666,4,0,0,0,0,0,10136,0.0,0
318,2,0.0,0.0,0.0,0.0,0.0,4.0,0,0,64,0.0,0,0,0,0,0,0,57920,0.0,0
451139,3,0.0,698.099995985965,0.0,0.0,48380.155116164126,10.0,0,0,76,688.5555555555555,4,0,0,0,0,0,16383,0.0,1
310,2,0.0,0.0,0.0,0.0,0.0,2.0,0,0,64,0.0,0,0,0,0,0,0,14480,0.0,0
9,0,40.0,0.0,0.0,0.0,0.0,0.0,0,0,0,40.0,0,0,0,0,0,0,0,0.0,1
32269,123,0.0,27.082072584316457,1448.0,77.26829268292684,459.0652842400705,1.0,0,0,3944,44.95081967213111,4,0,0,0,0,0,47784,0.0,0
328,2,0.0,0.0,0.0,0.0,0.0,2.0,0,0,64,0.0,0,0,0,0,0,0,30408,0.0,0
10,0,768.0,0.0,0.0,0.0,0.0,0.0,0,0,0,768.0,0,0,0,0,0,0,0,0.0,1
5668,15,0.0,338.8289637363764,192.0,100.8,393.4569983159653,2.0,0,0,488,156.99999999999997,4,0,0,0,0,0,14480,0.0,0
26107,41,0.0,20.70123246671622,1300.0,543.2682926829267,1354.7679813904704,1.0,0,0,1320,277.1707317073171,4,0,0,0,0,0,14480,0.0,0
366,2,0.0,0.0,0.0,0.0,0.0,4.0,0,0,64,0.0,0,0,0,0,0,0,8688,0.0,0
58578,51,0.0,19.449568485848584,1300.0,710.9803921568626,1974.7025120393253,1.0,0,0,1640,360.09803921568624,4,0,0,0,0,0,14480,0.0,0
44807,2,0.0,0.0,0.0,0.0,22324.77529562168,7.0,0,0,40,0.0,0,0,0,0,0,0,16383,0.0,1
347,2,0.0,0.0,0.0,0.0,0.0,2.0,0,0,64,0.0,0,0,0,0,0,0,14480,0.0,0
336,2,0.0,0.0,0.0,0.0,0.0,2.0,0,0,64,0.0,0,0,0,0,0,0,10136,0.0,0
965,2,37.0,0.0,53.0,53.0,0.0,6.0,0,0,16,43.4,0,0,0,0,0,0,0,0.0,0
117,2,0.0,0.0,0.0,0.0,0.0,3.0,0,0,64,0.0,0,0,0,0,0,0,28960,0.0,0
1006454,15,0.0,116.7156607081734,1448.0,614.9333333333334,301210.4912435216,1.0,0,0,488,363.28571428571433,4,0,0,0,0,0,8688,0.0,0
24566,2,0.0,0.0,0.0,0.0,4973.789098866176,2.0,0,0,40,0.0,0,0,0,0,0,0,16383,0.0,1
1214794,9,0.0,573.2011710584414,0.0,0.0,84862.55661553003,1.0,0,0,196,928.4905660377362,4,0,0,0,0,0,16383,0.0,1
1207368,15,0.0,116.7156607081734,1448.0,614.9333333333334,297745.1491589288,2.0,0,0,488,363.28571428571433,4,0,0,0,0,0,8688,0.0,0
1136,2,45.0,0.0,61.0,61.0,0.0,2.0,0,0,16,51.4,0,0,0,0,0,0,0,0.0,0
5984,23,0.0,166.09084107103777,848.0,183.3913043478261,357.83070691992714,1.0,0,0,744,118.37735849056604,4,0,0,0,0,0,14480,0.0,0
50344,71,0.0,17.413875622106488,1300.0,804.3380281690143,1243.3548734903584,1.0,0,0,2280,405.5915492957748,4,0,0,0,0,0,14480,0.0,0
214055,2,0.0,70.74649579072215,0.0,0.0,73770.4403267325,8.0,0,0,56,30.444444444444443,4,0,0,0,0,0,16383,0.0,0
1054,2,45.0,0.0,61.0,61.0,0.0,11.0,0,0,16,51.4,0,0,0,0,0,0,0,0.0,0
325,2,0.0,0.0,0.0,0.0,0.0,2.0,0,0,64,0.0,0,0,0,0,0,0,5792,0.0,0
50629,21,0.0,81.14771950555593,381.0,57.52380952380953,2510.437848359563,1.0,0,0,680,47.95454545454546,4,0,0,0,0,0,13032,0.0,0
15604,39,0.0,21.08021663617728,1300.0,544.6153846153846,587.6440798345241,1.0,0,0,1256,278.12820512820514,4,0,0,0,0,0,14480,0.0,0
1037,2,45.0,0.0,61.0,61.0,0.0,8.0,0,0,16,51.4,0,0,0,0,0,0,0,0.0,0
312,2,0.0,0.0,0.0,0.0,0.0,2.0,0,0,64,0.0,0,0,0,0,0,0,14480,0.0,0
344,2,0.0,0.0,0.0,0.0,0.0,2.0,0,0,64,0.0,0,0,0,0,0,0,13032,0.0,0
330,2,0.0,0.0,0.0,0.0,0.0,2.0,0,0,64,0.0,0,0,0,0,0,0,14480,0.0,0
1831,4,88.0,18.475208614068023,72.0,48.0,794.433970404925,5.0,0,0,32,77.33333333333333,0,0,0,0,0,0,0,0.0,0
20229,47,0.0,19.65548687392932,1300.0,647.5744680851064,591.4418394863095,1.0,0,0,1512,328.6170212765957,4,0,0,0,0,0,14480,0.0,0
1065235,15,0.0,116.7156607081734,1448.0,614.9333333333334,299963.3201669831,2.0,0,0,488,363.28571428571433,4,0,0,0,0,0,8688,0.0,0
1095,2,45.0,0.0,61.0,61.0,0.0,7.0,0,0,16,51.4,0,0,0,0,0,0,0,0.0,0
1017,2,37.0,0.0,53.0,53.0,0.0,7.0,0,0,16,43.4,0,0,0,0,0,0,0,0.0,0
108561,95,0.0,15.305237207431617,1300.0,948.0,1809.389115165524,0.0,0,0,3048,476.5578947368422,4,0,0,0,0,0,14480,0.0,0
4663,15,0.0,250.0901170911531,192.0,100.8,331.1507641111954,2.0,0,0,488,140.25,4,0,0,0,0,0,14480,0.0,0
21051,43,0.0,20.774325260080392,1300.0,604.7441860465116,879.8950796654748,1.0,0,0,1384,307.83720930232573,4,0,0,0,0,0,14480,0.0,0
380130,5,0.0,96.56638476543829,0.0,0.0,35159.805943719315,6.0,0,0,116,31.166666666666668,4,0,0,0,0,0,16383,0.0,1
331,2,0.0,0.0,0.0,0.0,0.0,4.0,0,0,64,0.0,0,0,0,0,0,0,14480,0.0,0
353751,3,0.0,31.228802334353063,0.0,0.0,69291.04298079706,7.0,0,0,76,11.636363636363637,4,0,0,0,0,0,16383,0.0,0
27980,67,0.0,17.367976855311046,1300.0,808.7761194029853,560.0531860045492,0.0,0,0,2152,407.8955223880596,4,0,0,0,0,0,14480,0.0,0
67635,71,0.0,17.413875622106488,1300.0,883.8309859154932,1596.1347274591812,0.0,0,0,2280,445.338028169014,4,0,0,0,0,0,14480,0.0,0
27429,63,0.0,17.829381154819387,1300.0,831.809523809524,580.9814247004757,1.0,0,0,2024,419.63492063492055,4,0,0,0,0,0,14480,0.0,0
343,2,0.0,0.0,0.0,0.0,0.0,2.0,0,0,64,0.0,0,0,0,0,0,0,13032,0.0,0
883576,117,0.0,135.12080672889425,1460.0,1240.6324786324783,68919.93617937916,1.0,0,0,2356,1036.1134751773054,4,0,0,0,0,0,16383,0.0,1
335453,35,0.0,718.6732378885017,287.0,33.94285714285714,28367.7112078463,1.0,0,0,1128,415.5813953488373,4,0,0,0,0,0,30408,0.0,0
115,2,0.0,0.0,0.0,0.0,0.0,3.0,0,0,64,0.0,0,0,0,0,0,0,14480,0.0,0
1070396,19,0.0,13.855875797568592,104.0,38.631578947368425,84382.5221170188,5.0,0,0,396,26.21621621621621,4,0,0,0,0,0,16383,0.0,1
354,2,0.0,0.0,0.0,0.0,0.0,2.0,0,0,64,0.0,0,0,0,0,0,0,14480,0.0,0
319,2,0.0,0.0,0.0,0.0,0.0,3.0,0,0,64,0.0,0,0,0,0,0,0,14480,0.0,0
362,2,0.0,0.0,0.0,0.0,0.0,3.0,0,0,64,0.0,0,0,0,0,0,0,14480,0.0,0
318,2,0.0,0.0,0.0,0.0,0.0,4.0,0,0,64,0.0,0,0,0,0,0,0,5792,0.0,0
948,2,45.0,0.0,61.0,61.0,0.0,1.0,0,0,16,51.4,0,0,0,0,0,0,0,0.0,0
127,2,0.0,0.0,0.0,0.0,0.0,3.0,0,0,64,0.0,0,0,0,0,0,0,10136,0.0,0
52633,39,0.0,718.735131594216,287.0,30.461538461538467,2243.98774089622,2.0,0,0,1256,397.1555555555557,4,0,0,0,0,0,30408,0.0,0
15716,35,0.0,21.883828750570903,1300.0,421.4285714285714,918.589560305924,1.0,0,0,1128,217.2,4,0,0,0,0,0,14480,0.0,0
36353,67,0.0,17.367976855311046,1300.0,826.0597014925374,867.0371872847297,0.0,0,0,2152,416.5373134328358,4,0,0,0,0,0,14480,0.0,0
305,2,0.0,0.0,0.0,0.0,0.0,2.0,0,0,64,0.0,0,0,0,0,0,0,5792,0.0,0
316,2,0.0,0.0,0.0,0.0,0.0,2.0,0,0,64,0.0,0,0,0,0,0,0,14480,0.0,0
64783,2,0.0,0.0,0.0,0.0,26245.682397301083,8.0,0,0,40,0.0,0,0,0,0,0,0,16383,0.0,1
789028,5,0.0,534.9880995561178,0.0,0.0,98583.89682295988,2.0,0,0,116,172.66666666666669,4,0,0,0,0,0,16383,0.0,1
483021,37,0.0,717.2517458596915,287.0,32.108108108108105,21977.943463741285,1.0,0,0,1192,405.0454545454546,4,0,0,0,0,0,30408,0.0,0
475757,9,0.0,145.89706090580572,1460.0,662.6666666666666,127371.62103650352,1.0,0,0,196,386.0,4,0,0,0,0,0,16383,0.0,1
103442,2,0.0,0.0,0.0,0.0,41345.24060275862,8.0,0,0,40,0.0,0,0,0,0,0,0,16383,0.0,1
309,2,0.0,0.0,0.0,0.0,0.0,2.0,0,0,64,0.0,0,0,0,0,0,0,14480,0.0,0
314,2,0.0,0.0,0.0,0.0,0.0,3.0,0,0,64,0.0,0,0,0,0,0,0,14480,0.0,0
45964,5,0.0,0.0,780.0,312.0,400.9700736962797,5.0,0,0,168,155.99999999999997,4,0,0,0,0,0,5792,0.0,0
27135,39,0.0,717.4513849703814,287.0,30.461538461538467,838.4698273405813,2.0,0,0,1256,396.2,4,0,0,0,0,0,30408,0.0,0
1051,2,45.0,0.0,61.0,61.0,0.0,1.0,0,0,16,51.4,0,0,0,0,0,0,0,0.0,0
741106,5,0.0,30.983866769659336,0.0,0.0,67877.63060464029,2.0,0,0,116,9.999999999999998,4,0,0,0,0,0,16383,0.0,1
1606,4,88.0,16.165807537309526,72.0,48.0,700.9039401610847,2.0,0,0,32,76.44444444444444,0,0,0,0,0,0,0,0.0,0
451,2,0.0,0.0,0.0,0.0,0.0,2.0,0,0,64,0.0,0,0,0,0,0,0,10136,0.0,0
1046455,13,0.0,572.9569938415797,0.0,0.0,65098.63531505705,6.0,0,0,276,926.084507042254,4,0,0,0,0,0,16383,0.0,1
1047,2,38.0,0.0,54.0,54.0,0.0,11.0,0,0,16,44.4,0,0,0,0,0,0,0,0.0,0
19128,41,0.0,20.70123246671622,1300.0,565.219512195122,766.5809125895053,1.0,0,0,1320,288.1463414634147,4,0,0,0,0,0,14480,0.0,0
14425,43,0.0,20.774325260080392,1300.0,603.4418604651162,483.0577718820077,1.0,0,0,1384,307.1860465116279,4,0,0,0,0,0,14480,0.0,0
67116,2,0.0,0.0,0.0,0.0,46915.82782494624,6.0,0,0,40,0.0,0,0,0,0,0,0,16383,0.0,1
96067348,0,184.0,31.3168910262721,0.0,0.0,1727497.0200031283,0.0,0,0,0,236.51376146788988,0,0,0,0,1023,0,0,4.0,1
60373,2,0.0,0.0,0.0,0.0,15704.134503372034,7.0,0,0,40,0.0,0,0,0,0,0,0,16383,0.0,1
890015,5,0.0,589.9315940973884,0.0,0.0,193763.75220355327,1.0,0,0,116,186.0,4,0,0,0,0,0,16383,0.0,1
313,2,0.0,0.0,0.0,0.0,0.0,2.0,0,0,64,0.0,0,0,0,0,0,0,14480,0.0,0
309,2,0.0,0.0,0.0,0.0,0.0,3.0,0,0,64,0.0,0,0,0,0,0,0,14480,0.0,0
1081,2,45.0,0.0,61.0,61.0,0.0,2.0,0,0,16,51.4,0,0,0,0,0,0,0,0.0,0
44017,39,0.0,717.4513849703814,287.0,30.461538461538467,1633.6438942741836,2.0,0,0,1256,396.2,4,0,0,0,0,0,30408,0.0,0
357,2,0.0,0.0,0.0,0.0,0.0,5.0,0,0,64,0.0,0,0,0,0,0,0,14480,0.0,0
17190,2,0.0,0.0,0.0,0.0,3297.946027454057,5.0,0,0,40,0.0,0,0,0,0,0,0,16383,0.0,1
346,2,0.0,0.0,0.0,0.0,0.0,2.0,0,0,64,0.0,0,0,0,0,0,0,8688,0.0,0
1072,2,45.0,0.0,61.0,61.0,0.0,7.0,0,0,16,51.4,0,0,0,0,0,0,0,0.0,0
1082,2,45.0,0.0,61.0,61.0,0.0,8.0,0,0,16,51.4,0,0,0,0,0,0,0,0.0,0
1010,2,45.0,0.0,61.0,61.0,0.0,6.0,0,0,16,51.4,0,0,0,0,0,0,0,0.0,0
329,2,0.0,0.0,0.0,0.0,0.0,3.0,0,0,64,0.0,0,0,0,0,0,0,5792,0.0,0
4644,4,114.0,0.0,52.0,52.0,2104.154541219189,1.0,0,0,32,86.44444444444444,0,0,0,0,0,0,0,0.0,0
345,2,0.0,0.0,0.0,0.0,0.0,4.0,0,0,64,0.0,0,0,0,0,0,0,30408,0.0,0
348,2,0.0,0.0,0.0,0.0,0.0,4.0,0,0,64,0.0,0,0,0,0,0,0,47784,0.0,0
123703,2,0.0,0.0,0.0,0.0,86958.57773675924,9.0,0,0,40,0.0,0,0,0,0,0,0,16383,0.0,0
474586,21,0.0,84.16331242230629,381.0,58.19047619047619,37779.447224447256,1.0,0,0,680,50.57142857142857,4,0,0,0,0,0,13032,0.0,0
455,2,0.0,0.0,0.0,0.0,0.0,5.0,0,0,64,0.0,0,0,0,0,0,0,14480,0.0,0
356107,5,0.0,0.0,1028.0,411.2,149936.24924502635,3.0,0,0,116,186.9090909090909,4,0,0,0,0,0,16383,0.0,1
4154,9,0.0,62.487687676142336,777.0,181.11111111111111,434.0336968485281,1.0,0,0,296,101.7,4,0,0,0,0,0,10136,0.0,0
16,0,776.0,0.0,0.0,0.0,0.0,0.0,0,0,0,776.0,0,0,0,0,0,0,0,0.0,1
507150,39,0.0,719.5267333463017,287.0,30.461538461538467,22388.3981268664,1.0,0,0,1256,397.7111111111111,4,0,0,0,0,0,30408,0.0,0
85165,2,0.0,0.0,0.0,0.0,44544.89878762775,6.0,0,0,40,0.0,0,0,0,0,0,0,16383,0.0,1
357,2,0.0,0.0,0.0,0.0,0.0,3.0,0,0,64,0.0,0,0,0,0,0,0,7240,0.0,0
1005199,15,0.0,122.41532220727564,1448.0,614.9333333333334,332990.5728992189,2.0,0,0,488,391.2307692307692,4,0,0,0,0,0,8688,0.0,0
341,2,0.0,0.0,0.0,0.0,0.0,2.0,0,0,64,0.0,0,0,0,0,0,0,13032,0.0,0
534116,15,0.0,99.13316607162618,277.0,46.66666666666666,63709.24474174923,1.0,0,0,488,46.66666666666666,4,0,0,0,0,0,10136,0.0,0
15426,47,0.0,20.08417070838321,1300.0,595.8297872340426,466.888385641006,1.0,0,0,1512,302.9148936170212,4,0,0,0,0,0,14480,0.0,0
17433,37,0.0,21.474606635715823,1300.0,480.3243243243244,638.6966218713827,1.0,0,0,1192,246.2972972972973,4,0,0,0,0,0,14480,0.0,0
89506,39,0.0,20.70123246671622,1300.0,511.1794871794871,4398.755851582963,2.0,0,0,1256,254.875,4,0,0,0,0,0,14480,0.0,0
30274,47,0.0,19.65548687392932,1300.0,639.0212765957446,1057.7070860110468,1.0,0,0,1512,324.3404255319149,4,0,0,0,0,0,14480,0.0,0
1034,2,45.0,0.0,61.0,61.0,0.0,8.0,0,0,16,51.4,0,0,0,0,0,0,0,0.0,0
1053,2,45.0,0.0,61.0,61.0,0.0,7.0,0,0,16,51.4,0,0,0,0,0,0,0,0.0,0
9,0,92.0,0.0,0.0,0.0,0.0,0.0,0,0,0,92.0,0,0,0,0,0,0,0,0.0,1
20730,2,0.0,0.0,0.0,0.0,0.0,2.0,0,0,64,0.0,0,0,0,0,0,0,14480,0.0,0
359,2,0.0,0.0,0.0,0.0,0.0,2.0,0,0,64,0.0,0,0,0,0,0,0,14480,0.0,0
1022183,15,0.0,116.7156607081734,1448.0,614.9333333333334,300778.69001954363,1.0,0,0,488,363.28571428571433,4,0,0,0,0,0,8688,0.0,0
1218279,15,0.0,116.7156607081734,1448.0,614.9333333333334,299617.709391272,2.0,0,0,488,363.28571428571433,4,0,0,0,0,0,8688,0.0,0
15,0,49.0,0.0,0.0,0.0,0.0,0.0,0,0,0,49.0,0,0,0,0,0,0,0,0.0,1
4996,4,114.0,0.0,52.0,50.0,2424.8729863644403,4.0,0,0,32,85.55555555555556,0,0,0,0,0,0,0,0.0,0
328,2,0.0,0.0,0.0,0.0,0.0,2.0,0,0,64,0.0,0,0,0,0,0,0,14480,0.0,0
327,2,0.0,0.0,0.0,0.0,0.0,4.0,0,0,64,0.0,0,0,0,0,0,0,14480,0.0,0
1069,2,45.0,0.0,61.0,61.0,0.0,6.0,0,0,16,51.4,0,0,0,0,0,0,0,0.0,0
1543,4,88.0,13.856406460551018,72.0,48.0,673.7707325196012,2.0,0,0,32,75.55555555555556,0,0,0,0,0,0,0,0.0,0
35200,4,88.0,13.856406460551018,72.0,48.0,11529.684875716826,9.0,0,0,32,75.55555555555556,0,0,0,0,0,0,0,0.0,0
38482,59,0.0,18.32713418813508,1300.0,715.6949152542373,1034.760605176416,1.0,0,0,1896,361.8305084745762,4,0,0,0,0,0,14480,0.0,0
388,2,0.0,0.0,0.0,0.0,0.0,3.0,0,0,64,0.0,0,0,0,0,0,0,8688,0.0,0
1152380,15,0.0,99.13316607162618,277.0,46.66666666666666,184628.7954822963,1.0,0,0,488,46.66666666666666,4,0,0,0,0,0,10136,0.0,0
246419,3,0.0,39.246231241568495,0.0,0.0,51850.29435017703,15.0,0,0,76,15.2,4,0,0,0,0,0,16383,0.0,1
1054,2,37.0,0.0,53.0,53.0,0.0,8.0,0,0,16,43.4,0,0,0,0,0,0,0,0.0,0
14917914,7,0.0,162.1489027612172,148.0,42.285714285714285,6612854.759174528,2.0,0,0,232,65.99999999999999,4,0,0,0,628,296,7240,740.0,0
133269,71,0.0,17.413875622106488,1300.0,885.0422535211268,2390.6833112730883,1.0,0,0,2280,445.9436619718311,4,0,0,0,0,0,14480,0.0,0
115,2,0.0,0.0,0.0,0.0,0.0,3.0,0,0,64,0.0,0,0,0,0,0,0,14480,0.0,0
11632,2,0.0,0.0,0.0,0.0,4166.980261532324,4.0,0,0,40,0.0,0,0,0,0,0,0,16383,0.0,0
198090,3,0.0,92.22255689363638,0.0,0.0,39620.17377548968,3.0,0,0,76,34.36363636363636,4,0,0,0,0,0,16383,0.0,1
333,2,0.0,0.0,0.0,0.0,0.0,1.0,0,0,64,0.0,0,0,0,0,0,0,14480,0.0,0
1035,2,45.0,0.0,61.0,61.0,0.0,2.0,0,0,16,51.4,0,0,0,0,0,0,0,0.0,0
315,2,0.0,0.0,0.0,0.0,0.0,3.0,0,0,64,0.0,0,0,0,0,0,0,14480,0.0,0
834077,51,0.0,6.658307684726639,54.0,18.15686274509805,42776.08106847249,2.0,0,0,1640,11.254901960784316,4,0,0,0,0,0,20272,0.0,0
125,2,0.0,0.0,0.0,0.0,0.0,4.0,0,0,64,0.0,0,0,0,0,0,0,11584,0.0,0
10,0,56.0,0.0,0.0,0.0,0.0,0.0,0,0,0,56.0,0,0,0,0,0,0,0,0.0,1
36265,21,0.0,80.76372296624533,1045.0,145.52380952380955,2671.9562505172803,0.0,0,0,680,91.04761904761908,4,0,0,0,0,0,13032,0.0,0
253248,39,0.0,721.8471589029956,287.0,30.461538461538467,16868.45446191421,2.0,0,0,1256,399.2222222222223,4,0,0,0,0,0,30408,0.0,0
339,2,0.0,0.0,0.0,0.0,0.0,3.0,0,0,64,0.0,0,0,0,0,0,0,8688,0.0,0
355,2,0.0,0.0,0.0,0.0,0.0,2.0,0,0,64,0.0,0,0,0,0,0,0,8688,0.0,0
25626,21,0.0,81.14771950555593,381.0,57.52380952380953,390.41937769044,2.0,0,0,680,47.95454545454546,4,0,0,0,0,0,13032,0.0,0
724295,143,0.0,46.14118025543647,1448.0,1126.671328671329,61767.54141851013,1.0,0,0,4584,743.045871559633,4,0,0,0,0,0,17376,0.0,0
317,2,0.0,0.0,0.0,0.0,0.0,2.0,0,0,64,0.0,0,0,0,0,0,0,14480,0.0,0
16123,47,0.0,20.08417070838321,1300.0,593.7872340425531,440.7188663898101,0.0,0,0,1512,301.8936170212765,4,0,0,0,0,0,14480,0.0,0
14691,15,0.0,99.13316607162618,277.0,46.66666666666666,2093.963766737681,2.0,0,0,488,46.66666666666666,4,0,0,0,0,0,10136,0.0,0
324,2,0.0,0.0,0.0,0.0,0.0,5.0,0,0,64,0.0,0,0,0,0,0,0,14480,0.0,0
341,2,0.0,0.0,0.0,0.0,0.0,2.0,0,0,64,0.0,0,0,0,0,0,0,30408,0.0,0
9,0,56.0,0.0,0.0,0.0,0.0,0.0,0,0,0,56.0,0,0,0,0,0,0,0,0.0,1
9,0,24.0,0.0,0.0,0.0,0.0,0.0,0,0,0,24.0,0,0,0,0,0,0,0,0.0,1
343,2,0.0,0.0,0.0,0.0,0.0,2.0,0,0,64,0.0,0,0,0,0,0,0,13032,0.0,0
652,2,0.0,0.0,0.0,0.0,0.0,5.0,0,0,64,0.0,0,0,0,0,0,0,14480,0.0,0
404199,27,0.0,299.9411634612053,192.0,55.99999999999999,13875.29684703478,2.0,0,0,872,95.25925925925928,4,0,0,0,0,0,14480,0.0,0
1773,4,88.0,18.475208614068023,72.0,48.0,787.7946009800609,4.0,0,0,32,77.33333333333333,0,0,0,0,0,0,0,0.0,0
118408,67,0.0,17.367976855311046,1300.0,826.0597014925374,2404.425998789284,1.0,0,0,2152,416.5373134328358,4,0,0,0,0,0,14480,0.0,0
579,2,0.0,0.0,0.0,0.0,0.0,5.0,0,0,64,0.0,0,0,0,0,0,0,14480,0.0,0
17837,15,0.0,99.13316607162618,277.0,46.66666666666666,2138.1692504546368,1.0,0,0,488,46.66666666666666,4,0,0,0,0,0,10136,0.0,0
35055,123,0.0,27.087465963521392,1448.0,69.77235772357722,533.6794248691807,1.0,0,0,3944,41.16393442622948,4,0,0,0,0,0,47784,0.0,0
310,2,0.0,0.0,0.0,0.0,0.0,2.0,0,0,64,0.0,0,0,0,0,0,0,14480,0.0,0
13260,43,0.0,20.337683508684545,1300.0,597.3488372093022,473.8399107036149,1.0,0,0,1384,303.95348837209303,4,0,0,0,0,0,14480,0.0,0
310,2,0.0,0.0,0.0,0.0,0.0,1.0,0,0,64,0.0,0,0,0,0,0,0,14480,0.0,0
330,2,0.0,0.0,0.0,0.0,0.0,2.0,0,0,64,0.0,0,0,0,0,0,0,5792,0.0,0
47811,5,0.0,0.0,754.0,301.6,379.6107655656427,1.0,0,0,168,150.79999999999998,4,0,0,0,0,0,5792,0.0,0
384,2,0.0,0.0,0.0,0.0,0.0,5.0,0,0,64,0.0,0,0,0,0,0,0,14480,0.0,0
119557,2,0.0,0.0,0.0,0.0,57335.04624573002,10.0,0,0,40,0.0,0,0,0,0,0,0,16383,0.0,1
43021,2,0.0,0.0,0.0,0.0,16482.659069458423,2.0,0,0,40,0.0,0,0,0,0,0,0,16383,0.0,1
316,2,0.0,0.0,0.0,0.0,0.0,4.0,0,0,64,0.0,0,0,0,0,0,0,14480,0.0,0
1089400,37,0.0,716.4526262875206,287.0,32.108108108108105,66295.60533658869,2.0,0,0,1192,404.3863636363637,4,0,0,0,0,0,30408,0.0,0
1765,4,88.0,18.475208614068023,72.0,48.0,768.1646958823349,2.0,0,0,32,77.33333333333333,0,0,0,0,0,0,0,0.0,0
98446,2,0.0,0.0,0.0,0.0,69184.74168485418,6.0,0,0,40,0.0,0,0,0,0,0,0,16383,0.0,0
23761,39,0.0,718.0958676263504,287.0,30.461538461538467,642.1797595201947,2.0,0,0,1256,396.6888888888889,4,0,0,0,0,0,30408,0.0,0
893731,11,0.0,706.4723925103586,45.0,11.636363636363637,89194.42592312938,2.0,0,0,236,641.2682926829268,4,0,0,0,0,0,16383,0.0,0
6,0,56.0,0.0,0.0,0.0,0.0,0.0,0,0,0,56.0,0,0,0,0,0,0,0,0.0,1
1006145,15,0.0,122.41532220727564,1448.0,614.9333333333334,333010.4123890122,3.0,0,0,488,391.2307692307692,4,0,0,0,0,0,8688,0.0,0
361,2,0.0,0.0,0.0,0.0,0.0,2.0,0,0,64,0.0,0,0,0,0,0,0,13032,0.0,0
21680,2,0.0,0.0,0.0,0.0,8399.721453714998,8.0,0,0,40,0.0,0,0,0,0,0,0,16383,0.0,0
339,2,0.0,0.0,0.0,0.0,0.0,4.0,0,0,64,0.0,0,0,0,0,0,0,8688,0.0,0
325,2,0.0,0.0,0.0,0.0,0.0,2.0,0,0,64,0.0,0,0,0,0,0,0,14480,0.0,0
423482,5,0.0,124.91520933741226,0.0,0.0,114746.1660774192,2.0,0,0,116,39.38461538461538,4,0,0,0,0,0,16383,0.0,1
1075,2,37.0,0.0,53.0,53.0,0.0,6.0,0,0,16,43.4,0,0,0,0,0,0,0,0.0,0
1035283,9,0.0,17.397491982257883,45.0,14.222222222222223,131612.65013013672,3.0,0,0,196,14.190476190476192,4,0,0,0,0,0,16383,0.0,1
12149843,0,504.0,0.0,0.0,0.0,7014699.538205562,0.0,0,0,0,504.0,0,0,0,0,2016,0,0,5.0,1
100654,17,0.0,205.88974776635703,192.0,88.94117647058823,5919.55915799479,2.0,0,0,552,118.0,4,0,0,0,0,0,14480,0.0,0
352,2,0.0,0.0,0.0,0.0,0.0,3.0,0,0,64,0.0,0,0,0,0,0,0,30408,0.0,0
9,0,56.0,0.0,0.0,0.0,0.0,0.0,0,0,0,56.0,0,0,0,0,0,0,0,0.0,1
1583,2,37.0,0.0,53.0,53.0,0.0,7.0,0,0,16,43.4,0,0,0,0,0,0,0,0.0,0
83043,63,0.0,17.829381154819387,1300.0,771.0158730158728,2089.0771160302606,0.0,0,0,2024,389.2380952380952,4,0,0,0,0,0,14480,0.0,0
1159143,743,0.0,17.738863806005913,1448.0,1411.9650067294754,5120.126638657875,1.0,0,0,23784,954.1490909090912,4,0,0,0,0,0,7240,0.0,0
304,2,0.0,0.0,0.0,0.0,0.0,3.0,0,0,64,0.0,0,0,0,0,0,0,14480,0.0,0
57522,59,0.0,18.83709254785309,1300.0,754.0677966101695,1636.1413058800931,1.0,0,0,1896,381.1525423728813,4,0,0,0,0,0,14480,0.0,0
1043,2,45.0,0.0,61.0,61.0,0.0,2.0,0,0,16,51.4,0,0,0,0,0,0,0,0.0,0
1015104,19,0.0,14.256061662242033,100.0,39.26315789473684,78918.91473148773,4.0,0,0,396,26.64864864864865,4,0,0,0,0,0,16383,0.0,1
334752,23,0.0,166.09084107103777,848.0,183.3913043478261,17663.138994421217,1.0,0,0,744,118.37735849056604,4,0,0,0,0,0,14480,0.0,0
1082,2,45.0,0.0,61.0,61.0,0.0,11.0,0,0,16,51.4,0,0,0,0,0,0,0,0.0,0
348007,9,0.0,0.0,1448.0,910.2222222222222,76846.43364854352,3.0,0,0,296,512.0,4,0,0,0,0,0,5792,0.0,0
21015,7,0.0,158.53411830475693,146.0,41.71428571428572,2597.639736376082,3.0,0,0,232,64.71428571428572,4,0,0,0,0,0,7240,0.0,0
762371,123,0.0,27.07977115121619,1448.0,70.0813008130081,12415.268416918012,1.0,0,0,3944,41.3360655737705,4,0,0,0,0,0,47784,0.0,0
373,2,0.0,0.0,0.0,0.0,0.0,3.0,0,0,64,0.0,0,0,0,0,0,0,30408,0.0,0
20876,15,0.0,99.13316607162618,277.0,46.66666666666666,2631.563155431699,1.0,0,0,488,46.66666666666666,4,0,0,0,0,0,10136,0.0,0
218253,7,0.0,84.41535631004813,1460.0,537.7142857142857,40055.06353217614,7.0,0,0,156,274.00000000000006,4,0,0,0,0,0,16383,0.0,1
6131084,19,0.0,15.4389735656845,103.0,38.10526315789474,595967.5415451023,2.0,0,0,396,23.90243902439024,4,0,0,0,256,724,16383,0.0,1
638935,5,0.0,640.0461478897997,0.0,0.0,89998.5718720025,4.0,0,0,116,296.71428571428567,4,0,0,0,0,0,16383,0.0,1
79498,2,0.0,0.0,0.0,0.0,28317.505266177668,5.0,0,0,40,0.0,0,0,0,0,0,0,16383,0.0,1
126790,2,0.0,0.0,0.0,0.0,18644.991606326887,1.0,0,0,40,0.0,0,0,0,0,0,0,16383,0.0,1
223318,5,0.0,718.7496213437738,0.0,0.0,55282.73982808739,5.0,0,0,168,481.88235294117646,4,0,0,0,0,0,10136,0.0,0
500244,39,0.0,718.3366273580107,287.0,30.461538461538467,22701.81270029448,1.0,0,0,1256,396.8666666666667,4,0,0,0,0,0,30408,0.0,0
162,3,0.0,0.0,0.0,0.0,0.0,3.0,0,0,96,0.0,0,0,0,0,0,0,65160,0.0,0
455,2,0.0,0.0,0.0,0.0,0.0,5.0,0,0,64,0.0,0,0,0,0,0,0,14480,0.0,0
1006942,15,0.0,122.41532220727564,1448.0,614.9333333333334,333038.8458408835,1.0,0,0,488,391.2307692307692,4,0,0,0,0,0,8688,0.0,0
3860521,157,0.0,10.6109185083852,1460.0,1204.5859872611463,124834.69012426565,0.0,0,0,3156,971.0358974358976,4,0,0,0,0,0,16383,0.0,1
407174,4,114.0,0.0,52.0,50.0,226216.516449028,6.0,0,0,32,85.55555555555556,0,0,0,0,0,0,0,0.0,0
304,2,0.0,0.0,0.0,0.0,0.0,3.0,0,0,64,0.0,0,0,0,0,0,0,14480,0.0,0
27535,65,0.0,18.08596645301772,1300.0,793.3846153846154,595.7002338099155,0.0,0,0,2088,400.4307692307691,4,0,0,0,0,0,14480,0.0,0
241498,5,0.0,718.7496213437738,0.0,0.0,54476.84229060598,3.0,0,0,168,481.88235294117646,4,0,0,0,0,0,10136,0.0,0
381,2,0.0,0.0,0.0,0.0,0.0,4.0,0,0,64,0.0,0,0,0,0,0,0,7240,0.0,0
274490,23,0.0,194.55873521709407,192.0,65.73913043478261,13319.804874593065,3.0,0,0,744,89.33333333333334,4,0,0,0,0,0,14480,0.0,0
358,2,0.0,0.0,0.0,0.0,0.0,3.0,0,0,64,0.0,0,0,0,0,0,0,10136,0.0,0
45659,2,0.0,0.0,0.0,0.0,22006.577244087734,9.0,0,0,40,0.0,0,0,0,0,0,0,16383,0.0,1
327,2,0.0,0.0,0.0,0.0,0.0,3.0,0,0,64,0.0,0,0,0,0,0,0,14480,0.0,0
340852,9,0.0,86.36715645594518,1460.0,671.1111111111111,69093.4491154311,1.0,0,0,196,376.11764705882354,4,0,0,0,0,0,16383,0.0,1
360,2,0.0,0.0,0.0,0.0,0.0,3.0,0,0,64,0.0,0,0,0,0,0,0,8688,0.0,0
361,2,0.0,0.0,0.0,0.0,0.0,2.0,0,0,64,0.0,0,0,0,0,0,0,14480,0.0,0
341,2,0.0,0.0,0.0,0.0,0.0,3.0,0,0,64,0.0,0,0,0,0,0,0,14480,0.0,0
83404577,7,0.0,19.84313483298443,0.0,0.0,29080235.113039065,6.0,0,0,156,5.294117647058823,4,0,0,0,90,0,16383,57207.0,1
332,2,0.0,0.0,0.0,0.0,0.0,2.0,0,0,64,0.0,0,0,0,0,0,0,13032,0.0,0
4419,15,0.0,362.906415852168,192.0,100.8,321.726029558129,3.0,0,0,488,161.5,4,0,0,0,0,0,14480,0.0,0
5350,4,114.0,0.0,52.0,50.0,2471.638323056187,6.0,0,0,32,85.55555555555556,0,0,0,0,0,0,0,0.0,0
1803,4,88.0,18.475208614068023,72.0,48.0,783.1770766137971,3.0,0,0,32,77.33333333333333,0,0,0,0,0,0,0,0.0,0
1005520,15,0.0,122.41532220727564,1448.0,614.9333333333334,333025.82178488804,4.0,0,0,488,391.2307692307692,4,0,0,0,0,0,8688,0.0,0
124479,95,0.0,15.305237207431617,1300.0,952.1684210526312,2278.824581881701,1.0,0,0,3048,478.6421052631578,4,0,0,0,0,0,14480,0.0,0
7897,2,0.0,0.0,0.0,0.0,2170.817818242701,7.0,0,0,40,0.0,0,0,0,0,0,0,16383,0.0,1
754768,17,0.0,581.5932550208214,129.0,63.882352941176485,48843.25501610658,2.0,0,0,356,225.0769230769231,4,0,0,0,0,0,16383,0.0,1
1008,2,45.0,0.0,61.0,61.0,0.0,7.0,0,0,16,51.4,0,0,0,0,0,0,0,0.0,0
369,2,0.0,0.0,0.0,0.0,0.0,4.0,0,0,64,0.0,0,0,0,0,0,0,14480,0.0,0
234380,4,114.0,0.0,52.0,50.0,126419.79037713991,3.0,0,0,32,85.55555555555556,0,0,0,0,0,0,0,0.0,0
331,2,0.0,0.0,0.0,0.0,0.0,3.0,0,0,64,0.0,0,0,0,0,0,0,14480,0.0,0
81847,2,0.0,0.0,0.0,0.0,57400.80717638037,7.0,0,0,40,0.0,0,0,0,0,0,0,16383,0.0,0
1005217,15,0.0,122.41532220727564,1448.0,614.9333333333334,333021.2569002832,2.0,0,0,488,391.2307692307692,4,0,0,0,0,0,8688,0.0,0
234286,5,0.0,718.7496213437738,0.0,0.0,56164.75481652172,3.0,0,0,168,481.88235294117646,4,0,0,0,0,0,10136,0.0,0
321,2,0.0,0.0,0.0,0.0,0.0,2.0,0,0,64,0.0,0,0,0,0,0,0,14480,0.0,0
13585,37,0.0,21.474606635715823,1300.0,460.8108108108109,616.936349085973,1.0,0,0,1192,236.5405405405405,4,0,0,0,0,0,14480,0.0,0
310,2,0.0,0.0,0.0,0.0,0.0,4.0,0,0,64,0.0,0,0,0,0,0,0,10136,0.0,0
304,2,0.0,0.0,0.0,0.0,0.0,2.0,0,0,64,0.0,0,0,0,0,0,0,59368,0.0,0
299,2,0.0,0.0,0.0,0.0,0.0,2.0,0,0,64,0.0,0,0,0,0,0,0,14480,0.0,0
26230,2,0.0,0.0,0.0,0.0,5701.401976707132,7.0,0,0,40,0.0,0,0,0,0,0,0,16383,0.0,1
6505,5,0.0,718.7496213437738,0.0,0.0,770.721855002035,2.0,0,0,168,481.88235294117646,4,0,0,0,0,0,10136,0.0,0
4370,15,0.0,35.452381373177744,458.0,66.13333333333334,345.3745196500886,2.0,0,0,488,37.42857142857143,4,0,0,0,0,0,11584,0.0,0
22785,2,0.0,0.0,0.0,0.0,4640.741804927311,4.0,0,0,40,0.0,0,0,0,0,0,0,16383,0.0,1
1005371,15,0.0,122.41532220727564,1448.0,614.9333333333334,333052.10274219856,2.0,0,0,488,391.2307692307692,4,0,0,0,0,0,8688,0.0,0
124,2,0.0,0.0,0.0,0.0,0.0,4.0,0,0,64,0.0,0,0,0,0,0,0,14480,0.0,0
375,2,0.0,0.0,0.0,0.0,0.0,3.0,0,0,64,0.0,0,0,0,0,0,0,14480,0.0,0
503606,3,0.0,80.55805360111427,0.0,0.0,106811.73058377062,2.0,0,0,76,31.2,4,0,0,0,0,0,16383,0.0,1
20048,39,0.0,722.8359635519539,287.0,30.461538461538467,563.4494021129995,1.0,0,0,1256,399.8222222222223,4,0,0,0,0,0,30408,0.0,0
343,2,0.0,0.0,0.0,0.0,0.0,2.0,0,0,64,0.0,0,0,0,0,0,0,8688,0.0,0
623723,5,0.0,30.983866769659336,0.0,0.0,32896.71075198856,3.0,0,0,116,9.999999999999998,4,0,0,0,0,0,16383,0.0,1
37368,37,0.0,21.474606635715823,1300.0,460.8108108108109,2802.3218878325183,1.0,0,0,1192,236.5405405405405,4,0,0,0,0,0,14480,0.0,0
3654,7,0.0,718.7496213437738,0.0,0.0,441.2904813032896,1.0,0,0,232,431.1578947368421,4,0,0,0,0,0,10136,0.0,0
375,2,0.0,0.0,0.0,0.0,0.0,5.0,0,0,64,0.0,0,0,0,0,0,0,13032,0.0,0
649272,15,0.0,99.13316607162618,277.0,46.66666666666666,73915.08837224591,2.0,0,0,488,46.66666666666666,4,0,0,0,0,0,10136,0.0,0
1096,2,45.0,0.0,61.0,61.0,0.0,7.0,0,0,16,51.4,0,0,0,0,0,0,0,0.0,0
311297,435,0.0,27.342710599315865,1448.0,1207.8896551724142,2018.6818946157728,1.0,0,0,13928,800.4711246200615,4,0,0,0,0,0,34752,0.0,0
355876,5,0.0,0.0,721.0,288.4,860.8344788633875,4.0,0,0,168,144.20000000000002,4,0,0,0,0,0,5792,0.0,0
383,2,0.0,0.0,0.0,0.0,0.0,3.0,0,0,64,0.0,0,0,0,0,0,0,65160,0.0,0
348,2,0.0,0.0,0.0,0.0,0.0,3.0,0,0,64,0.0,0,0,0,0,0,0,7240,0.0,0
325,2,0.0,0.0,0.0,0.0,0.0,4.0,0,0,64,0.0,0,0,0,0,0,0,14480,0.0,0
362,2,0.0,0.0,0.0,0.0,0.0,2.0,0,0,64,0.0,0,0,0,0,0,0,14480,0.0,0
342,2,0.0,0.0,0.0,0.0,0.0,2.0,0,0,64,0.0,0,0,0,0,0,0,47784,0.0,0
309,2,0.0,0.0,0.0,0.0,0.0,4.0,0,0,64,0.0,0,0,0,0,0,0,20272,0.0,0
324,2,0.0,0.0,0.0,0.0,0.0,5.0,0,0,64,0.0,0,0,0,0,0,0,14480,0.0,0
296,2,0.0,0.0,0.0,0.0,0.0,3.0,0,0,64,0.0,0,0,0,0,0,0,20272,0.0,0
1128,2,45.0,0.0,61.0,61.0,0.0,5.0,0,0,16,51.4,0,0,0,0,0,0,0,0.0,0
161374,3,0.0,145.10777603790456,0.0,0.0,31330.908944682724,9.0,0,0,76,56.2,4,0,0,0,0,0,16383,0.0,1
349,2,0.0,0.0,0.0,0.0,0.0,4.0,0,0,64,0.0,0,0,0,0,0,0,31856,0.0,0
126,2,0.0,0.0,0.0,0.0,0.0,4.0,0,0,64,0.0,0,0,0,0,0,0,10136,0.0,0
190578,21,0.0,84.16331242230629,381.0,58.19047619047619,13685.438166424105,1.0,0,0,680,50.57142857142857,4,0,0,0,0,0,13032,0.0,0
87340,2,0.0,0.0,0.0,0.0,60800.57658032529,3.0,0,0,40,0.0,0,0,0,0,0,0,16383,0.0,1
315,2,0.0,0.0,0.0,0.0,0.0,4.0,0,0,64,0.0,0,0,0,0,0,0,14480,0.0,0
39109,77,0.0,16.80879051557521,1300.0,826.9610389610388,712.2960066440645,1.0,0,0,2472,416.6363636363637,4,0,0,0,0,0,14480,0.0,0
4353,13,0.0,35.452381373177744,458.0,76.30769230769229,380.84026895473687,5.0,0,0,424,39.696969696969695,4,0,0,0,0,0,11584,0.0,0
1027,2,38.0,0.0,54.0,54.0,0.0,7.0,0,0,16,44.4,0,0,0,0,0,0,0,0.0,0
5324,21,0.0,80.76372296624533,1045.0,145.52380952380955,382.4167149323485,1.0,0,0,680,91.04761904761908,4,0,0,0,0,0,13032,0.0,0
4594,4,114.0,0.0,52.0,50.0,2117.7229123124994,8.0,0,0,32,85.55555555555556,0,0,0,0,0,0,0,0.0,0
37055,71,0.0,17.413875622106488,1300.0,804.3380281690143,790.8618880700377,0.0,0,0,2280,405.5915492957748,4,0,0,0,0,0,14480,0.0,0
1263,2,38.0,0.0,54.0,54.0,0.0,9.0,0,0,16,44.4,0,0,0,0,0,0,0,0.0,0
311,2,0.0,0.0,0.0,0.0,0.0,1.0,0,0,64,0.0,0,0,0,0,0,0,14480,0.0,0
1363730,23,0.0,166.09084107103777,848.0,183.3913043478261,80252.36437331061,2.0,0,0,744,118.37735849056604,4,0,0,0,0,0,14480,0.0,0
3437863,29,0.0,625.515157848643,116.0,31.793103448275858,98956.45913804312,1.0,0,0,596,818.99173553719,4,0,0,0,0,0,16383,0.0,1
114282,2,0.0,0.0,0.0,0.0,44261.348968371945,9.0,0,0,40,0.0,0,0,0,0,0,0,16383,0.0,1
1349640,13,0.0,573.2178549846324,0.0,0.0,70565.10744538618,1.0,0,0,276,925.971830985916,4,0,0,0,0,0,16383,0.0,1
403669,15,0.0,99.13316607162618,277.0,46.66666666666666,49187.64443330699,1.0,0,0,488,46.66666666666666,4,0,0,0,0,0,10136,0.0,0
378,2,0.0,0.0,0.0,0.0,0.0,3.0,0,0,64,0.0,0,0,0,0,0,0,8688,0.0,0
959,2,37.0,0.0,53.0,53.0,0.0,4.0,0,0,16,43.4,0,0,0,0,0,0,0,0.0,0
343,2,0.0,0.0,0.0,0.0,0.0,2.0,0,0,64,0.0,0,0,0,0,0,0,30408,0.0,0
3750,7,0.0,718.7496213437738,0.0,0.0,444.7851416383221,1.0,0,0,232,431.1578947368421,4,0,0,0,0,0,10136,0.0,0
312,2,0.0,0.0,0.0,0.0,0.0,2.0,0,0,64,0.0,0,0,0,0,0,0,14480,0.0,0
318,2,0.0,0.0,0.0,0.0,0.0,3.0,0,0,64,0.0,0,0,0,0,0,0,14480,0.0,0
1060,2,37.0,0.0,53.0,53.0,0.0,7.0,0,0,16,43.4,0,0,0,0,0,0,0,0.0,0
365,2,0.0,0.0,0.0,0.0,0.0,2.0,0,0,64,0.0,0,0,0,0,0,0,14480,0.0,0
162317,67,0.0,17.367976855311046,1300.0,853.6119402985072,3273.1346521280693,0.0,0,0,2152,430.313432835821,4,0,0,0,0,0,14480,0.0,0
1044,2,45.0,0.0,61.0,61.0,0.0,7.0,0,0,16,51.4,0,0,0,0,0,0,0,0.0,0
33769,2,0.0,0.0,0.0,0.0,10834.29010134028,9.0,0,0,40,0.0,0,0,0,0,0,0,16383,0.0,1
327,2,0.0,0.0,0.0,0.0,0.0,3.0,0,0,64,0.0,0,0,0,0,0,0,14480,0.0,0
2235504,55,0.0,7.092249290598857,1460.0,938.981818181818,140845.40427676088,1.0,0,0,1116,672.3376623376624,4,0,0,0,0,0,16383,0.0,1
1698516,39,0.0,718.5807963036074,287.0,30.461538461538467,76121.07147717038,1.0,0,0,1256,397.0444444444446,4,0,0,0,0,0,30408,0.0,0
354,2,0.0,0.0,0.0,0.0,0.0,2.0,0,0,64,0.0,0,0,0,0,0,0,14480,0.0,0
312,2,0.0,0.0,0.0,0.0,0.0,4.0,0,0,64,0.0,0,0,0,0,0,0,14480,0.0,0
367,2,0.0,0.0,0.0,0.0,0.0,3.0,0,0,64,0.0,0,0,0,0,0,0,14480,0.0,0
314,2,0.0,0.0,0.0,0.0,0.0,2.0,0,0,64,0.0,0,0,0,0,0,0,14480,0.0,0
1654501,249,0.0,10.4308135228418,1460.0,1223.8072289156626,55971.45895099032,1.0,0,0,4996,1019.99331103679,4,0,0,0,0,0,16383,0.0,1
1022633,11,0.0,137.3123181920425,45.0,15.454545454545457,144857.44936733876,2.0,0,0,236,43.47826086956521,4,0,0,0,0,0,16383,0.0,1
24009,2,0.0,0.0,0.0,0.0,11608.57202673955,8.0,0,0,40,0.0,0,0,0,0,0,0,16383,0.0,1
8995692,647,0.0,22.61253846338428,1448.0,1220.9428129829985,305327.88009185554,1.0,0,0,20712,806.0427698574342,4,0,0,0,792,394975,47784,0.0,0
338,2,0.0,0.0,0.0,0.0,0.0,2.0,0,0,64,0.0,0,0,0,0,0,0,20272,0.0,0
136386,5,0.0,718.7496213437738,0.0,0.0,41980.17195507634,3.0,0,0,168,481.88235294117646,4,0,0,0,0,0,10136,0.0,0
34656,2,0.0,0.0,0.0,0.0,12236.482848433205,5.0,0,0,40,0.0,0,0,0,0,0,0,16383,0.0,1
9,0,56.0,0.0,0.0,0.0,0.0,0.0,0,0,0,56.0,0,0,0,0,0,0,0,0.0,1
33524,37,0.0,21.141464908126363,1300.0,559.081081081081,1575.8065492635046,0.0,0,0,1192,271.2307692307692,4,0,0,0,0,0,14480,0.0,0
25647,59,0.0,18.83709254785309,1300.0,714.6440677966102,617.3642697824438,1.0,0,0,1896,361.4406779661017,4,0,0,0,0,0,14480,0.0,0
970,2,38.0,0.0,54.0,54.0,0.0,7.0,0,0,16,44.4,0,0,0,0,0,0,0,0.0,0
661214,111,0.0,89.98106796761525,848.0,57.315315315315296,8373.901448797138,1.0,0,0,3560,46.55454545454546,4,0,0,0,0,0,41992,0.0,0
317,2,0.0,0.0,0.0,0.0,0.0,4.0,0,0,64,0.0,0,0,0,0,0,0,14480,0.0,0
1019783,15,0.0,122.41532220727564,1448.0,614.9333333333334,332459.4524421153,1.0,0,0,488,391.2307692307692,4,0,0,0,0,0,8688,0.0,0
1066,2,45.0,0.0,61.0,61.0,0.0,7.0,0,0,16,51.4,0,0,0,0,0,0,0,0.0,0
47511,43,0.0,20.774325260080392,1300.0,608.3255813953489,1927.180670773988,1.0,0,0,1384,309.62790697674416,4,0,0,0,0,0,14480,0.0,0
46535,77,0.0,16.80879051557521,1300.0,833.4285714285711,990.1708503045284,1.0,0,0,2472,419.8701298701299,4,0,0,0,0,0,14480,0.0,0
309,2,0.0,0.0,0.0,0.0,0.0,4.0,0,0,64,0.0,0,0,0,0,0,0,14480,0.0,0
1089,2,45.0,0.0,61.0,61.0,0.0,8.0,0,0,16,51.4,0,0,0,0,0,0,0,0.0,0
351,2,0.0,0.0,0.0,0.0,0.0,2.0,0,0,64,0.0,0,0,0,0,0,0,47784,0.0,0
1766,4,88.0,16.165807537309526,72.0,48.0,790.6813517467072,3.0,0,0,32,76.44444444444444,0,0,0,0,0,0,0,0.0,0
208458,5,0.0,0.0,737.0,294.8,384.22692947441016,2.0,0,0,168,147.4,4,0,0,0,0,0,5792,0.0,0
332,2,0.0,0.0,0.0,0.0,0.0,2.0,0,0,64,0.0,0,0,0,0,0,0,30408,0.0,0
372,2,0.0,0.0,0.0,0.0,0.0,3.0,0,0,64,0.0,0,0,0,0,0,0,8688,0.0,0
54148,4,88.0,20.784609690826528,72.0,48.0,21945.94989969676,2.0,0,0,32,78.22222222222223,0,0,0,0,0,0,0,0.0,0
4716565,21,0.0,16.55918677552333,104.0,35.90476190476191,292430.9178531359,1.0,0,0,436,21.914893617021274,4,0,0,0,276,754,16383,0.0,1
348,2,0.0,0.0,0.0,0.0,0.0,3.0,0,0,64,0.0,0,0,0,0,0,0,14480,0.0,0
28424,67,0.0,17.367976855311046,1300.0,845.0746268656717,567.9081800445724,1.0,0,0,2152,426.0447761194029,4,0,0,0,0,0,14480,0.0,0
14328,43,0.0,20.774325260080392,1300.0,581.0232558139534,508.7910779245345,0.0,0,0,1384,295.9767441860465,4,0,0,0,0,0,14480,0.0,0
10405,35,0.0,21.883828750570903,1300.0,426.74285714285713,475.2417148146825,1.0,0,0,1128,219.8571428571429,4,0,0,0,0,0,14480,0.0,0
7313,33,0.0,22.3064253725967,1300.0,378.4848484848485,335.318827579115,0.0,0,0,1064,196.12121212121207,4,0,0,0,0,0,14480,0.0,0
3533933,21,0.0,88.48416592276621,342.0,102.76190476190476,224682.1019190576,1.0,0,0,436,106.3720930232558,4,0,0,0,0,0,16383,0.0,1
4750,4,114.0,0.0,52.0,50.0,2214.7192448103515,9.0,0,0,32,85.55555555555556,0,0,0,0,0,0,0,0.0,0
333,2,0.0,0.0,0.0,0.0,0.0,2.0,0,0,64,0.0,0,0,0,0,0,0,5792,0.0,0
357718,27,0.0,190.2463504148078,192.0,55.99999999999999,13402.842276298465,2.0,0,0,872,79.55555555555554,4,0,0,0,0,0,14480,0.0,0
310,2,0.0,0.0,0.0,0.0,0.0,2.0,0,0,64,0.0,0,0,0,0,0,0,14480,0.0,0
478046,15,0.0,99.13316607162618,277.0,46.66666666666666,59671.541580255005,2.0,0,0,488,46.66666666666666,4,0,0,0,0,0,10136,0.0,0
122404,67,0.0,17.367976855311046,1317.0,861.5820895522386,2429.601790239424,1.0,0,0,2152,434.2985074626868,4,0,0,0,0,0,14480,0.0,0
7,0,620.0,0.0,0.0,0.0,0.0,0.0,0,0,0,620.0,0,0,0,0,0,0,0,0.0,1
314,2,0.0,0.0,0.0,0.0,0.0,3.0,0,0,64,0.0,0,0,0,0,0,0,14480,0.0,0
698158,7,0.0,40.01190299088986,56.0,31.142857142857142,148449.57710953575,5.0,0,0,156,25.466666666666665,4,0,0,0,0,0,16383,0.0,1
1007243,15,0.0,116.7156607081734,1448.0,614.9333333333334,301172.15848094714,3.0,0,0,488,363.28571428571433,4,0,0,0,0,0,8688,0.0,0
1118000,9,0.0,17.397491982257883,45.0,14.222222222222223,145377.53808240115,3.0,0,0,196,14.190476190476192,4,0,0,0,0,0,16383,0.0,1
829206,51,0.0,6.658307684726639,54.0,18.15686274509805,42764.11709713868,1.0,0,0,1640,11.254901960784316,4,0,0,0,0,0,20272,0.0,0
1007,2,45.0,0.0,61.0,61.0,0.0,4.0,0,0,16,51.4,0,0,0,0,0,0,0,0.0,0
19055,61,0.0,268.0102335747068,864.0,157.18032786885243,516.6732926862887,1.0,0,0,1960,142.7286821705426,4,0,0,0,0,0,28960,0.0,0
987,2,45.0,0.0,61.0,61.0,0.0,5.0,0,0,16,51.4,0,0,0,0,0,0,0,0.0,0
1677041,11,0.0,561.7356544270139,0.0,0.0,103123.88063620066,2.0,0,0,236,964.7647058823534,4,0,0,0,0,0,16383,0.0,1
337,2,0.0,0.0,0.0,0.0,0.0,2.0,0,0,64,0.0,0,0,0,0,0,0,30408,0.0,0
676299,51,0.0,6.658307684726639,54.0,18.11764705882352,48564.848382085984,1.0,0,0,1640,11.235294117647058,4,0,0,0,0,0,20272,0.0,0
14470,43,0.0,20.337683508684545,1300.0,586.5116279069769,524.4764543995394,1.0,0,0,1384,298.5348837209303,4,0,0,0,0,0,14480,0.0,0
73581,5,0.0,0.0,767.0,306.8,349.8742631289132,4.0,0,0,168,153.4,4,0,0,0,0,0,5792,0.0,0
366,2,0.0,0.0,0.0,0.0,0.0,3.0,0,0,64,0.0,0,0,0,0,0,0,14480,0.0,0
616,2,0.0,0.0,0.0,0.0,0.0,7.0,0,0,64,0.0,0,0,0,0,0,0,10136,0.0,0
138465,2,0.0,0.0,0.0,0.0,56291.35663669868,8.0,0,0,40,0.0,0,0,0,0,0,0,16383,0.0,1
128,2,0.0,0.0,0.0,0.0,0.0,4.0,0,0,64,0.0,0,0,0,0,0,0,5792,0.0,0
325,2,0.0,0.0,0.0,0.0,0.0,2.0,0,0,64,0.0,0,0,0,0,0,0,14480,0.0,0
18193,15,0.0,99.13316607162618,277.0,46.66666666666666,2174.6690405432814,1.0,0,0,488,46.66666666666666,4,0,0,0,0,0,10136,0.0,0
283432,123,0.0,27.07977115121619,1448.0,75.34959349593498,6174.6370135967945,1.0,0,0,3944,43.99180327868854,4,0,0,0,0,0,47784,0.0,0
736064,23,0.0,6.853509191304416,1460.0,439.1304347826088,49537.97875330099,2.0,0,0,476,249.36585365853657,4,0,0,0,0,0,16383,0.0,1
649910,5,0.0,30.983866769659336,0.0,0.0,36133.03699801609,4.0,0,0,116,9.999999999999998,4,0,0,0,0,0,16383,0.0,1
1097,2,45.0,0.0,61.0,61.0,0.0,9.0,0,0,16,51.4,0,0,0,0,0,0,0,0.0,0
17678,47,0.0,19.65548687392932,1300.0,632.3829787234044,553.3251797500766,1.0,0,0,1512,321.0212765957446,4,0,0,0,0,0,14480,0.0,0
358,2,0.0,0.0,0.0,0.0,0.0,3.0,0,0,64,0.0,0,0,0,0,0,0,14480,0.0,0
322,2,0.0,0.0,0.0,0.0,0.0,2.0,0,0,64,0.0,0,0,0,0,0,0,20272,0.0,0
76520,2,0.0,0.0,0.0,0.0,25349.778105537727,5.0,0,0,40,0.0,0,0,0,0,0,0,16383,0.0,1
16744,47,0.0,20.08417070838321,1300.0,658.3404255319149,540.3446776892234,0.0,0,0,1512,334.17021276595744,4,0,0,0,0,0,14480,0.0,0
369,2,0.0,0.0,0.0,0.0,0.0,1.0,0,0,64,0.0,0,0,0,0,0,0,14480,0.0,0
64383,45,0.0,19.989267733569253,1300.0,624.8444444444445,2089.61021894267,1.0,0,0,1448,317.46666666666664,4,0,0,0,0,0,14480,0.0,0
329,2,0.0,0.0,0.0,0.0,0.0,4.0,0,0,64,0.0,0,0,0,0,0,0,14480,0.0,0
56581,21,0.0,81.14771950555593,381.0,57.52380952380953,3805.927205094206,1.0,0,0,680,47.95454545454546,4,0,0,0,0,0,13032,0.0,0
1726,4,88.0,20.784609690826528,72.0,48.0,753.7309422687471,1.0,0,0,32,78.22222222222223,0,0,0,0,0,0,0,0.0,0
53230,2,0.0,0.0,0.0,0.0,25634.03503157472,9.0,0,0,40,0.0,0,0,0,0,0,0,16383,0.0,1
73442,2,0.0,0.0,0.0,0.0,23526.149716857624,9.0,0,0,40,0.0,0,0,0,0,0,0,16383,0.0,1
636861,5,0.0,98.07795733132758,486.0,194.4,143619.25868315852,9.0,0,0,116,105.69230769230772,4,0,0,0,0,0,16383,0.0,1
68517,43,0.0,20.774325260080392,1300.0,560.372093023256,2215.614442938143,1.0,0,0,1384,285.6511627906977,4,0,0,0,0,0,14480,0.0,0
137,2,0.0,0.0,0.0,0.0,0.0,4.0,0,0,64,0.0,0,0,0,0,0,0,5792,0.0,0
339,2,0.0,0.0,0.0,0.0,0.0,2.0,0,0,64,0.0,0,0,0,0,0,0,13032,0.0,0
1054,2,45.0,0.0,61.0,61.0,0.0,8.0,0,0,16,51.4,0,0,0,0,0,0,0,0.0,0
73683,2,0.0,0.0,0.0,0.0,52090.4352496694,10.0,0,0,40,0.0,0,0,0,0,0,0,16383,0.0,0
327,2,0.0,0.0,0.0,0.0,0.0,5.0,0,0,64,0.0,0,0,0,0,0,0,14480,0.0,0
152,2,0.0,0.0,0.0,0.0,0.0,3.0,0,0,64,0.0,0,0,0,0,0,0,5792,0.0,0
5663,9,0.0,62.487687676142336,777.0,181.11111111111111,478.44081254749904,2.0,0,0,296,101.7,4,0,0,0,0,0,10136,0.0,0
591471,41,0.0,63.46521356879951,1460.0,1185.8048780487804,62543.7922483967,1.0,0,0,836,890.1090909090909,4,0,0,0,0,0,16383,0.0,1
121,2,0.0,0.0,0.0,0.0,0.0,4.0,0,0,64,0.0,0,0,0,0,0,0,10136,0.0,0
1082,2,37.0,0.0,53.0,53.0,0.0,9.0,0,0,16,43.4,0,0,0,0,0,0,0,0.0,0
171515,71,0.0,16.93905773703584,1300.0,819.549295774648,3914.64081898812,2.0,0,0,2280,413.0845070422535,4,0,0,0,0,0,14480,0.0,0
718424,3,0.0,113.09111370925658,0.0,0.0,132776.02899883696,1.0,0,0,76,43.8,4,0,0,0,0,0,16383,0.0,1
5670,15,0.0,231.82292092600915,192.0,100.8,415.2679800298781,2.0,0,0,488,136.74999999999997,4,0,0,0,0,0,14480,0.0,0
311,2,0.0,0.0,0.0,0.0,0.0,1.0,0,0,64,0.0,0,0,0,0,0,0,14480,0.0,0
626096,5,0.0,30.983866769659336,0.0,0.0,29061.35940901596,9.0,0,0,116,9.999999999999998,4,0,0,0,0,0,16383,0.0,1
71567,71,0.0,17.413875622106488,1300.0,840.2816901408451,1612.060448229781,1.0,0,0,2280,423.5633802816902,4,0,0,0,0,0,14480,0.0,0
15303,43,0.0,20.774325260080392,1300.0,581.0232558139534,603.378612481417,1.0,0,0,1384,295.9767441860465,4,0,0,0,0,0,14480,0.0,0
9400,23,0.0,166.09084107103777,848.0,183.3913043478261,512.4983559142554,1.0,0,0,744,118.37735849056604,4,0,0,0,0,0,14480,0.0,0
995,2,45.0,0.0,61.0,61.0,0.0,4.0,0,0,16,51.4,0,0,0,0,0,0,0,0.0,0
331395,15,0.0,99.13316607162618,277.0,46.66666666666666,38145.202761862325,4.0,0,0,488,46.66666666666666,4,0,0,0,0,0,10136,0.0,0
28360,67,0.0,17.367976855311046,1300.0,787.6119402985075,585.7194285991045,0.0,0,0,2152,397.313432835821,4,0,0,0,0,0,14480,0.0,0
384689,5,0.0,101.9815576231217,926.0,370.4,75401.17360006187,6.0,0,0,116,174.6153846153846,4,0,0,0,0,0,16383,0.0,1
3558,7,0.0,164.2144938791945,148.0,42.285714285714285,300.35362491569833,4.0,0,0,232,66.57142857142858,4,0,0,0,0,0,7240,0.0,0
331,2,0.0,0.0,0.0,0.0,0.0,4.0,0,0,64,0.0,0,0,0,0,0,0,30408,0.0,0
316,2,0.0,0.0,0.0,0.0,0.0,3.0,0,0,64,0.0,0,0,0,0,0,0,34752,0.0,0
42466,79,0.0,16.80879051557521,1300.0,800.151898734177,970.854100616918,1.0,0,0,2536,408.3205128205129,4,0,0,0,0,0,14480,0.0,0
4327,15,0.0,252.71011060106005,192.0,100.8,320.6233809018806,2.0,0,0,488,140.75,4,0,0,0,0,0,14480,0.0,0
1009893,15,0.0,116.7156607081734,1448.0,614.9333333333334,301150.5161387816,3.0,0,0,488,363.28571428571433,4,0,0,0,0,0,8688,0.0,0
443,2,0.0,0.0,0.0,0.0,0.0,3.0,0,0,64,0.0,0,0,0,0,0,0,30408,0.0,0
1044,2,37.0,0.0,53.0,53.0,0.0,9.0,0,0,16,43.4,0,0,0,0,0,0,0,0.0,0
368,2,0.0,0.0,0.0,0.0,0.0,3.0,0,0,64,0.0,0,0,0,0,0,0,14480,0.0,0
328,2,0.0,0.0,0.0,0.0,0.0,4.0,0,0,64,0.0,0,0,0,0,0,0,14480,0.0,0
333,2,0.0,0.0,0.0,0.0,0.0,2.0,0,0,64,0.0,0,0,0,0,0,0,14480,0.0,0
4666,4,114.0,0.0,52.0,52.0,2081.061988504908,1.0,0,0,32,86.44444444444444,0,0,0,0,0,0,0,0.0,0
31654,45,0.0,19.989267733569253,1300.0,621.4666666666667,1266.249323768676,1.0,0,0,1448,315.7777777777778,4,0,0,0,0,0,14480,0.0,0
326,2,0.0,0.0,0.0,0.0,0.0,2.0,0,0,64,0.0,0,0,0,0,0,0,14480,0.0,0
8409,23,0.0,166.09084107103777,848.0,183.3913043478261,519.5674470274115,1.0,0,0,744,118.37735849056604,4,0,0,0,0,0,14480,0.0,0
343,2,0.0,0.0,0.0,0.0,0.0,3.0,0,0,64,0.0,0,0,0,0,0,0,8688,0.0,0
371,2,0.0,0.0,0.0,0.0,0.0,2.0,0,0,64,0.0,0,0,0,0,0,0,7240,0.0,0
320,2,0.0,0.0,0.0,0.0,0.0,5.0,0,0,64,0.0,0,0,0,0,0,0,14480,0.0,0
45505,39,0.0,21.08021663617728,1300.0,504.6666666666666,1827.2562062401769,1.0,0,0,1256,258.15384615384613,4,0,0,0,0,0,14480,0.0,0
898460,5,0.0,30.983866769659336,0.0,0.0,83841.17049934357,7.0,0,0,116,9.999999999999998,4,0,0,0,0,0,16383,0.0,1
545326,3,0.0,130.64863821206353,0.0,0.0,102339.4191624127,1.0,0,0,76,50.6,4,0,0,0,0,0,16383,0.0,1
1047,2,45.0,0.0,61.0,61.0,0.0,6.0,0,0,16,51.4,0,0,0,0,0,0,0,0.0,0
1074,2,45.0,0.0,61.0,61.0,0.0,7.0,0,0,16,51.4,0,0,0,0,0,0,0,0.0,0
4,0,56.0,0.0,0.0,0.0,0.0,0.0,0,0,0,56.0,0,0,0,0,0,0,0,0.0,1
4868,4,114.0,0.0,52.0,50.0,2188.736926479136,6.0,0,0,32,85.55555555555556,0,0,0,0,0,0,0,0.0,0
170106,3,0.0,178.15723392554116,0.0,0.0,32916.141362559494,6.0,0,0,76,68.99999999999999,4,0,0,0,0,0,16383,0.0,1
373,2,0.0,0.0,0.0,0.0,0.0,5.0,0,0,64,0.0,0,0,0,0,0,0,10136,0.0,0
30590,47,0.0,19.335732915405263,1300.0,647.9148936170213,1429.7963405300611,1.0,0,0,1512,321.9375,4,0,0,0,0,0,14480,0.0,0
345,2,0.0,0.0,0.0,0.0,0.0,3.0,0,0,64,0.0,0,0,0,0,0,0,31856,0.0,0
1448473,123,0.0,27.08374294023374,1448.0,74.21138211382113,20911.291878989294,1.0,0,0,3944,43.401639344262286,4,0,0,0,0,0,47784,0.0,0
468,2,0.0,0.0,0.0,0.0,0.0,1.0,0,0,64,0.0,0,0,0,0,0,0,14480,0.0,0
47373,5,0.0,0.0,730.0,292.0,406.7583230043773,4.0,0,0,168,146.0,4,0,0,0,0,0,5792,0.0,0
13,0,244.0,0.0,0.0,0.0,0.0,0.0,0,0,0,244.0,0,0,0,0,0,0,0,0.0,1
345456,3,0.0,36.10830269909573,0.0,0.0,66581.72663852047,8.0,0,0,76,13.454545454545451,4,0,0,0,0,0,16383,0.0,1
1794160,43,0.0,59.53019057372143,1360.0,584.9302325581394,89625.81663167558,1.0,0,0,1384,311.5476190476191,4,0,0,0,0,0,17376,0.0,0
51551,71,0.0,17.413875622106488,1300.0,840.2816901408451,1237.9528468668116,1.0,0,0,2280,423.5633802816902,4,0,0,0,0,0,14480,0.0,0
547936,3,0.0,80.55805360111427,0.0,0.0,103812.32956012498,1.0,0,0,76,31.2,4,0,0,0,0,0,16383,0.0,1
5724756,299,0.0,5.146902126887532,1460.0,1249.8662207357854,126552.89053116046,1.0,0,0,5996,1047.1596638655462,4,0,0,0,0,0,16383,0.0,1
1257429,15,0.0,116.7156607081734,1448.0,614.9333333333334,303911.64903677936,2.0,0,0,488,363.28571428571433,4,0,0,0,948,9224,8688,0.0,0
1004229,15,0.0,122.41532220727564,1448.0,614.9333333333334,333039.3382259819,2.0,0,0,488,391.2307692307692,4,0,0,0,0,0,8688,0.0,0
16438,47,0.0,19.65548687392932,1300.0,620.7659574468084,501.1061471455631,1.0,0,0,1512,315.21276595744695,4,0,0,0,0,0,14480,0.0,0
14556,7,0.0,161.63250498172286,148.0,42.285714285714285,2663.9656904697554,2.0,0,0,232,65.85714285714286,4,0,0,0,0,0,7240,0.0,0
149,2,0.0,0.0,0.0,0.0,0.0,7.0,0,0,64,0.0,0,0,0,0,0,0,50680,0.0,0
35823,123,0.0,27.087465963521392,1448.0,71.02439024390247,556.6948843615504,1.0,0,0,3944,41.7950819672131,4,0,0,0,0,0,47784,0.0,0
8604,15,0.0,373.6290495487023,192.0,100.8,799.9187637325609,2.0,0,0,488,163.49999999999997,4,0,0,0,0,0,14480,0.0,0
306,2,0.0,0.0,0.0,0.0,0.0,2.0,0,0,64,0.0,0,0,0,0,0,0,14480,0.0,0
150,5,0.0,0.0,0.0,0.0,0.0,1.0,0,0,160,0.0,0,0,0,0,0,0,14480,0.0,0
56028,2,0.0,0.0,0.0,0.0,20105.167109477105,7.0,0,0,40,0.0,0,0,0,0,0,0,16383,0.0,1
233770,23,0.0,193.63588805502235,192.0,65.73913043478261,12890.817997060283,1.0,0,0,744,92.17391304347828,4,0,0,0,0,0,14480,0.0,0
4538,15,0.0,328.1524036175874,192.0,100.8,330.73586065591604,2.0,0,0,488,154.99999999999997,4,0,0,0,0,0,14480,0.0,0
41400,2,0.0,0.0,0.0,0.0,19655.44719664246,9.0,0,0,40,0.0,0,0,0,0,0,0,16383,0.0,1
337,2,0.0,0.0,0.0,0.0,0.0,4.0,0,0,64,0.0,0,0,0,0,0,0,13032,0.0,0
219402,4,114.0,0.0,48.0,48.0,117802.54899336147,5.0,0,0,32,84.66666666666667,0,0,0,0,0,0,0,0.0,0
47720,5,0.0,0.0,750.0,300.0,382.7832284727219,3.0,0,0,168,150.00000000000003,4,0,0,0,0,0,5792,0.0,0
325,2,0.0,0.0,0.0,0.0,0.0,5.0,0,0,64,0.0,0,0,0,0,0,0,14480,0.0,0
326,2,0.0,0.0,0.0,0.0,0.0,5.0,0,0,64,0.0,0,0,0,0,0,0,14480,0.0,0
1034,2,45.0,0.0,61.0,61.0,0.0,3.0,0,0,16,51.4,0,0,0,0,0,0,0,0.0,0
1015,2,45.0,0.0,61.0,61.0,0.0,1.0,0,0,16,51.4,0,0,0,0,0,0,0,0.0,0
308,2,0.0,0.0,0.0,0.0,0.0,1.0,0,0,64,0.0,0,0,0,0,0,0,14480,0.0,0
342,2,0.0,0.0,0.0,0.0,0.0,5.0,0,0,64,0.0,0,0,0,0,0,0,41992,0.0,0
343,2,0.0,0.0,0.0,0.0,0.0,20.0,0,0,64,0.0,0,0,0,0,0,0,15928,0.0,0
5389,21,0.0,84.16331242230629,381.0,58.19047619047619,407.3928733009136,1.0,0,0,680,50.57142857142857,4,0,0,0,0,0,13032,0.0,0
1502,4,88.0,20.784609690826528,72.0,48.0,657.8908217427366,2.0,0,0,32,78.22222222222223,0,0,0,0,0,0,0,0.0,0
316,2,0.0,0.0,0.0,0.0,0.0,2.0,0,0,64,0.0,0,0,0,0,0,0,14480,0.0,0
346,2,0.0,0.0,0.0,0.0,0.0,2.0,0,0,64,0.0,0,0,0,0,0,0,47784,0.0,0
13912,2,0.0,0.0,0.0,0.0,5264.409985933847,7.0,0,0,40,0.0,0,0,0,0,0,0,16383,0.0,1
327,2,0.0,0.0,0.0,0.0,0.0,2.0,0,0,64,0.0,0,0,0,0,0,0,5792,0.0,0
390,2,0.0,0.0,0.0,0.0,0.0,4.0,0,0,64,0.0,0,0,0,0,0,0,7240,0.0,0
338,2,0.0,0.0,0.0,0.0,0.0,5.0,0,0,64,0.0,0,0,0,0,0,0,14480,0.0,0
310,2,0.0,0.0,0.0,0.0,0.0,4.0,0,0,64,0.0,0,0,0,0,0,0,14480,0.0,0
4770,4,114.0,0.0,52.0,50.0,2242.1402721506965,6.0,0,0,32,85.55555555555556,0,0,0,0,0,0,0,0.0,0
496671,21,0.0,81.14771950555593,381.0,57.52380952380953,42022.140633922296,2.0,0,0,680,47.95454545454546,4,0,0,0,0,0,13032,0.0,0
769720,19,0.0,13.639229136156173,1460.0,470.42105263157896,62105.70971667652,2.0,0,0,396,262.7428571428572,4,0,0,0,0,0,16383,0.0,1
1044,2,45.0,0.0,61.0,61.0,0.0,2.0,0,0,16,51.4,0,0,0,0,0,0,0,0.0,0
307,2,0.0,0.0,0.0,0.0,0.0,3.0,0,0,64,0.0,0,0,0,0,0,0,14480,0.0,0
393,2,0.0,0.0,0.0,0.0,0.0,4.0,0,0,64,0.0,0,0,0,0,0,0,10136,0.0,0
351,2,0.0,0.0,0.0,0.0,0.0,1.0,0,0,64,0.0,0,0,0,0,0,0,14480,0.0,0
22168,35,0.0,21.08021663617728,1300.0,474.0,1061.0414291696693,1.0,0,0,1128,230.3243243243243,4,0,0,0,0,0,14480,0.0,0
35313334,2640,0.0,71.07168799264035,1460.0,1316.5856060606047,93457.64160784746,0.0,0,0,52800,1135.7185765589277,0,0,0,0,0,0,16383,0.0,1
318,2,0.0,0.0,0.0,0.0,0.0,5.0,0,0,64,0.0,0,0,0,0,0,0,14480,0.0,0
338,2,0.0,0.0,0.0,0.0,0.0,2.0,0,0,64,0.0,0,0,0,0,0,0,14480,0.0,0
309,2,0.0,0.0,0.0,0.0,0.0,2.0,0,0,64,0.0,0,0,0,0,0,0,14480,0.0,0
7498,4,114.0,0.0,48.0,48.0,3820.327909137295,7.0,0,0,32,84.66666666666667,0,0,0,0,0,0,0,0.0,0
343,2,0.0,0.0,0.0,0.0,0.0,3.0,0,0,64,0.0,0,0,0,0,0,0,8688,0.0,0
1368584,233,0.0,155.15891904344448,1232.0,73.69957081545066,12257.641055226297,1.0,0,0,7464,64.37472766884531,4,0,0,0,0,0,65160,0.0,0
1671,4,88.0,18.475208614068023,72.0,48.0,733.5236874157507,7.0,0,0,32,77.33333333333333,0,0,0,0,0,0,0,0.0,0
365,2,0.0,0.0,0.0,0.0,0.0,3.0,0,0,64,0.0,0,0,0,0,0,0,14480,0.0,0
45844,5,0.0,0.0,727.0,290.8,331.3990545148452,3.0,0,0,168,145.39999999999998,4,0,0,0,0,0,5792,0.0,0
8,0,348.0,0.0,0.0,0.0,0.0,0.0,0,0,0,348.0,0,0,0,0,0,0,0,0.0,1
5211,21,0.0,80.76372296624533,1045.0,145.52380952380955,373.57438176814304,1.0,0,0,680,91.04761904761908,4,0,0,0,0,0,13032,0.0,0
1185,2,45.0,0.0,61.0,61.0,0.0,7.0,0,0,16,51.4,0,0,0,0,0,0,0,0.0,0
360,2,0.0,0.0,0.0,0.0,0.0,3.0,0,0,64,0.0,0,0,0,0,0,0,5792,0.0,0
24425,51,0.0,6.658307684726639,54.0,18.11764705882352,1017.8301491825804,1.0,0,0,1640,11.235294117647058,4,0,0,0,0,0,20272,0.0,0
1088,2,45.0,0.0,61.0,61.0,0.0,10.0,0,0,16,51.4,0,0,0,0,0,0,0,0.0,0
222959,9,0.0,0.0,1448.0,910.2222222222222,21019.760721758943,5.0,0,0,296,512.0,4,0,0,0,0,0,5792,0.0,0
106198,2,0.0,0.0,0.0,0.0,47722.63666228009,7.0,0,0,40,0.0,0,0,0,0,0,0,16383,0.0,1
311,2,0.0,0.0,0.0,0.0,0.0,2.0,0,0,64,0.0,0,0,0,0,0,0,34752,0.0,0
1020716,235,0.0,155.15891904344448,1232.0,73.07234042553188,10144.271638913298,0.0,0,0,7528,64.0954446854663,4,0,0,0,0,0,65160,0.0,0
317,2,0.0,0.0,0.0,0.0,0.0,4.0,0,0,64,0.0,0,0,0,0,0,0,14480,0.0,0
3,0,56.0,0.0,0.0,0.0,0.0,0.0,0,0,0,56.0,0,0,0,0,0,0,0,0.0,1
1520153,5,0.0,65.1685847970051,182.0,72.8,226868.6439115941,1.0,0,0,116,56.8,4,0,0,0,0,0,16383,0.0,1
301,2,0.0,0.0,0.0,0.0,0.0,3.0,0,0,64,0.0,0,0,0,0,0,0,14480,0.0,0
1049,2,37.0,0.0,53.0,53.0,0.0,7.0,0,0,16,43.4,0,0,0,0,0,0,0,0.0,0
323,2,0.0,0.0,0.0,0.0,0.0,4.0,0,0,64,0.0,0,0,0,0,0,0,14480,0.0,0
436,2,0.0,0.0,0.0,0.0,0.0,1.0,0,0,64,0.0,0,0,0,0,0,0,14480,0.0,0
16529,43,0.0,20.337683508684545,1300.0,589.0697674418604,555.3857690281814,1.0,0,0,1384,299.81395348837214,4,0,0,0,0,0,14480,0.0,0
307,2,0.0,0.0,0.0,0.0,0.0,4.0,0,0,64,0.0,0,0,0,0,0,0,10136,0.0,0
368133,5,0.0,533.4389062176349,114.0,45.6,72230.01114702947,1.0,0,0,116,191.16666666666663,4,0,0,0,0,0,16383,0.0,1
133,2,0.0,0.0,0.0,0.0,0.0,3.0,0,0,64,0.0,0,0,0,0,0,0,5792,0.0,0
680611,5,0.0,90.27075674773933,495.0,198.0,124998.2269112913,4.0,0,0,116,104.6153846153846,4,0,0,0,0,0,16383,0.0,1
1667568,435,0.0,26.336783224752693,1448.0,1207.8896551724142,43526.28556145946,0.0,0,0,13928,779.1568047337275,4,0,0,0,0,0,34752,0.0,0
9260,2,0.0,0.0,0.0,0.0,3491.6932854991715,4.0,0,0,40,0.0,0,0,0,0,0,0,16383,0.0,0
238274,23,0.0,166.09084107103777,848.0,183.3913043478261,15154.38932464486,2.0,0,0,744,118.37735849056604,4,0,0,0,0,0,14480,0.0,0
1005212,15,0.0,122.41532220727564,1448.0,614.9333333333334,333127.41673486505,3.0,0,0,488,391.2307692307692,4,0,0,0,0,0,8688,0.0,0
9215,25,0.0,166.09084107103777,848.0,168.71999999999997,575.9231868884661,1.0,0,0,808,114.07272727272728,4,0,0,0,0,0,14480,0.0,0
1006,2,37.0,0.0,53.0,53.0,0.0,4.0,0,0,16,43.4,0,0,0,0,0,0,0,0.0,0
351,2,0.0,0.0,0.0,0.0,0.0,5.0,0,0,64,0.0,0,0,0,0,0,0,8688,0.0,0
134,2,0.0,0.0,0.0,0.0,0.0,4.0,0,0,64,0.0,0,0,0,0,0,0,52128,0.0,0
117,2,0.0,0.0,0.0,0.0,0.0,3.0,0,0,64,0.0,0,0,0,0,0,0,52128,0.0,0
1043,2,37.0,0.0,53.0,53.0,0.0,5.0,0,0,16,43.4,0,0,0,0,0,0,0,0.0,0
348,2,0.0,0.0,0.0,0.0,0.0,2.0,0,0,64,0.0,0,0,0,0,0,0,7240,0.0,0
413,2,0.0,0.0,0.0,0.0,0.0,5.0,0,0,64,0.0,0,0,0,0,0,0,47784,0.0,0
1001,2,45.0,0.0,61.0,61.0,0.0,10.0,0,0,16,51.4,0,0,0,0,0,0,0,0.0,0
11,0,56.0,0.0,0.0,0.0,0.0,0.0,0,0,0,56.0,0,0,0,0,0,0,0,0.0,1
1336,2,45.0,0.0,61.0,61.0,0.0,4.0,0,0,16,51.4,0,0,0,0,0,0,0,0.0,0
322,2,0.0,0.0,0.0,0.0,0.0,2.0,0,0,64,0.0,0,0,0,0,0,0,14480,0.0,0
852647,5,0.0,168.0052082526015,351.0,140.4,160665.1619593637,2.0,0,0,116,97.6,4,0,0,0,0,0,16383,0.0,1
17225,39,0.0,21.08021663617728,1300.0,540.6666666666667,726.3129666511024,0.0,0,0,1256,276.1538461538462,4,0,0,0,0,0,14480,0.0,0
5,0,617.0,0.0,0.0,0.0,0.0,0.0,0,0,0,617.0,0,0,0,0,0,0,0,0.0,1
398,2,0.0,0.0,0.0,0.0,0.0,4.0,0,0,64,0.0,0,0,0,0,0,0,31856,0.0,0
29473,59,0.0,18.83709254785309,1300.0,675.4915254237287,808.8709979677745,0.0,0,0,1896,341.86440677966107,4,0,0,0,0,0,14480,0.0,0
222952,9,0.0,0.0,1448.0,910.2222222222222,22744.57528291087,5.0,0,0,296,512.0,4,0,0,0,0,0,5792,0.0,0
316,2,0.0,0.0,0.0,0.0,0.0,2.0,0,0,64,0.0,0,0,0,0,0,0,14480,0.0,0
338,2,0.0,0.0,0.0,0.0,0.0,22.0,0,0,64,0.0,0,0,0,0,0,0,5792,0.0,0
5,0,660.0,0.0,0.0,0.0,0.0,0.0,0,0,0,660.0,0,0,0,0,0,0,0,0.0,1
1331186,51,0.0,6.658307684726639,54.0,18.15686274509805,72669.25648787113,2.0,0,0,1640,11.254901960784316,4,0,0,0,0,0,20272,0.0,0
294,2,0.0,0.0,0.0,0.0,0.0,2.0,0,0,64,0.0,0,0,0,0,0,0,14480,0.0,0
367900,3,0.0,80.55805360111427,0.0,0.0,63565.949387230896,5.0,0,0,76,31.2,4,0,0,0,0,0,16383,0.0,1
329,2,0.0,0.0,0.0,0.0,0.0,2.0,0,0,64,0.0,0,0,0,0,0,0,14480,0.0,0
29019,39,0.0,719.9184761102454,287.0,30.461538461538467,1017.2915337433268,1.0,0,0,1256,397.9777777777779,4,0,0,0,0,0,30408,0.0,0
303781,5,0.0,98.07795733132758,758.0,303.2,61540.08320328034,8.0,0,0,116,147.53846153846155,4,0,0,0,0,0,16383,0.0,1
1070,2,45.0,0.0,61.0,61.0,0.0,7.0,0,0,16,51.4,0,0,0,0,0,0,0,0.0,0
391,2,0.0,0.0,0.0,0.0,0.0,2.0,0,0,64,0.0,0,0,0,0,0,0,14480,0.0,0
56997,2,0.0,0.0,0.0,0.0,39906.98540982518,2.0,0,0,40,0.0,0,0,0,0,0,0,16383,0.0,1
2991554,123,0.0,27.086643839903903,1448.0,69.00813008130079,40183.52286500438,1.0,0,0,3944,40.770491803278674,4,0,0,0,0,0,47784,0.0,0
331,2,0.0,0.0,0.0,0.0,0.0,4.0,0,0,64,0.0,0,0,0,0,0,0,7240,0.0,0
340,2,0.0,0.0,0.0,0.0,0.0,2.0,0,0,64,0.0,0,0,0,0,0,0,5792,0.0,0
349,2,0.0,0.0,0.0,0.0,0.0,3.0,0,0,64,0.0,0,0,0,0,0,0,8688,0.0,0
1005451,15,0.0,116.7156607081734,1448.0,614.9333333333334,301219.107176638,2.0,0,0,488,363.28571428571433,4,0,0,0,0,0,8688,0.0,0
1012,2,37.0,0.0,53.0,53.0,0.0,2.0,0,0,16,43.4,0,0,0,0,0,0,0,0.0,0
3101,2,0.0,0.0,0.0,0.0,0.0,10.0,0,0,64,0.0,0,0,0,0,0,0,14480,0.0,0
635447,9,0.0,34.02352127572924,87.0,37.77777777777778,102920.70094022766,1.0,0,0,196,31.700000000000003,4,0,0,0,0,0,16383,0.0,1
10367,37,0.0,21.474606635715823,1300.0,463.6216216216216,407.4401064403632,1.0,0,0,1192,237.945945945946,4,0,0,0,0,0,14480,0.0,0
2672276,313,0.0,31.182721704128124,1448.0,1193.5463258785942,173583.22923314123,1.0,0,0,10024,777.3609958506224,4,0,0,0,1108,373580,27512,0.0,0
115,2,0.0,0.0,0.0,0.0,0.0,3.0,0,0,64,0.0,0,0,0,0,0,0,28960,0.0,0
307,2,0.0,0.0,0.0,0.0,0.0,2.0,0,0,64,0.0,0,0,0,0,0,0,10136,0.0,0
116,2,0.0,0.0,0.0,0.0,0.0,3.0,0,0,64,0.0,0,0,0,0,0,0,11584,0.0,0
311,2,0.0,0.0,0.0,0.0,0.0,4.0,0,0,64,0.0,0,0,0,0,0,0,14480,0.0,0
339,2,0.0,0.0,0.0,0.0,0.0,5.0,0,0,64,0.0,0,0,0,0,0,0,14480,0.0,0
28135,41,0.0,20.70123246671622,1300.0,545.6097560975609,1198.4816462550675,1.0,0,0,1320,278.3414634146341,4,0,0,0,0,0,14480,0.0,0
645331,7,0.0,118.20170412114564,62.0,24.0,98667.05533498092,8.0,0,0,156,47.37500000000001,4,0,0,0,0,0,16383,0.0,1
1173682,435,0.0,26.336783224752693,1448.0,1207.8896551724142,7550.108835877758,1.0,0,0,13928,779.1568047337282,4,0,0,0,0,0,34752,0.0,0
4,0,504.0,0.0,0.0,0.0,0.0,0.0,0,0,0,504.0,0,0,0,0,0,0,0,0.0,1
1035,2,45.0,0.0,61.0,61.0,0.0,9.0,0,0,16,51.4,0,0,0,0,0,0,0,0.0,0
457,2,0.0,0.0,0.0,0.0,0.0,4.0,0,0,64,0.0,0,0,0,0,0,0,14480,0.0,0
11,0,0.0,0.0,0.0,0.0,0.0,0.0,0,0,0,0.0,2,0,0,0,0,0,0,0.0,0
62360,43,0.0,20.337683508684545,1300.0,576.1395348837209,2291.756813068067,1.0,0,0,1384,293.3488372093023,4,0,0,0,0,0,14480,0.0,0
1201143,5,0.0,76.92041341542568,203.0,81.2,184017.77483278813,3.0,0,0,116,65.86666666666666,4,0,0,0,0,0,16383,0.0,1
75534,59,0.0,18.57709542894882,1300.0,675.4915254237287,2530.1663780555814,1.0,0,0,1896,336.1666666666665,4,0,0,0,0,0,14480,0.0,0
134948,2,0.0,0.0,0.0,0.0,50645.10898892409,8.0,0,0,40,0.0,0,0,0,0,0,0,16383,0.0,1
366116,4,88.0,16.165807537309526,72.0,48.0,173746.6353093876,1.0,0,0,32,76.44444444444444,0,0,0,0,0,0,0,0.0,0
24120,35,0.0,21.883828750570903,1300.0,373.4857142857143,1614.8176004043794,1.0,0,0,1128,193.22857142857143,4,0,0,0,0,0,14480,0.0,0
4457,13,0.0,35.452381373177744,458.0,76.30769230769229,393.82072245872047,3.0,0,0,424,39.696969696969695,4,0,0,0,0,0,11584,0.0,0
318,2,0.0,0.0,0.0,0.0,0.0,3.0,0,0,64,0.0,0,0,0,0,0,0,10136,0.0,0
1086634,15,0.0,122.41532220727564,1448.0,614.9333333333334,344387.3980053003,2.0,0,0,488,391.2307692307692,4,0,0,0,948,9224,8688,0.0,0
9,0,56.0,0.0,0.0,0.0,0.0,0.0,0,0,0,56.0,0,0,0,0,0,0,0,0.0,1
415,2,0.0,0.0,0.0,0.0,0.0,4.0,0,0,64,0.0,0,0,0,0,0,0,20272,0.0,0
220556,65,0.0,18.08596645301772,1300.0,818.030769230769,4771.824704421635,1.0,0,0,2088,412.7538461538463,4,0,0,0,0,0,14480,0.0,0
311,2,0.0,0.0,0.0,0.0,0.0,2.0,0,0,64,0.0,0,0,0,0,0,0,34752,0.0,0
12,0,521.0,0.0,0.0,0.0,0.0,0.0,0,0,0,521.0,0,0,0,0,0,0,0,0.0,1
78461,2,0.0,0.0,0.0,0.0,18121.73258824884,7.0,0,0,40,0.0,0,0,0,0,0,0,16383,0.0,1
1618732,17,0.0,461.1905555965219,132.0,60.35294117647059,96496.05689761028,1.0,0,0,356,145.23076923076923,4,0,0,0,0,0,16383,0.0,1
1011141,15,0.0,116.7156607081734,1448.0,614.9333333333334,301017.2864654121,2.0,0,0,488,363.28571428571433,4,0,0,0,0,0,8688,0.0,0
644908,5,0.0,0.0,415.0,166.0,265095.643900461,2.0,0,0,116,75.45454545454545,4,0,0,0,0,0,16383,0.0,1
310,2,0.0,0.0,0.0,0.0,0.0,2.0,0,0,64,0.0,0,0,0,0,0,0,14480,0.0,0
341,2,0.0,0.0,0.0,0.0,0.0,3.0,0,0,64,0.0,0,0,0,0,0,0,14480,0.0,0
155379,85,0.0,16.26082202818231,1300.0,862.8235294117645,2377.820982408624,1.0,0,0,2728,439.4404761904762,4,0,0,0,0,0,14480,0.0,0
1005344,15,0.0,122.41532220727564,1448.0,614.9333333333334,333338.3575524275,2.0,0,0,488,391.2307692307692,4,0,0,0,948,9224,8688,0.0,0
1026,2,37.0,0.0,53.0,53.0,0.0,11.0,0,0,16,43.4,0,0,0,0,0,0,0,0.0,0
393,2,0.0,0.0,0.0,0.0,0.0,2.0,0,0,64,0.0,0,0,0,0,0,0,14480,0.0,0
59123,51,0.0,19.449568485848584,1300.0,649.0196078431372,2301.131322251057,1.0,0,0,1640,329.1176470588235,4,0,0,0,0,0,14480,0.0,0
318,2,0.0,0.0,0.0,0.0,0.0,4.0,0,0,64,0.0,0,0,0,0,0,0,14480,0.0,0
324,2,0.0,0.0,0.0,0.0,0.0,4.0,0,0,64,0.0,0,0,0,0,0,0,14480,0.0,0
374,2,0.0,0.0,0.0,0.0,0.0,4.0,0,0,64,0.0,0,0,0,0,0,0,14480,0.0,0
96468,2,0.0,0.0,0.0,0.0,28864.805914816057,3.0,0,0,40,0.0,0,0,0,0,0,0,16383,0.0,0
349,2,0.0,0.0,0.0,0.0,0.0,2.0,0,0,64,0.0,0,0,0,0,0,0,8688,0.0,0
431103,23,0.0,80.76372296624533,1045.0,132.8695652173913,32393.40115080476,1.0,0,0,744,86.90909090909092,4,0,0,0,0,0,13032,0.0,0
35485,57,0.0,18.59098371051612,1300.0,689.2631578947369,1025.62874762076,1.0,0,0,1832,348.7543859649122,4,0,0,0,0,0,14480,0.0,0
354,2,0.0,0.0,0.0,0.0,0.0,3.0,0,0,64,0.0,0,0,0,0,0,0,20272,0.0,0
433552,5,0.0,71.40778268908389,199.0,79.6,67065.38134643578,5.0,0,0,116,66.57142857142857,4,0,0,0,0,0,16383,0.0,1
26992,67,0.0,17.367976855311046,1300.0,787.6119402985075,564.1282685395092,1.0,0,0,2152,397.313432835821,4,0,0,0,0,0,14480,0.0,0
4985,4,114.0,0.0,52.0,52.0,2260.3298431866087,8.0,0,0,32,86.44444444444444,0,0,0,0,0,0,0,0.0,0
1082,2,37.0,0.0,53.0,53.0,0.0,7.0,0,0,16,43.4,0,0,0,0,0,0,0,0.0,0
341,2,0.0,0.0,0.0,0.0,0.0,6.0,0,0,64,0.0,0,0,0,0,0,0,14480,0.0,0
207758,21,0.0,249.00441763149504,192.0,72.0,11740.619693339262,0.0,0,0,680,109.14285714285714,4,0,0,0,0,0,14480,0.0,0
17060,15,0.0,99.13316607162618,277.0,46.66666666666666,2052.151438281548,1.0,0,0,488,46.66666666666666,4,0,0,0,0,0,10136,0.0,0
358,2,0.0,0.0,0.0,0.0,0.0,5.0,0,0,64,0.0,0,0,0,0,0,0,14480,0.0,0
1905,4,88.0,23.09401076758504,72.0,48.0,754.3082924110008,4.0,0,0,32,79.11111111111111,0,0,0,0,0,0,0,0.0,0
38210,83,0.0,16.26082202818231,1300.0,877.0602409638554,608.7786132905786,1.0,0,0,2664,441.4578313253012,4,0,0,0,0,0,14480,0.0,0
509,2,0.0,0.0,0.0,0.0,0.0,1.0,0,0,64,0.0,0,0,0,0,0,0,47784,0.0,0
273668,9,0.0,84.90330634652238,1460.0,728.4444444444445,58567.88408135184,2.0,0,0,196,406.1176470588236,4,0,0,0,0,0,16383,0.0,1
318,2,0.0,0.0,0.0,0.0,0.0,2.0,0,0,64,0.0,0,0,0,0,0,0,14480,0.0,0
544254,41,0.0,723.869574845933,287.0,28.97560975609756,23666.24433319388,1.0,0,0,1320,385.3617021276596,4,0,0,0,0,0,31856,0.0,0
457692,3,0.0,21.17230895926721,0.0,0.0,82165.90243708152,4.0,0,0,76,8.2,4,0,0,0,0,0,16383,0.0,1
33319,17,0.0,242.24505498908883,192.0,88.94117647058823,437.551085452833,1.0,0,0,552,130.58823529411762,4,0,0,0,0,0,14480,0.0,0
333006,5,0.0,718.7496213437738,0.0,0.0,69248.38635432436,3.0,0,0,168,481.88235294117646,4,0,0,0,0,0,10136,0.0,0
12533,33,0.0,22.3064253725967,1300.0,345.69696969696963,706.724583242397,0.0,0,0,1064,179.72727272727272,4,0,0,0,0,0,14480,0.0,0
269082,5,0.0,718.7496213437738,0.0,0.0,59476.47657912048,2.0,0,0,168,481.88235294117646,4,0,0,0,0,0,10136,0.0,0
317,2,0.0,0.0,0.0,0.0,0.0,2.0,0,0,64,0.0,0,0,0,0,0,0,10136,0.0,0
329,2,0.0,0.0,0.0,0.0,0.0,2.0,0,0,64,0.0,0,0,0,0,0,0,10136,0.0,0
47397,83,0.0,16.26082202818231,1300.0,925.180722891566,783.7213329862712,1.0,0,0,2664,465.51807228915663,4,0,0,0,0,0,14480,0.0,0
1803,4,88.0,16.165807537309526,72.0,48.0,779.7129813805419,2.0,0,0,32,76.44444444444444,0,0,0,0,0,0,0,0.0,0
349,2,0.0,0.0,0.0,0.0,0.0,4.0,0,0,64,0.0,0,0,0,0,0,0,30408,0.0,0
342,2,0.0,0.0,0.0,0.0,0.0,3.0,0,0,64,0.0,0,0,0,0,0,0,47784,0.0,0
323,2,0.0,0.0,0.0,0.0,0.0,2.0,0,0,64,0.0,0,0,0,0,0,0,14480,0.0,0
336,2,0.0,0.0,0.0,0.0,0.0,2.0,0,0,64,0.0,0,0,0,0,0,0,30408,0.0,0
371,2,0.0,0.0,0.0,0.0,0.0,3.0,0,0,64,0.0,0,0,0,0,0,0,8688,0.0,0
351,2,0.0,0.0,0.0,0.0,0.0,2.0,0,0,64,0.0,0,0,0,0,0,0,8688,0.0,0
659990,5,0.0,30.983866769659336,0.0,0.0,33242.53854927448,4.0,0,0,116,9.999999999999998,4,0,0,0,0,0,16383,0.0,1
350,2,0.0,0.0,0.0,0.0,0.0,4.0,0,0,64,0.0,0,0,0,0,0,0,10136,0.0,0
65008,65,0.0,17.149679335688607,1300.0,879.8769230769233,1998.96250815278,0.0,0,0,2088,430.313432835821,4,0,0,0,0,0,14480,0.0,0
223095,5,0.0,718.7496213437738,0.0,0.0,55522.41717930996,4.0,0,0,168,481.88235294117646,4,0,0,0,0,0,10136,0.0,0
3629091,51,0.0,6.658307684726639,54.0,18.15686274509805,132649.47328927062,1.0,0,0,1640,11.254901960784316,4,0,0,0,0,0,20272,0.0,0
280143,5,0.0,718.7496213437738,0.0,0.0,61016.39818396728,2.0,0,0,168,481.88235294117646,4,0,0,0,0,0,10136,0.0,0
12107,39,0.0,21.08021663617728,1300.0,521.8974358974358,445.1411541827459,1.0,0,0,1256,266.7692307692308,4,0,0,0,0,0,14480,0.0,0
314,2,0.0,0.0,0.0,0.0,0.0,2.0,0,0,64,0.0,0,0,0,0,0,0,14480,0.0,0
31340,123,0.0,27.08101239785908,1448.0,72.09756097560972,444.9989277739701,1.0,0,0,3944,42.35245901639343,4,0,0,0,0,0,47784,0.0,0
787941,123,0.0,27.087465963521392,1448.0,72.0650406504065,12576.776329813763,1.0,0,0,3944,42.31967213114753,4,0,0,0,0,0,47784,0.0,0
744093,5,0.0,33.18060248025013,0.0,0.0,154879.5311598663,3.0,0,0,116,10.46153846153846,4,0,0,0,0,0,16383,0.0,0
2436,5,0.0,0.0,706.0,282.4,359.1132597570484,2.0,0,0,168,141.2,4,0,0,0,0,0,5792,0.0,0
322,2,0.0,0.0,0.0,0.0,0.0,4.0,0,0,64,0.0,0,0,0,0,0,0,8688,0.0,0
314,2,0.0,0.0,0.0,0.0,0.0,2.0,0,0,64,0.0,0,0,0,0,0,0,14480,0.0,0
379109,3,0.0,78.55995587235692,0.0,0.0,70865.23321535508,7.0,0,0,76,29.27272727272728,4,0,0,0,0,0,16383,0.0,1
46932,5,0.0,0.0,741.0,296.4,406.4545895094965,7.0,0,0,168,148.20000000000002,4,0,0,0,0,0,5792,0.0,0
1046,2,45.0,0.0,61.0,61.0,0.0,2.0,0,0,16,51.4,0,0,0,0,0,0,0,0.0,0
53158,39,0.0,20.70123246671622,1300.0,544.6153846153846,2829.517221806933,1.0,0,0,1256,271.17499999999995,4,0,0,0,0,0,13032,0.0,0
999,2,37.0,0.0,53.0,53.0,0.0,2.0,0,0,16,43.4,0,0,0,0,0,0,0,0.0,0
4730,4,114.0,0.0,48.0,48.0,2145.725129958013,3.0,0,0,32,84.66666666666667,0,0,0,0,0,0,0,0.0,0
15056,2,0.0,0.0,0.0,0.0,3420.2755005993304,1.0,0,0,40,0.0,0,0,0,0,0,0,16383,0.0,1
10408,35,0.0,21.883828750570903,1300.0,423.9428571428572,479.1292310804649,1.0,0,0,1128,218.45714285714288,4,0,0,0,0,0,14480,0.0,0
348,2,0.0,0.0,0.0,0.0,0.0,1.0,0,0,64,0.0,0,0,0,0,0,0,34752,0.0,0
5,0,56.0,0.0,0.0,0.0,0.0,0.0,0,0,0,56.0,0,0,0,0,0,0,0,0.0,1
169425,3,0.0,346.93247593320353,0.0,0.0,35494.85990628314,2.0,0,0,76,129.27272727272725,4,0,0,0,0,0,16383,0.0,1
444,2,0.0,0.0,0.0,0.0,0.0,3.0,0,0,64,0.0,0,0,0,0,0,0,14480,0.0,0
1127,2,45.0,0.0,61.0,61.0,0.0,4.0,0,0,16,51.4,0,0,0,0,0,0,0,0.0,0
564,2,0.0,0.0,0.0,0.0,0.0,5.0,0,0,64,0.0,0,0,0,0,0,0,13032,0.0,0
335,2,0.0,0.0,0.0,0.0,0.0,2.0,0,0,64,0.0,0,0,0,0,0,0,8688,0.0,0
112313,37,0.0,724.4893419027035,287.0,32.108108108108105,9090.863757297297,1.0,0,0,1192,409.8863636363637,4,0,0,0,0,0,30408,0.0,0
116,2,0.0,0.0,0.0,0.0,0.0,3.0,0,0,64,0.0,0,0,0,0,0,0,10136,0.0,0
452,2,0.0,0.0,0.0,0.0,0.0,3.0,0,0,64,0.0,0,0,0,0,0,0,5792,0.0,0
1035,2,45.0,0.0,61.0,61.0,0.0,6.0,0,0,16,51.4,0,0,0,0,0,0,0,0.0,0
1081,2,45.0,0.0,61.0,61.0,0.0,7.0,0,0,16,51.4,0,0,0,0,0,0,0,0.0,0
396879,5,0.0,303.50492268699384,0.0,0.0,100529.40991769524,7.0,0,0,116,95.6923076923077,4,0,0,0,0,0,16383,0.0,1
2079522,435,0.0,27.10925054466486,1448.0,1207.8896551724142,98480.76011376533,0.0,0,0,13928,795.6344410876136,4,0,0,0,1278,525432,34752,0.0,0
68753,2,0.0,0.0,0.0,0.0,21725.855851956672,3.0,0,0,40,0.0,0,0,0,0,0,0,16383,0.0,1
640923,5,0.0,80.55805360111427,0.0,0.0,95759.50827567988,7.0,0,0,116,26.0,4,0,0,0,0,0,16383,0.0,1
1111,2,45.0,0.0,61.0,61.0,0.0,8.0,0,0,16,51.4,0,0,0,0,0,0,0,0.0,0
991019,5,0.0,30.983866769659336,0.0,0.0,134627.3831755635,4.0,0,0,116,9.999999999999998,4,0,0,0,0,0,16383,0.0,1
5093,21,0.0,84.16331242230629,381.0,58.19047619047619,388.6803960742008,1.0,0,0,680,50.57142857142857,4,0,0,0,0,0,13032,0.0,0
79046,2,0.0,0.0,0.0,0.0,43252.30759161874,11.0,0,0,40,0.0,0,0,0,0,0,0,16383,0.0,1
207940,3,0.0,170.29456272951904,0.0,0.0,38118.19720116189,7.0,0,0,76,63.45454545454545,4,0,0,0,0,0,16383,0.0,1
154416,15,0.0,99.13316607162618,277.0,46.66666666666666,28711.591615180845,1.0,0,0,488,46.66666666666666,4,0,0,0,0,0,10136,0.0,0
4762,4,114.0,0.0,52.0,50.0,2143.701782742491,8.0,0,0,32,85.55555555555556,0,0,0,0,0,0,0,0.0,0
178700,9,0.0,98.07795733132758,1460.0,862.6666666666666,32592.08300441484,2.0,0,0,196,480.3529411764706,4,0,0,0,0,0,16383,0.0,1
322,2,0.0,0.0,0.0,0.0,0.0,2.0,0,0,64,0.0,0,0,0,0,0,0,5792,0.0,0
429,2,0.0,0.0,0.0,0.0,0.0,25.0,0,0,64,0.0,0,0,0,0,0,0,8688,0.0,0
3520,9,0.0,62.487687676142336,777.0,181.11111111111111,344.35003186357403,4.0,0,0,296,101.7,4,0,0,0,0,0,10136,0.0,0
34145,53,0.0,19.681667209175394,1300.0,607.433962264151,1110.5942853565682,0.0,0,0,1704,308.3018867924529,4,0,0,0,0,0,14480,0.0,0
347,2,0.0,0.0,0.0,0.0,0.0,2.0,0,0,64,0.0,0,0,0,0,0,0,30408,0.0,0
1174367,15,0.0,116.7156607081734,1448.0,614.9333333333334,299041.33893873723,4.0,0,0,488,363.28571428571433,4,0,0,0,0,0,8688,0.0,0
45933,5,0.0,0.0,755.0,302.0,387.9793808954285,5.0,0,0,168,151.0,4,0,0,0,0,0,5792,0.0,0
45212,2,0.0,0.0,0.0,0.0,21517.25935150664,7.0,0,0,40,0.0,0,0,0,0,0,0,16383,0.0,1
1076,2,37.0,0.0,53.0,53.0,0.0,9.0,0,0,16,43.4,0,0,0,0,0,0,0,0.0,0
337,2,0.0,0.0,0.0,0.0,0.0,3.0,0,0,64,0.0,0,0,0,0,0,0,14480,0.0,0
346,2,0.0,0.0,0.0,0.0,0.0,2.0,0,0,64,0.0,0,0,0,0,0,0,5792,0.0,0
315,2,0.0,0.0,0.0,0.0,0.0,2.0,0,0,64,0.0,0,0,0,0,0,0,10136,0.0,0
932495,15,0.0,99.13316607162618,277.0,46.66666666666666,117193.44980497974,2.0,0,0,488,46.66666666666666,4,0,0,0,0,0,10136,0.0,0
2077730,5,0.0,138.39460490447837,0.0,0.0,592783.8472717522,3.0,0,0,116,44.66666666666666,4,0,0,0,536,0,16383,0.0,1
324,2,0.0,0.0,0.0,0.0,0.0,2.0,0,0,64,0.0,0,0,0,0,0,0,5792,0.0,0
314,2,0.0,0.0,0.0,0.0,0.0,1.0,0,0,64,0.0,0,0,0,0,0,0,14480,0.0,0
353,2,0.0,0.0,0.0,0.0,0.0,1.0,0,0,64,0.0,0,0,0,0,0,0,8688,0.0,0
1748,4,88.0,13.856406460551018,72.0,48.0,789.2378179822184,5.0,0,0,32,75.55555555555556,0,0,0,0,0,0,0,0.0,0
50383,59,0.0,18.57709542894882,1300.0,793.2881355932204,1429.5165361677666,1.0,0,0,1896,394.08333333333326,4,0,0,0,0,0,14480,0.0,0
353,2,0.0,0.0,0.0,0.0,0.0,2.0,0,0,64,0.0,0,0,0,0,0,0,10136,0.0,0
680368,9,0.0,19.890152885741774,45.0,18.888888888888893,84144.79485855848,5.0,0,0,196,17.904761904761905,4,0,0,0,0,0,16383,0.0,0
324,2,0.0,0.0,0.0,0.0,0.0,2.0,0,0,64,0.0,0,0,0,0,0,0,10136,0.0,0
1088,2,45.0,0.0,61.0,61.0,0.0,8.0,0,0,16,51.4,0,0,0,0,0,0,0,0.0,0
223340,5,0.0,718.7496213437738,0.0,0.0,55539.21097837095,1.0,0,0,168,481.88235294117646,4,0,0,0,0,0,10136,0.0,0
1005592,15,0.0,122.41532220727564,1448.0,614.9333333333334,333043.7572057912,2.0,0,0,488,391.2307692307692,4,0,0,0,0,0,8688,0.0,0
2505143,211,0.0,36.322234254792086,1448.0,1168.578199052133,199828.8648615353,1.0,0,0,6760,741.1437125748508,4,0,0,0,972,246570,21720,0.0,0
132,2,0.0,0.0,0.0,0.0,0.0,4.0,0,0,64,0.0,0,0,0,0,0,0,14480,0.0,0
191,2,0.0,0.0,0.0,0.0,0.0,3.0,0,0,64,0.0,0,0,0,0,0,0,65160,0.0,0
45930,5,0.0,0.0,759.0,303.6,371.81357335811896,4.0,0,0,168,151.8,4,0,0,0,0,0,5792,0.0,0
383,2,0.0,0.0,0.0,0.0,0.0,3.0,0,0,64,0.0,0,0,0,0,0,0,8688,0.0,0
1022168,27,0.0,635.4742370973307,117.0,36.07407407407407,29437.69868757377,2.0,0,0,556,797.8608695652174,4,0,0,0,0,0,16383,0.0,1
314,2,0.0,0.0,0.0,0.0,0.0,5.0,0,0,64,0.0,0,0,0,0,0,0,5792,0.0,0
29457,59,0.0,18.83709254785309,1300.0,708.6779661016949,669.0700767063637,1.0,0,0,1896,358.45762711864404,4,0,0,0,0,0,14480,0.0,0
223502,5,0.0,718.7496213437738,0.0,0.0,55553.88732883096,8.0,0,0,168,481.88235294117646,4,0,0,0,0,0,10136,0.0,0
112,2,0.0,0.0,0.0,0.0,0.0,3.0,0,0,64,0.0,0,0,0,0,0,0,14480,0.0,0
902,2,37.0,0.0,53.0,53.0,0.0,4.0,0,0,16,43.4,0,0,0,0,0,0,0,0.0,0
2394510,123,0.0,90.81666817072104,848.0,54.06504065040652,38932.9587680066,1.0,0,0,3944,51.991836734693855,4,0,0,0,0,0,55024,0.0,0
151141,37,0.0,65.05333065168149,1360.0,527.6216216216217,20886.32623590314,1.0,0,0,1192,285.2777777777777,4,0,0,0,0,0,15928,0.0,0
126,2,0.0,0.0,0.0,0.0,0.0,3.0,0,0,64,0.0,0,0,0,0,0,0,65160,0.0,0
1222,2,45.0,0.0,61.0,61.0,0.0,8.0,0,0,16,51.4,0,0,0,0,0,0,0,0.0,0
3151608,49,0.0,55.50439251674125,1360.0,334.1224489795917,115720.05049000314,1.0,0,0,1576,179.71428571428572,4,0,0,0,0,0,20272,0.0,0
5202409,855,0.0,19.72827841113013,1448.0,1228.261988304093,150004.58072889032,1.0,0,0,27368,805.528330781011,4,0,0,0,1856,1050164,59368,0.0,0
340,2,0.0,0.0,0.0,0.0,0.0,5.0,0,0,64,0.0,0,0,0,0,0,0,14480,0.0,0
127,2,0.0,0.0,0.0,0.0,0.0,3.0,0,0,64,0.0,0,0,0,0,0,0,5792,0.0,0
27491,43,0.0,20.774325260080392,1314.0,616.0930232558139,895.8599717725925,1.0,0,0,1384,313.5116279069767,4,0,0,0,0,0,14480,0.0,0
1173694,5,0.0,88.8069066383165,438.0,175.2,257418.7571274997,3.0,0,0,116,95.3846153846154,4,0,0,0,0,0,16383,0.0,1
361,2,0.0,0.0,0.0,0.0,0.0,4.0,0,0,64,0.0,0,0,0,0,0,0,8688,0.0,0
4764,4,114.0,0.0,48.0,48.0,2144.5690320745875,8.0,0,0,32,84.66666666666667,0,0,0,0,0,0,0,0.0,0
227412,5,0.0,718.7496213437738,0.0,0.0,54099.84826883631,2.0,0,0,168,481.88235294117646,4,0,0,0,0,0,10136,0.0,0
29174,45,0.0,19.989267733569253,1300.0,630.0444444444445,1027.8644748883685,1.0,0,0,1448,320.06666666666666,4,0,0,0,0,0,14480,0.0,0
540652,5,0.0,80.51175601825399,925.0,370.0,107698.32694460332,6.0,0,0,116,167.6923076923077,4,0,0,0,0,0,16383,0.0,1
314,2,0.0,0.0,0.0,0.0,0.0,4.0,0,0,64,0.0,0,0,0,0,0,0,20272,0.0,0
236466,5,0.0,95.63820714895624,450.0,180.0,44337.301575159785,7.0,0,0,116,99.3846153846154,4,0,0,0,0,0,16383,0.0,1
372,2,0.0,0.0,0.0,0.0,0.0,2.0,0,0,64,0.0,0,0,0,0,0,0,13032,0.0,0
1004141,15,0.0,122.41532220727564,1448.0,614.9333333333334,332981.2133817679,2.0,0,0,488,391.2307692307692,4,0,0,0,0,0,8688,0.0,0
356,2,0.0,0.0,0.0,0.0,0.0,2.0,0,0,64,0.0,0,0,0,0,0,0,14480,0.0,0
1017,2,45.0,0.0,61.0,61.0,0.0,8.0,0,0,16,51.4,0,0,0,0,0,0,0,0.0,0
528,2,0.0,0.0,0.0,0.0,0.0,2.0,0,0,64,0.0,0,0,0,0,0,0,14480,0.0,0
1072,2,37.0,0.0,53.0,53.0,0.0,6.0,0,0,16,43.4,0,0,0,0,0,0,0,0.0,0
1004251,15,0.0,122.41532220727564,1448.0,614.9333333333334,332843.3927834697,2.0,0,0,488,391.2307692307692,4,0,0,0,0,0,8688,0.0,0
24684,45,0.0,19.989267733569253,1300.0,603.1999999999999,986.8801720450344,1.0,0,0,1448,306.64444444444445,4,0,0,0,0,0,14480,0.0,0
1151,2,45.0,0.0,61.0,61.0,0.0,9.0,0,0,16,51.4,0,0,0,0,0,0,0,0.0,0
419227,5,0.0,718.7496213437738,0.0,0.0,89323.91813320029,5.0,0,0,168,481.88235294117646,4,0,0,0,0,0,10136,0.0,0
29667272,743,0.0,18.82475573736426,1448.0,1411.9784656796774,133008.8456543597,1.0,0,0,23784,990.1641509433964,4,0,0,0,0,0,7240,0.0,0
1608638,59,0.0,119.24175012846632,848.0,84.50847457627121,56202.58494201623,1.0,0,0,1896,64.55462184873952,4,0,0,0,0,0,24616,0.0,0
319,2,0.0,0.0,0.0,0.0,0.0,5.0,0,0,64,0.0,0,0,0,0,0,0,14480,0.0,0
8639,35,0.0,21.883828750570903,1300.0,403.37142857142857,352.00970899575015,0.0,0,0,1128,208.1714285714285,4,0,0,0,0,0,14480,0.0,0
5221574,501,0.0,115.85559441137046,1448.0,101.27744510978054,34564.26386710705,1.0,0,0,16040,70.54427645788346,4,0,0,0,0,0,65160,0.0,0
308,2,0.0,0.0,0.0,0.0,0.0,4.0,0,0,64,0.0,0,0,0,0,0,0,14480,0.0,0
320,2,0.0,0.0,0.0,0.0,0.0,2.0,0,0,64,0.0,0,0,0,0,0,0,14480,0.0,0
839700,17,0.0,298.299223767989,108.0,52.47058823529412,49736.49730447096,4.0,0,0,356,85.35135135135135,4,0,0,0,0,0,16383,0.0,1
1017,2,45.0,0.0,61.0,61.0,0.0,7.0,0,0,16,51.4,0,0,0,0,0,0,0,0.0,0
1113,2,45.0,0.0,61.0,61.0,0.0,7.0,0,0,16,51.4,0,0,0,0,0,0,0,0.0,0
1130,2,45.0,0.0,61.0,61.0,0.0,8.0,0,0,16,51.4,0,0,0,0,0,0,0,0.0,0
350,2,0.0,0.0,0.0,0.0,0.0,4.0,0,0,64,0.0,0,0,0,0,0,0,31856,0.0,0
25703,15,0.0,99.13316607162618,277.0,46.66666666666666,3231.48602396435,1.0,0,0,488,46.66666666666666,4,0,0,0,0,0,10136,0.0,0
369,2,0.0,0.0,0.0,0.0,0.0,2.0,0,0,64,0.0,0,0,0,0,0,0,8688,0.0,0
81086,2,0.0,0.0,0.0,0.0,34455.899233658085,8.0,0,0,40,0.0,0,0,0,0,0,0,16383,0.0,1
120,2,0.0,0.0,0.0,0.0,0.0,3.0,0,0,64,0.0,0,0,0,0,0,0,28960,0.0,0
995,2,38.0,0.0,54.0,54.0,0.0,6.0,0,0,16,44.4,0,0,0,0,0,0,0,0.0,0
34658,17,0.0,212.41908263305035,192.0,88.94117647058823,296.2074562580374,2.0,0,0,552,125.17647058823528,4,0,0,0,0,0,14480,0.0,0
461783,5,0.0,0.0,754.0,301.6,187706.51692735657,7.0,0,0,116,137.0909090909091,4,0,0,0,0,0,16383,0.0,1
337,2,0.0,0.0,0.0,0.0,0.0,1.0,0,0,64,0.0,0,0,0,0,0,0,13032,0.0,0
329,2,0.0,0.0,0.0,0.0,0.0,5.0,0,0,64,0.0,0,0,0,0,0,0,14480,0.0,0
350,2,0.0,0.0,0.0,0.0,0.0,3.0,0,0,64,0.0,0,0,0,0,0,0,14480,0.0,0
17147,33,0.0,21.474606635715823,1300.0,443.878787878788,1027.5478340498337,1.0,0,0,1064,215.7428571428572,4,0,0,0,0,0,14480,0.0,0
56302,39,0.0,21.523615004105377,1300.0,541.7435897435898,2005.766026447964,1.0,0,0,1256,276.89743589743586,4,0,0,0,0,0,14480,0.0,0
148394,77,0.0,16.80879051557521,1315.0,918.5454545454546,2451.022195436534,0.0,0,0,2472,462.4285714285714,4,0,0,0,0,0,14480,0.0,0
325,2,0.0,0.0,0.0,0.0,0.0,4.0,0,0,64,0.0,0,0,0,0,0,0,14480,0.0,0
1103,2,45.0,0.0,61.0,61.0,0.0,8.0,0,0,16,51.4,0,0,0,0,0,0,0,0.0,0
2942434,123,0.0,27.08393427473785,1448.0,68.2276422764228,46842.26880981188,1.0,0,0,3944,40.39344262295083,4,0,0,0,0,0,47784,0.0,0
102452,89,0.0,15.76186090355944,1300.0,903.0561797752812,1774.2678922855184,1.0,0,0,2856,454.2584269662921,4,0,0,0,0,0,14480,0.0,0
50377,39,0.0,21.523615004105377,1306.0,545.5897435897435,2132.427340347582,1.0,0,0,1256,278.8205128205129,4,0,0,0,0,0,14480,0.0,0
337,2,0.0,0.0,0.0,0.0,0.0,2.0,0,0,64,0.0,0,0,0,0,0,0,47784,0.0,0
51169,71,0.0,16.93905773703584,1300.0,819.549295774648,1111.8048035254974,1.0,0,0,2280,413.0845070422535,4,0,0,0,0,0,14480,0.0,0
17566,47,0.0,20.08417070838321,1300.0,660.8510638297872,480.8523976053653,0.0,0,0,1512,335.42553191489367,4,0,0,0,0,0,14480,0.0,0
315,2,0.0,0.0,0.0,0.0,0.0,2.0,0,0,64,0.0,0,0,0,0,0,0,41992,0.0,0
1138,2,38.0,0.0,54.0,54.0,0.0,8.0,0,0,16,44.4,0,0,0,0,0,0,0,0.0,0
327,2,0.0,0.0,0.0,0.0,0.0,2.0,0,0,64,0.0,0,0,0,0,0,0,14480,0.0,0
4881,4,114.0,0.0,48.0,48.0,2187.0048772998502,3.0,0,0,32,84.66666666666667,0,0,0,0,0,0,0,0.0,0
23969,51,0.0,6.658307684726639,54.0,18.15686274509805,945.4050386341456,1.0,0,0,1640,11.254901960784316,4,0,0,0,0,0,20272,0.0,0
1004106,15,0.0,122.41532220727564,1448.0,614.9333333333334,332977.6854016564,1.0,0,0,488,391.2307692307692,4,0,0,0,0,0,8688,0.0,0
14505358,743,0.0,18.47827157702741,1448.0,1411.9784656796774,53292.38135472533,1.0,0,0,23784,979.0802238805968,4,0,0,0,0,0,7240,0.0,0
1022,2,45.0,0.0,61.0,61.0,0.0,4.0,0,0,16,51.4,0,0,0,0,0,0,0,0.0,0
1068,2,45.0,0.0,61.0,61.0,0.0,8.0,0,0,16,51.4,0,0,0,0,0,0,0,0.0,0
1086,2,45.0,0.0,61.0,61.0,0.0,7.0,0,0,16,51.4,0,0,0,0,0,0,0,0.0,0
1039,2,45.0,0.0,61.0,61.0,0.0,7.0,0,0,16,51.4,0,0,0,0,0,0,0,0.0,0
1107,2,37.0,0.0,53.0,53.0,0.0,8.0,0,0,16,43.4,0,0,0,0,0,0,0,0.0,0
3450,7,0.0,158.53411830475693,146.0,41.71428571428572,296.0385110082808,4.0,0,0,232,64.71428571428572,4,0,0,0,0,0,7240,0.0,0
360,2,0.0,0.0,0.0,0.0,0.0,5.0,0,0,64,0.0,0,0,0,0,0,0,5792,0.0,0
317,2,0.0,0.0,0.0,0.0,0.0,3.0,0,0,64,0.0,0,0,0,0,0,0,14480,0.0,0
102639,125,0.0,90.29554152562336,848.0,53.96800000000001,6246.348602447485,1.0,0,0,4008,51.5421686746988,4,0,0,0,0,0,55024,0.0,0
343,2,0.0,0.0,0.0,0.0,0.0,3.0,0,0,64,0.0,0,0,0,0,0,0,7240,0.0,0
915,2,45.0,0.0,61.0,61.0,0.0,8.0,0,0,16,51.4,0,0,0,0,0,0,0,0.0,0
1850283,51,0.0,6.658307684726639,54.0,18.15686274509805,84837.44141808704,1.0,0,0,1640,11.254901960784316,4,0,0,0,0,0,20272,0.0,0
78673,2,0.0,0.0,0.0,0.0,25675.754331664728,3.0,0,0,40,0.0,0,0,0,0,0,0,16383,0.0,1
4143586,435,0.0,26.659686001692048,1448.0,1207.8896551724142,134512.3393120486,1.0,0,0,13928,786.1343283582097,4,0,0,0,1278,525432,34752,0.0,0
131144,45,0.0,19.989267733569253,1300.0,591.5111111111111,4590.431642860406,0.0,0,0,1448,300.8,4,0,0,0,0,0,14480,0.0,0
214142,39,0.0,722.8109877290884,287.0,30.461538461538467,14808.205292323844,1.0,0,0,1256,394.413043478261,4,0,0,0,0,0,31856,0.0,0
4526,15,0.0,260.58395959843733,192.0,100.8,332.4199581424505,2.0,0,0,488,142.25,4,0,0,0,0,0,14480,0.0,0
314,2,0.0,0.0,0.0,0.0,0.0,1.0,0,0,64,0.0,0,0,0,0,0,0,14480,0.0,0
201287,7,0.0,107.44977685158098,68.0,20.857142857142858,33576.35644400008,2.0,0,0,232,35.50000000000001,4,0,0,0,0,0,10136,0.0,0
352,2,0.0,0.0,0.0,0.0,0.0,2.0,0,0,64,0.0,0,0,0,0,0,0,8688,0.0,0
307,2,0.0,0.0,0.0,0.0,0.0,4.0,0,0,64,0.0,0,0,0,0,0,0,14480,0.0,0
10198,33,0.0,22.739504336534345,1300.0,392.0,652.9075912103477,0.0,0,0,1064,209.21875000000003,4,0,0,0,0,0,14480,0.0,0
23362,45,0.0,19.989267733569253,1300.0,621.4666666666667,927.2734117111548,1.0,0,0,1448,315.7777777777778,4,0,0,0,0,0,14480,0.0,0
616378,5,0.0,30.983866769659336,0.0,0.0,29794.97718911696,5.0,0,0,116,9.999999999999998,4,0,0,0,0,0,16383,0.0,1
120,2,0.0,0.0,0.0,0.0,0.0,3.0,0,0,64,0.0,0,0,0,0,0,0,5792,0.0,0
346,2,0.0,0.0,0.0,0.0,0.0,2.0,0,0,64,0.0,0,0,0,0,0,0,30408,0.0,0
349,2,0.0,0.0,0.0,0.0,0.0,4.0,0,0,64,0.0,0,0,0,0,0,0,14480,0.0,0
521851,5,0.0,0.0,754.0,301.6,362.5773480698061,3.0,0,0,168,150.79999999999998,4,0,0,0,0,0,5792,0.0,0
18568,53,0.0,19.681667209175394,1300.0,607.433962264151,480.7200881357621,1.0,0,0,1704,308.3018867924529,4,0,0,0,0,0,14480,0.0,0
54361,47,0.0,20.08417070838321,1300.0,600.1276595744681,2541.7609902020945,1.0,0,0,1512,305.063829787234,4,0,0,0,0,0,14480,0.0,0
49941,17,0.0,353.53453390958384,192.0,88.94117647058823,2028.67010859918,2.0,0,0,552,150.35294117647058,4,0,0,0,0,0,14480,0.0,0
1369674,19,0.0,13.639229136156173,1460.0,274.84210526315786,152563.8286217273,1.0,0,0,396,156.57142857142858,4,0,0,0,0,0,16383,0.0,1
77283,2,0.0,0.0,0.0,0.0,25757.071611501186,9.0,0,0,40,0.0,0,0,0,0,0,0,16383,0.0,1
770598,5,0.0,46.8432035015296,0.0,0.0,217676.96408026275,1.0,0,0,116,14.769230769230772,4,0,0,0,0,0,16383,0.0,0
24873,2,0.0,0.0,0.0,0.0,9705.747678566551,10.0,0,0,40,0.0,0,0,0,0,0,0,16383,0.0,1
51671,2,0.0,0.0,0.0,0.0,15476.446119829963,4.0,0,0,40,0.0,0,0,0,0,0,0,16383,0.0,0
22571,39,0.0,21.08021663617728,1300.0,542.6153846153848,1325.008829366015,0.0,0,0,1256,277.12820512820514,4,0,0,0,0,0,14480,0.0,0
614591,5,0.0,30.983866769659336,0.0,0.0,29382.58023897833,2.0,0,0,116,9.999999999999998,4,0,0,0,0,0,16383,0.0,1
307,2,0.0,0.0,0.0,0.0,0.0,2.0,0,0,64,0.0,0,0,0,0,0,0,14480,0.0,0
7493,9,0.0,65.29726895769328,776.0,180.88888888888889,1418.0536053964172,2.0,0,0,296,103.0,4,0,0,0,0,0,10136,0.0,0
514896,27,0.0,265.28916009052926,192.0,55.99999999999999,19674.26863316652,1.0,0,0,872,90.37037037037038,4,0,0,0,0,0,14480,0.0,0
4886,19,0.0,82.62050362378348,381.0,45.78947368421053,382.39677313657234,1.0,0,0,616,43.21951219512196,4,0,0,0,0,0,13032,0.0,0
9466,35,0.0,21.883828750570903,1300.0,410.8571428571428,407.49100891735617,1.0,0,0,1128,211.9142857142857,4,0,0,0,0,0,14480,0.0,0
390,2,0.0,0.0,0.0,0.0,0.0,2.0,0,0,64,0.0,0,0,0,0,0,0,14480,0.0,0
9,0,24.0,0.0,0.0,0.0,0.0,0.0,0,0,0,24.0,0,0,0,0,0,0,0,0.0,1
833784,5,0.0,88.31895660184226,391.0,156.4,163155.22596768592,5.0,0,0,116,88.0,4,0,0,0,0,0,16383,0.0,1
222878,5,0.0,718.7496213437738,0.0,0.0,54956.6302031783,2.0,0,0,168,481.88235294117646,4,0,0,0,0,0,10136,0.0,0
222291,5,0.0,718.7496213437738,0.0,0.0,55498.310754672726,2.0,0,0,168,481.88235294117646,4,0,0,0,0,0,10136,0.0,0
1226351,7,0.0,84.40561410420335,401.0,125.14285714285714,142662.48117805462,2.0,0,0,156,80.19047619047619,4,0,0,0,0,0,16383,0.0,1
1133474,15,0.0,116.7156607081734,1448.0,614.9333333333334,299515.26655717933,4.0,0,0,488,363.28571428571433,4,0,0,0,0,0,8688,0.0,0
340,2,0.0,0.0,0.0,0.0,0.0,5.0,0,0,64,0.0,0,0,0,0,0,0,14480,0.0,0
3,0,24.0,0.0,0.0,0.0,0.0,0.0,0,0,0,24.0,0,0,0,0,0,0,0,0.0,1
43892,2,0.0,0.0,0.0,0.0,17964.754882825426,2.0,0,0,40,0.0,0,0,0,0,0,0,16383,0.0,1
372,2,0.0,0.0,0.0,0.0,0.0,3.0,0,0,64,0.0,0,0,0,0,0,0,13032,0.0,0
88326,4,114.0,0.0,52.0,50.0,42123.76455557282,4.0,0,0,32,85.55555555555556,0,0,0,0,0,0,0,0.0,0
76992,93,0.0,53.65487454596904,1448.0,1056.7741935483873,2031.212184107072,1.0,0,0,2984,669.4729729729729,4,0,0,0,0,0,14480,0.0,0
65911,47,0.0,19.65548687392932,1300.0,632.3829787234044,2267.780953382679,1.0,0,0,1512,321.0212765957446,4,0,0,0,0,0,14480,0.0,0
1000493,5,0.0,78.63614218120607,195.0,78.0,151376.29454756904,9.0,0,0,116,69.71428571428571,4,0,0,0,0,0,16383,0.0,1
26244,39,0.0,720.8966231190778,287.0,30.461538461538467,605.8168173272037,1.0,0,0,1256,398.6222222222223,4,0,0,0,0,0,30408,0.0,0
19627,39,0.0,21.523615004105377,1300.0,540.4102564102565,636.7621927298213,1.0,0,0,1256,276.2307692307692,4,0,0,0,0,0,14480,0.0,0
343,2,0.0,0.0,0.0,0.0,0.0,4.0,0,0,64,0.0,0,0,0,0,0,0,31856,0.0,0
1016,2,45.0,0.0,61.0,61.0,0.0,3.0,0,0,16,51.4,0,0,0,0,0,0,0,0.0,0
49321,39,0.0,21.523615004105377,1300.0,530.4102564102565,1908.9960389893104,1.0,0,0,1256,271.2307692307692,4,0,0,0,0,0,14480,0.0,0
1004180,15,0.0,122.41532220727564,1448.0,614.9333333333334,333016.793898888,2.0,0,0,488,391.2307692307692,4,0,0,0,0,0,8688,0.0,0
63101,2,0.0,0.0,0.0,0.0,19743.83554429078,2.0,0,0,40,0.0,0,0,0,0,0,0,16383,0.0,1
3599,21,0.0,82.62050362378348,381.0,41.42857142857143,280.3787804494409,1.0,0,0,680,41.2093023255814,4,0,0,0,0,0,13032,0.0,0
343,2,0.0,0.0,0.0,0.0,0.0,2.0,0,0,64,0.0,0,0,0,0,0,0,8688,0.0,0
2406112,31,0.0,588.7599603598732,109.0,29.225806451612907,59596.13595071556,2.0,0,0,636,886.7482993197274,4,0,0,0,0,0,16383,0.0,1
10361,2,45.0,0.0,61.0,61.0,0.0,4.0,0,0,16,51.4,0,0,0,0,0,0,0,0.0,0
1332519,7,0.0,165.90301240125063,395.0,112.85714285714285,310646.2190310171,4.0,0,0,156,98.0,4,0,0,0,0,0,16383,0.0,1
5221,4,114.0,0.0,52.0,50.0,2434.6879334595087,3.0,0,0,32,85.55555555555556,0,0,0,0,0,0,0,0.0,0
404,2,0.0,0.0,0.0,0.0,0.0,4.0,0,0,64,0.0,0,0,0,0,0,0,13032,0.0,0
337,2,0.0,0.0,0.0,0.0,0.0,2.0,0,0,64,0.0,0,0,0,0,0,0,30408,0.0,0
24122,59,0.0,18.83709254785309,1300.0,754.9491525423728,546.8273708940485,1.0,0,0,1896,381.59322033898303,4,0,0,0,0,0,14480,0.0,0
308,2,0.0,0.0,0.0,0.0,0.0,2.0,0,0,64,0.0,0,0,0,0,0,0,14480,0.0,0
277337,33,0.0,66.34126646638302,1460.0,1256.0,34797.7994171726,2.0,0,0,676,928.3555555555556,4,0,0,0,0,0,16383,0.0,1
29071,2,0.0,0.0,0.0,0.0,20144.765089223554,3.0,0,0,40,0.0,0,0,0,0,0,0,16383,0.0,1
55197,123,0.0,27.07977115121619,1448.0,73.39837398373984,946.4145540880676,1.0,0,0,3944,43.00819672131143,4,0,0,0,0,0,47784,0.0,0
374,2,0.0,0.0,0.0,0.0,0.0,3.0,0,0,64,0.0,0,0,0,0,0,0,14480,0.0,0
1004154,15,0.0,122.41532220727564,1448.0,614.9333333333334,332973.0181812785,1.0,0,0,488,391.2307692307692,4,0,0,0,0,0,8688,0.0,0
323,2,0.0,0.0,0.0,0.0,0.0,2.0,0,0,64,0.0,0,0,0,0,0,0,14480,0.0,0
207585,3,0.0,91.91880474998936,0.0,0.0,41784.93758281804,2.0,0,0,76,35.6,4,0,0,0,0,0,16383,0.0,1
4707550,45,0.0,12.375109427125617,1460.0,874.1333333333332,335158.35752093163,1.0,0,0,916,557.4366197183099,4,0,0,0,0,0,16383,0.0,1
103375,63,0.0,17.829381154819387,1300.0,754.1587301587301,2293.445751311256,1.0,0,0,2024,380.8095238095239,4,0,0,0,0,0,14480,0.0,0
3439602,0,50.0,0.0,0.0,0.0,96055.119358567,0.0,0,0,0,50.0,0,0,0,0,0,0,0,0.0,1
614386,5,0.0,29.277002188455995,0.0,0.0,199533.9618968828,8.0,0,0,116,9.23076923076923,4,0,0,0,0,0,16383,0.0,1
353,2,0.0,0.0,0.0,0.0,0.0,2.0,0,0,64,0.0,0,0,0,0,0,0,14480,0.0,0
110510,71,0.0,17.413875622106488,1300.0,862.845070422535,2292.7479057902424,1.0,0,0,2280,434.8450704225354,4,0,0,0,0,0,14480,0.0,0
327,2,0.0,0.0,0.0,0.0,0.0,2.0,0,0,64,0.0,0,0,0,0,0,0,14480,0.0,0
355,2,0.0,0.0,0.0,0.0,0.0,1.0,0,0,64,0.0,0,0,0,0,0,0,47784,0.0,0
1051251,15,0.0,122.41532220727564,1448.0,614.9333333333334,331497.4462642125,4.0,0,0,488,391.2307692307692,4,0,0,0,0,0,8688,0.0,0
347,2,0.0,0.0,0.0,0.0,0.0,5.0,0,0,64,0.0,0,0,0,0,0,0,5792,0.0,0
247,3,0.0,0.0,0.0,0.0,0.0,4.0,0,0,96,0.0,0,0,0,0,0,0,26064,0.0,0
3,0,56.0,0.0,0.0,0.0,0.0,0.0,0,0,0,56.0,0,0,0,0,0,0,0,0.0,1
82295,2,0.0,0.0,0.0,0.0,38260.8408232229,0.0,0,0,40,0.0,0,0,0,0,0,0,16383,0.0,1
336400,35,0.0,719.0793478966202,287.0,33.94285714285714,24545.618061002224,3.0,0,0,1128,415.8837209302326,4,0,0,0,0,0,30408,0.0,0
321,2,0.0,0.0,0.0,0.0,0.0,2.0,0,0,64,0.0,0,0,0,0,0,0,7240,0.0,0
1056,2,45.0,0.0,61.0,61.0,0.0,8.0,0,0,16,51.4,0,0,0,0,0,0,0,0.0,0
873203,51,0.0,6.658307684726639,54.0,18.15686274509805,42618.89147759374,1.0,0,0,1640,11.254901960784316,4,0,0,0,0,0,20272,0.0,0
5154,4,114.0,0.0,52.0,50.0,2123.785849216755,4.0,0,0,32,85.55555555555556,0,0,0,0,0,0,0,0.0,0
4816,4,114.0,0.0,48.0,48.0,2142.836982444846,8.0,0,0,32,84.66666666666667,0,0,0,0,0,0,0,0.0,0
314,2,0.0,0.0,0.0,0.0,0.0,2.0,0,0,64,0.0,0,0,0,0,0,0,14480,0.0,0
47381,39,0.0,717.8290922735617,287.0,30.461538461538467,1961.6823037597992,1.0,0,0,1256,396.48888888888894,4,0,0,0,0,0,30408,0.0,0
1281496,15,0.0,122.41532220727564,1448.0,614.9333333333334,351602.86044216296,2.0,0,0,488,391.2307692307692,4,0,0,0,948,9224,8688,0.0,0
1146,2,37.0,0.0,53.0,53.0,0.0,7.0,0,0,16,43.4,0,0,0,0,0,0,0,0.0,0
908417,57,0.0,119.24175012846632,848.0,87.47368421052629,26733.21351459639,0.0,0,0,1832,65.65811965811966,4,0,0,0,0,0,24616,0.0,0
314,2,0.0,0.0,0.0,0.0,0.0,3.0,0,0,64,0.0,0,0,0,0,0,0,14480,0.0,0
91027,83,0.0,16.089412389826855,1300.0,864.8433734939757,1981.510264420728,1.0,0,0,2664,430.1666666666666,4,0,0,0,0,0,14480,0.0,0
353,2,0.0,0.0,0.0,0.0,0.0,4.0,0,0,64,0.0,0,0,0,0,0,0,14480,0.0,0
1076,2,37.0,0.0,53.0,53.0,0.0,8.0,0,0,16,43.4,0,0,0,0,0,0,0,0.0,0
326,2,0.0,0.0,0.0,0.0,0.0,2.0,0,0,64,0.0,0,0,0,0,0,0,14480,0.0,0
989,2,45.0,0.0,61.0,61.0,0.0,7.0,0,0,16,51.4,0,0,0,0,0,0,0,0.0,0
433,2,0.0,0.0,0.0,0.0,0.0,2.0,0,0,64,0.0,0,0,0,0,0,0,8688,0.0,0
349,2,0.0,0.0,0.0,0.0,0.0,2.0,0,0,64,0.0,0,0,0,0,0,0,14480,0.0,0
321,2,0.0,0.0,0.0,0.0,0.0,3.0,0,0,64,0.0,0,0,0,0,0,0,7240,0.0,0
344,2,0.0,0.0,0.0,0.0,0.0,2.0,0,0,64,0.0,0,0,0,0,0,0,8688,0.0,0
1139,2,37.0,0.0,53.0,53.0,0.0,7.0,0,0,16,43.4,0,0,0,0,0,0,0,0.0,0
1607409,9,0.0,18.784422947073605,45.0,18.888888888888893,220129.77507120656,3.0,0,0,196,17.333333333333332,4,0,0,0,0,0,16383,0.0,1
345,2,0.0,0.0,0.0,0.0,0.0,2.0,0,0,64,0.0,0,0,0,0,0,0,8688,0.0,0
95173,2,0.0,0.0,0.0,0.0,24871.06681467444,4.0,0,0,40,0.0,0,0,0,0,0,0,16383,0.0,1
4862137,51,0.0,6.658307684726639,54.0,18.15686274509805,221629.29974433265,1.0,0,0,1640,11.254901960784316,4,0,0,0,222,926,20272,0.0,0
1181338,9,0.0,551.2430594294188,0.0,0.0,100117.10492618132,1.0,0,0,196,946.3461538461544,4,0,0,0,0,0,16383,0.0,1
330,2,0.0,0.0,0.0,0.0,0.0,2.0,0,0,64,0.0,0,0,0,0,0,0,31856,0.0,0
13514,43,0.0,20.337683508684545,1300.0,580.1395348837208,474.0431479280773,1.0,0,0,1384,295.3488372093024,4,0,0,0,0,0,14480,0.0,0
15483,47,0.0,19.65548687392932,1300.0,637.8297872340426,473.1567105381395,1.0,0,0,1512,323.74468085106383,4,0,0,0,0,0,14480,0.0,0
321,2,0.0,0.0,0.0,0.0,0.0,2.0,0,0,64,0.0,0,0,0,0,0,0,7240,0.0,0
2151677,33,0.0,12.307936224958556,1460.0,893.8787878787879,180974.8931579553,1.0,0,0,676,583.0196078431374,4,0,0,0,0,0,16383,0.0,1
5812,15,0.0,364.2460706720115,192.0,100.8,458.6365611659141,1.0,0,0,488,161.74999999999997,4,0,0,0,0,0,14480,0.0,0
365,2,0.0,0.0,0.0,0.0,0.0,2.0,0,0,64,0.0,0,0,0,0,0,0,14480,0.0,0
1029306,15,0.0,122.41532220727564,1448.0,614.9333333333334,332106.98111054685,2.0,0,0,488,391.2307692307692,4,0,0,0,0,0,8688,0.0,0
409,2,0.0,0.0,0.0,0.0,0.0,5.0,0,0,64,0.0,0,0,0,0,0,0,8688,0.0,0
857113,15,0.0,665.336946291757,1460.0,271.06666666666666,71104.67270593156,1.0,0,0,316,737.5686274509802,4,0,0,0,0,0,16383,0.0,1
332,2,0.0,0.0,0.0,0.0,0.0,5.0,0,0,64,0.0,0,0,0,0,0,0,5792,0.0,0
39411,89,0.0,15.76186090355944,1300.0,913.2134831460672,583.0568960450273,1.0,0,0,2856,459.3370786516855,4,0,0,0,0,0,14480,0.0,0
9561,31,0.0,22.73950433653435,1300.0,340.7741935483871,452.53107832202056,1.0,0,0,1000,177.70967741935485,4,0,0,0,0,0,14480,0.0,0
126,2,0.0,0.0,0.0,0.0,0.0,3.0,0,0,64,0.0,0,0,0,0,0,0,10136,0.0,0
23564,47,0.0,20.08417070838321,1300.0,633.8723404255318,739.0636158564622,1.0,0,0,1512,321.93617021276594,4,0,0,0,0,0,14480,0.0,0
391,2,0.0,0.0,0.0,0.0,0.0,2.0,0,0,64,0.0,0,0,0,0,0,0,14480,0.0,0
400,2,0.0,0.0,0.0,0.0,0.0,5.0,0,0,64,0.0,0,0,0,0,0,0,13032,0.0,0
37500,59,0.0,18.83709254785309,1300.0,697.864406779661,1008.0608882334266,1.0,0,0,1896,353.0508474576271,4,0,0,0,0,0,14480,0.0,0
306,2,0.0,0.0,0.0,0.0,0.0,2.0,0,0,64,0.0,0,0,0,0,0,0,5792,0.0,0
31344,45,0.0,19.989267733569253,1300.0,593.1555555555555,1277.9106143255792,0.0,0,0,1448,301.62222222222226,4,0,0,0,0,0,14480,0.0,0
4286531,743,0.0,18.53469178145931,1448.0,1411.9650067294754,20395.712335485863,1.0,0,0,23784,980.9009345794389,4,0,0,0,0,0,7240,0.0,0
6112,23,0.0,166.09084107103777,848.0,183.3913043478261,363.9677783139513,2.0,0,0,744,118.37735849056604,4,0,0,0,0,0,14480,0.0,0
345,2,0.0,0.0,0.0,0.0,0.0,2.0,0,0,64,0.0,0,0,0,0,0,0,8688,0.0,0
7402223,741,0.0,17.992643214706437,1448.0,1411.8677462887993,113142.42204998384,1.0,0,0,23720,962.0110294117644,4,0,0,0,474,1046194,7240,0.0,0
313,2,0.0,0.0,0.0,0.0,0.0,2.0,0,0,64,0.0,0,0,0,0,0,0,14480,0.0,0
1881717,19,0.0,17.667825185450123,105.0,38.42105263157895,133889.72456896608,5.0,0,0,396,25.7948717948718,4,0,0,0,0,0,16383,0.0,1
22057,39,0.0,21.08021663617728,1300.0,493.7948717948718,1142.687812544151,0.0,0,0,1256,252.7179487179488,4,0,0,0,0,0,14480,0.0,0
4651,4,114.0,0.0,52.0,50.0,2060.277408505952,8.0,0,0,32,85.55555555555556,0,0,0,0,0,0,0,0.0,0
941956,7,0.0,0.0,1460.0,475.1428571428572,423376.5015675567,2.0,0,0,156,255.84615384615387,4,0,0,0,0,0,16383,0.0,1
5,0,56.0,0.0,0.0,0.0,0.0,0.0,0,0,0,56.0,0,0,0,0,0,0,0,0.0,1
4255,15,0.0,328.1524036175874,192.0,100.8,306.12529336547027,1.0,0,0,488,154.99999999999997,4,0,0,0,0,0,14480,0.0,0
104462,59,0.0,18.32713418813508,1300.0,725.4915254237287,2601.417375736149,1.0,0,0,1896,366.728813559322,4,0,0,0,0,0,14480,0.0,0
312,2,0.0,0.0,0.0,0.0,0.0,2.0,0,0,64,0.0,0,0,0,0,0,0,14480,0.0,0
480445,23,0.0,166.09084107103777,848.0,183.3913043478261,34073.8362275695,1.0,0,0,744,118.37735849056604,4,0,0,0,0,0,14480,0.0,0
1055,2,37.0,0.0,53.0,53.0,0.0,2.0,0,0,16,43.4,0,0,0,0,0,0,0,0.0,0
3,0,56.0,0.0,0.0,0.0,0.0,0.0,0,0,0,56.0,0,0,0,0,0,0,0,0.0,1
325,2,0.0,0.0,0.0,0.0,0.0,4.0,0,0,64,0.0,0,0,0,0,0,0,14480,0.0,0
44753,21,0.0,80.76372296624533,1045.0,145.52380952380955,2301.1001195588856,0.0,0,0,680,91.04761904761908,4,0,0,0,0,0,13032,0.0,0
331,2,0.0,0.0,0.0,0.0,0.0,2.0,0,0,64,0.0,0,0,0,0,0,0,14480,0.0,0
290714,21,0.0,84.16331242230629,381.0,58.19047619047619,23043.235409558936,1.0,0,0,680,50.57142857142857,4,0,0,0,0,0,13032,0.0,0
91380,83,0.0,16.26082202818231,1300.0,907.4457831325304,1816.305038250819,1.0,0,0,2664,456.65060240963874,4,0,0,0,0,0,14480,0.0,0
1823,4,88.0,20.784609690826528,72.0,48.0,801.9420178541588,2.0,0,0,32,78.22222222222223,0,0,0,0,0,0,0,0.0,0
127,2,0.0,0.0,0.0,0.0,0.0,3.0,0,0,64,0.0,0,0,0,0,0,0,14480,0.0,0
310,2,0.0,0.0,0.0,0.0,0.0,2.0,0,0,64,0.0,0,0,0,0,0,0,14480,0.0,0
6,0,56.0,0.0,0.0,0.0,0.0,0.0,0,0,0,56.0,0,0,0,0,0,0,0,0.0,1
8,0,56.0,0.0,0.0,0.0,0.0,0.0,0,0,0,56.0,0,0,0,0,0,0,0,0.0,1
14701,45,0.0,19.989267733569253,1300.0,621.4666666666667,467.4524072516946,1.0,0,0,1448,315.7777777777778,4,0,0,0,0,0,14480,0.0,0
1070,2,38.0,0.0,54.0,54.0,0.0,7.0,0,0,16,44.4,0,0,0,0,0,0,0,0.0,0
1020,2,45.0,0.0,61.0,61.0,0.0,1.0,0,0,16,51.4,0,0,0,0,0,0,0,0.0,0
353,2,0.0,0.0,0.0,0.0,0.0,3.0,0,0,64,0.0,0,0,0,0,0,0,30408,0.0,0
15668,43,0.0,20.337683508684545,1300.0,589.0697674418604,485.4257422299648,1.0,0,0,1384,299.81395348837214,4,0,0,0,0,0,14480,0.0,0
4171,13,0.0,35.452381373177744,458.0,76.30769230769229,368.5652982647272,1.0,0,0,424,39.696969696969695,4,0,0,0,0,0,11584,0.0,0
140,2,0.0,0.0,0.0,0.0,0.0,3.0,0,0,64,0.0,0,0,0,0,0,0,28960,0.0,0
342,2,0.0,0.0,0.0,0.0,0.0,2.0,0,0,64,0.0,0,0,0,0,0,0,8688,0.0,0
363,2,0.0,0.0,0.0,0.0,0.0,2.0,0,0,64,0.0,0,0,0,0,0,0,47784,0.0,0
347,2,0.0,0.0,0.0,0.0,0.0,2.0,0,0,64,0.0,0,0,0,0,0,0,10136,0.0,0
107,2,0.0,0.0,0.0,0.0,0.0,3.0,0,0,64,0.0,0,0,0,0,0,0,65160,0.0,0
307,2,0.0,0.0,0.0,0.0,0.0,4.0,0,0,64,0.0,0,0,0,0,0,0,41992,0.0,0
315,2,0.0,0.0,0.0,0.0,0.0,2.0,0,0,64,0.0,0,0,0,0,0,0,14480,0.0,0
21463,55,0.0,18.865591749571376,1300.0,758.1454545454544,528.8072717201352,1.0,0,0,1768,383.3454545454545,4,0,0,0,0,0,14480,0.0,0
704661,17,0.0,558.670372219005,111.0,49.76470588235293,46680.52064203831,2.0,0,0,356,174.4324324324324,4,0,0,0,0,0,16383,0.0,1
17820,15,0.0,99.13316607162618,277.0,46.66666666666666,2145.6031965214534,1.0,0,0,488,46.66666666666666,4,0,0,0,0,0,10136,0.0,0
464,2,0.0,0.0,0.0,0.0,0.0,5.0,0,0,64,0.0,0,0,0,0,0,0,7240,0.0,0
22341,47,0.0,19.65548687392932,1300.0,636.7659574468086,862.5830921766847,0.0,0,0,1512,323.21276595744683,4,0,0,0,0,0,14480,0.0,0
23633436,813,0.0,20.084026889982912,1448.0,1229.8056580565803,726556.8232438547,1.0,0,0,26024,803.868378812198,4,0,0,0,894,499916,56472,6618200.0,0
34487,59,0.0,18.83709254785309,1300.0,697.864406779661,826.7144277121747,1.0,0,0,1896,353.0508474576271,4,0,0,0,0,0,14480,0.0,0
42038,45,0.0,19.989267733569253,1300.0,636.4,2275.2081788094406,0.0,0,0,1448,323.2444444444443,4,0,0,0,0,0,14480,0.0,0
1723,4,88.0,16.165807537309526,72.0,48.0,764.4117564070644,2.0,0,0,32,76.44444444444444,0,0,0,0,0,0,0,0.0,0
514148,5,0.0,659.7741496689822,0.0,0.0,49643.25774295371,5.0,0,0,116,225.28571428571425,4,0,0,0,0,0,16383,0.0,1
313,2,0.0,0.0,0.0,0.0,0.0,4.0,0,0,64,0.0,0,0,0,0,0,0,20272,0.0,0
256780,3,0.0,123.41906929914302,0.0,0.0,47448.22322279307,1.0,0,0,76,47.8,4,0,0,0,0,0,16383,0.0,1
768884,5,0.0,30.983866769659336,0.0,0.0,51128.08687209018,1.0,0,0,116,9.999999999999998,4,0,0,0,0,0,16383,0.0,1
4318594,13,0.0,653.3624698782862,187.0,28.769230769230763,441362.4682349367,2.0,0,0,276,714.8085106382981,4,0,0,0,33222,374,16383,0.0,1
223913,5,0.0,0.0,1200.0,480.0,331.3990545148452,4.0,0,0,168,240.00000000000003,4,0,0,0,0,0,5792,0.0,0
356,2,0.0,0.0,0.0,0.0,0.0,2.0,0,0,64,0.0,0,0,0,0,0,0,14480,0.0,0
352,2,0.0,0.0,0.0,0.0,0.0,3.0,0,0,64,0.0,0,0,0,0,0,0,10136,0.0,0
1965278,39,0.0,717.026797666188,287.0,30.461538461538467,77465.18589511326,1.0,0,0,1256,395.86666666666673,4,0,0,0,0,0,30408,0.0,0
43580,2,0.0,0.0,0.0,0.0,8370.022968905163,2.0,0,0,40,0.0,0,0,0,0,0,0,16383,0.0,1
324,2,0.0,0.0,0.0,0.0,0.0,4.0,0,0,64,0.0,0,0,0,0,0,0,14480,0.0,0
344,2,0.0,0.0,0.0,0.0,0.0,2.0,0,0,64,0.0,0,0,0,0,0,0,5792,0.0,0
65743,2,0.0,0.0,0.0,0.0,46256.80430488038,2.0,0,0,40,0.0,0,0,0,0,0,0,16383,0.0,1
947832,17,0.0,616.5800015448804,34.0,10.235294117647058,42528.76896184848,4.0,0,0,356,843.3846153846154,4,0,0,0,0,0,16383,0.0,0
113,2,0.0,0.0,0.0,0.0,0.0,3.0,0,0,64,0.0,0,0,0,0,0,0,5792,0.0,0
1145339,15,0.0,116.7156607081734,1448.0,614.9333333333334,299300.8109542517,1.0,0,0,488,363.28571428571433,4,0,0,0,0,0,8688,0.0,0
274507,23,0.0,331.93834508092755,192.0,65.73913043478261,13074.626210627172,2.0,0,0,744,113.56521739130432,4,0,0,0,0,0,14480,0.0,0
44107,47,0.0,19.760220445550136,1300.0,611.0638297872341,1857.2247057829547,0.0,0,0,1512,304.0625,4,0,0,0,0,0,14480,0.0,0
35272,59,0.0,18.83709254785309,1300.0,722.4067796610169,980.9425621056392,1.0,0,0,1896,365.32203389830494,4,0,0,0,0,0,14480,0.0,0
1046,2,45.0,0.0,61.0,61.0,0.0,8.0,0,0,16,51.4,0,0,0,0,0,0,0,0.0,0
382,2,0.0,0.0,0.0,0.0,0.0,3.0,0,0,64,0.0,0,0,0,0,0,0,20272,0.0,0
62798,13,0.0,35.452381373177744,458.0,76.30769230769229,12317.137715660076,3.0,0,0,424,39.696969696969695,4,0,0,0,0,0,11584,0.0,0
46339,2,0.0,0.0,0.0,0.0,32341.64995791031,3.0,0,0,40,0.0,0,0,0,0,0,0,16383,0.0,0
39508,59,0.0,18.83709254785309,1300.0,744.5084745762713,1052.6040492327363,1.0,0,0,1896,376.3728813559323,4,0,0,0,0,0,14480,0.0,0
357,2,0.0,0.0,0.0,0.0,0.0,2.0,0,0,64,0.0,0,0,0,0,0,0,14480,0.0,0
333419,95,0.0,15.305237207431617,1300.0,952.1684210526312,5579.873744803518,1.0,0,0,3048,478.6421052631578,4,0,0,0,0,0,14480,0.0,0
159,2,0.0,0.0,0.0,0.0,0.0,15.0,0,0,64,0.0,0,0,0,0,0,0,5792,0.0,0
20972,37,0.0,718.7972380217908,287.0,32.108108108108105,607.7092008428997,2.0,0,0,1192,406.2272727272727,4,0,0,0,0,0,30408,0.0,0
315,2,0.0,0.0,0.0,0.0,0.0,4.0,0,0,64,0.0,0,0,0,0,0,0,14480,0.0,0
438083,3,0.0,141.01756054106303,0.0,0.0,103694.18828732238,9.0,0,0,76,52.54545454545455,4,0,0,0,0,0,16383,0.0,1
1085,2,45.0,0.0,61.0,61.0,0.0,9.0,0,0,16,51.4,0,0,0,0,0,0,0,0.0,0
3396,7,0.0,158.53411830475693,146.0,41.71428571428572,284.1420419438137,4.0,0,0,232,64.71428571428572,4,0,0,0,0,0,7240,0.0,0
17313,53,0.0,19.681667209175394,1300.0,612.8301886792452,507.84437943674254,0.0,0,0,1704,311.0000000000001,4,0,0,0,0,0,14480,0.0,0
370,2,0.0,0.0,0.0,0.0,0.0,3.0,0,0,64,0.0,0,0,0,0,0,0,10136,0.0,0
887595,435,0.0,26.99473547012915,1448.0,1207.8896551724142,32887.44755359799,1.0,0,0,13928,793.2379518072289,4,0,0,0,0,0,34752,0.0,0
79412,2,0.0,0.0,0.0,0.0,43878.80419975002,5.0,0,0,40,0.0,0,0,0,0,0,0,16383,0.0,1
156470,2,0.0,0.0,0.0,0.0,109934.59837785372,3.0,0,0,40,0.0,0,0,0,0,0,0,16383,0.0,1
294,2,0.0,0.0,0.0,0.0,0.0,3.0,0,0,64,0.0,0,0,0,0,0,0,59368,0.0,0
46498,9,0.0,0.0,1448.0,910.2222222222222,20343.347775132785,3.0,0,0,296,512.0,4,0,0,0,0,0,5792,0.0,0
17267,47,0.0,20.08417070838321,1300.0,660.8510638297872,516.8970532285549,1.0,0,0,1512,335.42553191489367,4,0,0,0,0,0,14480,0.0,0
15475,43,0.0,20.774325260080392,1300.0,552.5581395348836,493.1219039904048,0.0,0,0,1384,281.74418604651163,4,0,0,0,0,0,14480,0.0,0
4851,4,114.0,0.0,52.0,50.0,2176.324654090009,8.0,0,0,32,85.55555555555556,0,0,0,0,0,0,0,0.0,0
472324,5,0.0,718.7496213437738,0.0,0.0,102899.2631123599,1.0,0,0,168,481.88235294117646,4,0,0,0,0,0,10136,0.0,0
320,2,0.0,0.0,0.0,0.0,0.0,2.0,0,0,64,0.0,0,0,0,0,0,0,5792,0.0,0
220096,3,0.0,220.5018518440756,0.0,0.0,44992.89131962959,3.0,0,0,76,85.39999999999999,4,0,0,0,0,0,16383,0.0,1
1179126,743,0.0,17.543394308445357,1448.0,1411.9650067294754,5072.897981615168,1.0,0,0,23784,947.259927797834,4,0,0,0,0,0,7240,0.0,0
376,2,0.0,0.0,0.0,0.0,0.0,3.0,0,0,64,0.0,0,0,0,0,0,0,14480,0.0,0
1119126,15,0.0,116.7156607081734,1448.0,614.9333333333334,299692.1798193788,2.0,0,0,488,363.28571428571433,4,0,0,0,0,0,8688,0.0,0
357,2,0.0,0.0,0.0,0.0,0.0,2.0,0,0,64,0.0,0,0,0,0,0,0,13032,0.0,0
322,2,0.0,0.0,0.0,0.0,0.0,3.0,0,0,64,0.0,0,0,0,0,0,0,14480,0.0,0
307,2,0.0,0.0,0.0,0.0,0.0,2.0,0,0,64,0.0,0,0,0,0,0,0,14480,0.0,0
4732,21,0.0,84.16331242230629,381.0,58.19047619047619,379.8640800315892,1.0,0,0,680,50.57142857142857,4,0,0,0,0,0,13032,0.0,0
2435657,41,0.0,573.749326690738,129.0,25.1219512195122,49089.914833684765,1.0,0,0,836,921.751196172249,4,0,0,0,0,0,16383,0.0,1
1113,2,45.0,0.0,61.0,61.0,0.0,8.0,0,0,16,51.4,0,0,0,0,0,0,0,0.0,0
10,0,24.0,0.0,0.0,0.0,0.0,0.0,0,0,0,24.0,0,0,0,0,0,0,0,0.0,1
139,2,0.0,0.0,0.0,0.0,0.0,3.0,0,0,64,0.0,0,0,0,0,0,0,5792,0.0,0
9,0,24.0,0.0,0.0,0.0,0.0,0.0,0,0,0,24.0,0,0,0,0,0,0,0,0.0,0
326,2,0.0,0.0,0.0,0.0,0.0,2.0,0,0,64,0.0,0,0,0,0,0,0,14480,0.0,0
362193,3,0.0,23.2379000772445,0.0,0.0,74669.0104307001,3.0,0,0,76,9.0,4,0,0,0,0,0,16383,0.0,1
996,2,45.0,0.0,61.0,61.0,0.0,5.0,0,0,16,51.4,0,0,0,0,0,0,0,0.0,0
492391,35,0.0,720.250749987213,287.0,33.94285714285714,30994.07100740793,2.0,0,0,1128,416.7209302325582,4,0,0,0,0,0,30408,0.0,0
298,2,0.0,0.0,0.0,0.0,0.0,2.0,0,0,64,0.0,0,0,0,0,0,0,14480,0.0,0
799914,9,0.0,17.524585904126553,45.0,14.22222222222222,151439.4853819505,2.0,0,0,196,14.900000000000002,4,0,0,0,0,0,16383,0.0,1
22454,15,0.0,99.13316607162618,277.0,46.66666666666666,2784.259082956477,1.0,0,0,488,46.66666666666666,4,0,0,0,0,0,10136,0.0,0
34503,55,0.0,18.865591749571376,1300.0,694.6181818181819,1189.0122014678732,1.0,0,0,1768,351.58181818181816,4,0,0,0,0,0,14480,0.0,0
297,2,0.0,0.0,0.0,0.0,0.0,2.0,0,0,64,0.0,0,0,0,0,0,0,14480,0.0,0
85546,55,0.0,18.865591749571376,1300.0,702.7636363636362,2127.2121887428484,1.0,0,0,1768,355.65454545454554,4,0,0,0,0,0,14480,0.0,0
61107,65,0.0,18.08596645301772,1300.0,825.5076923076923,1520.9035617478264,1.0,0,0,2088,416.4923076923077,4,0,0,0,0,0,14480,0.0,0
17486,45,0.0,19.989267733569253,1300.0,643.4222222222222,589.758309638258,1.0,0,0,1448,326.7555555555556,4,0,0,0,0,0,14480,0.0,0
1055,2,38.0,0.0,54.0,54.0,0.0,5.0,0,0,16,44.4,0,0,0,0,0,0,0,0.0,0
20362,47,0.0,19.65548687392932,1300.0,647.9148936170213,684.0175436346644,1.0,0,0,1512,328.7872340425531,4,0,0,0,0,0,14480,0.0,0
106130,2,0.0,0.0,0.0,0.0,27956.17370099134,7.0,0,0,40,0.0,0,0,0,0,0,0,16383,0.0,1
313,2,0.0,0.0,0.0,0.0,0.0,3.0,0,0,64,0.0,0,0,0,0,0,0,14480,0.0,0
1034,2,45.0,0.0,61.0,61.0,0.0,5.0,0,0,16,51.4,0,0,0,0,0,0,0,0.0,0
1127,2,45.0,0.0,61.0,61.0,0.0,10.0,0,0,16,51.4,0,0,0,0,0,0,0,0.0,0
369,2,0.0,0.0,0.0,0.0,0.0,1.0,0,0,64,0.0,0,0,0,0,0,0,59368,0.0,0
312,2,0.0,0.0,0.0,0.0,0.0,1.0,0,0,64,0.0,0,0,0,0,0,0,14480,0.0,0
10,0,56.0,0.0,0.0,0.0,0.0,0.0,0,0,0,56.0,0,0,0,0,0,0,0,0.0,1
86563,2,0.0,0.0,0.0,0.0,34176.5920550894,1.0,0,0,40,0.0,0,0,0,0,0,0,16383,0.0,1
1045,2,37.0,0.0,53.0,53.0,0.0,7.0,0,0,16,43.4,0,0,0,0,0,0,0,0.0,0
348,2,0.0,0.0,0.0,0.0,0.0,3.0,0,0,64,0.0,0,0,0,0,0,0,8688,0.0,0
373,2,0.0,0.0,0.0,0.0,0.0,1.0,0,0,64,0.0,0,0,0,0,0,0,7240,0.0,0
1978065,21,0.0,687.4001407392728,130.0,47.52380952380952,101866.68722357343,1.0,0,0,436,591.1384615384616,4,0,0,0,0,0,16383,0.0,1
63893,2,0.0,0.0,0.0,0.0,34742.984586819824,7.0,0,0,40,0.0,0,0,0,0,0,0,16383,0.0,1
165437,3,0.0,6.196773353931867,0.0,0.0,30066.212345421896,7.0,0,0,76,2.4000000000000004,4,0,0,0,0,0,16383,0.0,1
303819,15,0.0,86.4278761614433,1460.0,1166.1333333333332,49446.933845248976,2.0,0,0,316,715.36,4,0,0,0,0,0,16383,0.0,1
697838,11,0.0,346.44452589672926,1460.0,844.1818181818182,141018.36375226692,2.0,0,0,236,563.4736842105264,4,0,0,0,0,0,16383,0.0,1
5337429,855,0.0,20.207330005541422,1448.0,1228.261988304093,154426.81039950444,1.0,0,0,27368,819.3302180685357,4,0,0,0,928,525082,59368,0.0,0
328,2,0.0,0.0,0.0,0.0,0.0,2.0,0,0,64,0.0,0,0,0,0,0,0,14480,0.0,0
38506,59,0.0,18.83709254785309,1300.0,776.3389830508477,1077.7689163697066,1.0,0,0,1896,392.2881355932204,4,0,0,0,0,0,14480,0.0,0
30503,5,0.0,0.0,762.0,304.8,320.14111471870234,2.0,0,0,168,152.39999999999998,4,0,0,0,0,0,5792,0.0,0
6564,9,0.0,62.487687676142336,777.0,181.11111111111111,360.5651813472842,5.0,0,0,296,101.7,4,0,0,0,0,0,10136,0.0,0
2304830,123,0.0,89.78118777015236,848.0,54.845528455284565,37944.52166767309,0.0,0,0,3944,51.54216867469877,4,0,0,0,0,0,55024,0.0,0
952,2,45.0,0.0,61.0,61.0,0.0,4.0,0,0,16,51.4,0,0,0,0,0,0,0,0.0,0
415,2,0.0,0.0,0.0,0.0,0.0,6.0,0,0,64,0.0,0,0,0,0,0,0,14480,0.0,0
339,2,0.0,0.0,0.0,0.0,0.0,2.0,0,0,64,0.0,0,0,0,0,0,0,5792,0.0,0
328,2,0.0,0.0,0.0,0.0,0.0,2.0,0,0,64,0.0,0,0,0,0,0,0,14480,0.0,0
441069,3,0.0,193.64916731037084,0.0,0.0,89621.5321225876,1.0,0,0,76,75.00000000000001,4,0,0,0,0,0,16383,0.0,1
14426,43,0.0,20.774325260080392,1300.0,608.3255813953489,501.1088509374035,0.0,0,0,1384,309.62790697674416,4,0,0,0,0,0,14480,0.0,0
1008,2,37.0,0.0,53.0,53.0,0.0,3.0,0,0,16,43.4,0,0,0,0,0,0,0,0.0,0
267,2,0.0,0.0,0.0,0.0,0.0,3.0,0,0,64,0.0,0,0,0,0,0,0,5792,0.0,0
358,2,0.0,0.0,0.0,0.0,0.0,2.0,0,0,64,0.0,0,0,0,0,0,0,14480,0.0,0
66308,45,0.0,19.989267733569253,1300.0,621.4666666666667,2212.332406951605,1.0,0,0,1448,315.7777777777778,4,0,0,0,0,0,14480,0.0,0
313,2,0.0,0.0,0.0,0.0,0.0,3.0,0,0,64,0.0,0,0,0,0,0,0,10136,0.0,0
340,2,0.0,0.0,0.0,0.0,0.0,3.0,0,0,64,0.0,0,0,0,0,0,0,14480,0.0,0
312,2,0.0,0.0,0.0,0.0,0.0,4.0,0,0,64,0.0,0,0,0,0,0,0,24616,0.0,0
351,2,0.0,0.0,0.0,0.0,0.0,2.0,0,0,64,0.0,0,0,0,0,0,0,30408,0.0,0
324,2,0.0,0.0,0.0,0.0,0.0,3.0,0,0,64,0.0,0,0,0,0,0,0,5792,0.0,0
21825,51,0.0,6.658307684726639,54.0,18.15686274509805,893.5897556264531,1.0,0,0,1640,11.254901960784316,4,0,0,0,0,0,20272,0.0,0
1037,2,45.0,0.0,61.0,61.0,0.0,6.0,0,0,16,51.4,0,0,0,0,0,0,0,0.0,0
4743,4,114.0,0.0,52.0,50.0,2112.814789169494,1.0,0,0,32,85.55555555555556,0,0,0,0,0,0,0,0.0,0
3,0,56.0,0.0,0.0,0.0,0.0,0.0,0,0,0,56.0,0,0,0,0,0,0,0,0.0,1
352,2,0.0,0.0,0.0,0.0,0.0,3.0,0,0,64,0.0,0,0,0,0,0,0,8688,0.0,0
38014,71,0.0,17.413875622106488,1300.0,820.5070422535214,787.6873928247198,1.0,0,0,2280,413.67605633802816,4,0,0,0,0,0,14480,0.0,0
6273,4,114.0,0.0,48.0,48.0,2298.143236034981,8.0,0,0,32,84.66666666666667,0,0,0,0,0,0,0,0.0,0
131668,3,0.0,732.5208653559421,0.0,0.0,22999.563219172825,6.0,0,0,76,571.1249999999999,4,0,0,0,0,0,16383,0.0,1
1071,2,45.0,0.0,61.0,61.0,0.0,7.0,0,0,16,51.4,0,0,0,0,0,0,0,0.0,0
8,0,24.0,0.0,0.0,0.0,0.0,0.0,0,0,0,24.0,0,0,0,0,0,0,0,0.0,1
204228,3,0.0,17.041126723312633,0.0,0.0,48000.939467889584,6.0,0,0,76,6.6000000000000005,4,0,0,0,0,0,16383,0.0,1
331370,3,0.0,80.55805360111427,0.0,0.0,75952.95349556855,1.0,0,0,76,31.2,4,0,0,0,0,0,16383,0.0,1
3729,9,0.0,65.29726895769328,776.0,180.88888888888889,369.99451947893016,5.0,0,0,296,103.0,4,0,0,0,0,0,10136,0.0,0
228656,3,0.0,95.01719142695528,0.0,0.0,51012.0987835239,10.0,0,0,76,36.8,4,0,0,0,0,0,16383,0.0,1
136,2,0.0,0.0,0.0,0.0,0.0,5.0,0,0,64,0.0,0,0,0,0,0,0,10136,0.0,0
358,2,0.0,0.0,0.0,0.0,0.0,3.0,0,0,64,0.0,0,0,0,0,0,0,14480,0.0,0
46767,5,0.0,0.0,744.0,297.6,780.5801261455056,5.0,0,0,168,148.79999999999998,4,0,0,0,0,0,5792,0.0,0
1443638,19,0.0,131.5603066495145,364.0,115.6842105263158,78042.29191613791,2.0,0,0,396,124.43902439024389,4,0,0,0,0,0,16383,0.0,1
319,2,0.0,0.0,0.0,0.0,0.0,2.0,0,0,64,0.0,0,0,0,0,0,0,5792,0.0,0
1094649,15,0.0,122.41532220727564,1448.0,614.9333333333334,357688.09799522883,2.0,0,0,488,391.2307692307692,4,0,0,0,948,9224,8688,0.0,0
311,2,0.0,0.0,0.0,0.0,0.0,4.0,0,0,64,0.0,0,0,0,0,0,0,14480,0.0,0
983136,43,0.0,58.31864092389517,1360.0,584.9302325581394,44658.586971846205,1.0,0,0,1384,304.3023255813954,4,0,0,0,0,0,17376,0.0,0
342,2,0.0,0.0,0.0,0.0,0.0,2.0,0,0,64,0.0,0,0,0,0,0,0,47784,0.0,0
99495,2,0.0,0.0,0.0,0.0,69641.5326655007,7.0,0,0,40,0.0,0,0,0,0,0,0,16383,0.0,1
4,0,34.0,0.0,0.0,0.0,0.0,0.0,0,0,0,34.0,0,0,0,0,0,0,0,0.0,1
21372,15,0.0,99.13316607162618,277.0,46.66666666666666,2900.5159753183434,1.0,0,0,488,46.66666666666666,4,0,0,0,0,0,10136,0.0,0
340,2,0.0,0.0,0.0,0.0,0.0,3.0,0,0,64,0.0,0,0,0,0,0,0,14480,0.0,0
2183849,19,0.0,719.5162801076162,123.0,50.10526315789474,134685.6984712869,2.0,0,0,396,385.7551020408162,4,0,0,0,0,0,16383,0.0,1
340,2,0.0,0.0,0.0,0.0,0.0,2.0,0,0,64,0.0,0,0,0,0,0,0,47784,0.0,0
660,2,0.0,0.0,0.0,0.0,0.0,4.0,0,0,64,0.0,0,0,0,0,0,0,13032,0.0,0
354,2,0.0,0.0,0.0,0.0,0.0,3.0,0,0,64,0.0,0,0,0,0,0,0,8688,0.0,0
29458,51,0.0,19.38877325417693,1300.0,631.2549019607843,966.9885494989684,1.0,0,0,1640,308.3018867924529,4,0,0,0,0,0,14480,0.0,0
139600,9,0.0,0.0,1448.0,910.2222222222222,52426.2799934573,2.0,0,0,296,455.1111111111111,4,0,0,0,0,0,5792,0.0,0
95656,2,0.0,0.0,0.0,0.0,67094.53403966675,6.0,0,0,40,0.0,0,0,0,0,0,0,16383,0.0,0
995,2,45.0,0.0,61.0,61.0,0.0,2.0,0,0,16,51.4,0,0,0,0,0,0,0,0.0,0
1200,2,45.0,0.0,61.0,61.0,0.0,7.0,0,0,16,51.4,0,0,0,0,0,0,0,0.0,0
48940,53,0.0,19.681667209175394,1300.0,619.2830188679247,1732.5817731883,1.0,0,0,1704,314.22641509433964,4,0,0,0,0,0,14480,0.0,0
266486,15,0.0,99.13316607162618,277.0,46.66666666666666,33192.72436478226,2.0,0,0,488,46.66666666666666,4,0,0,0,0,0,10136,0.0,0
339,2,0.0,0.0,0.0,0.0,0.0,2.0,0,0,64,0.0,0,0,0,0,0,0,8688,0.0,0
1005104,15,0.0,122.41532220727564,1448.0,614.9333333333334,333008.77610286453,2.0,0,0,488,391.2307692307692,4,0,0,0,0,0,8688,0.0,0
361,2,0.0,0.0,0.0,0.0,0.0,4.0,0,0,64,0.0,0,0,0,0,0,0,13032,0.0,0
375,2,0.0,0.0,0.0,0.0,0.0,1.0,0,0,64,0.0,0,0,0,0,0,0,30408,0.0,0
362,2,0.0,0.0,0.0,0.0,0.0,2.0,0,0,64,0.0,0,0,0,0,0,0,14480,0.0,0
4658,4,114.0,0.0,52.0,52.0,2079.328497376016,7.0,0,0,32,86.44444444444444,0,0,0,0,0,0,0,0.0,0
1402575,11,0.0,571.6540083949467,0.0,0.0,81483.42560996283,1.0,0,0,236,922.931034482759,4,0,0,0,0,0,16383,0.0,1
310,2,0.0,0.0,0.0,0.0,0.0,1.0,0,0,64,0.0,0,0,0,0,0,0,14480,0.0,0
373,2,0.0,0.0,0.0,0.0,0.0,5.0,0,0,64,0.0,0,0,0,0,0,0,10136,0.0,0
57378,95,0.0,15.305237207431617,1300.0,922.5473684210529,880.1177456130843,1.0,0,0,3048,463.8315789473685,4,0,0,0,0,0,14480,0.0,0
345,2,0.0,0.0,0.0,0.0,0.0,3.0,0,0,64,0.0,0,0,0,0,0,0,30408,0.0,0
111099,2,0.0,0.0,0.0,0.0,64620.36741229502,5.0,0,0,40,0.0,0,0,0,0,0,0,16383,0.0,1
456,2,0.0,0.0,0.0,0.0,0.0,4.0,0,0,64,0.0,0,0,0,0,0,0,14480,0.0,0
133,2,0.0,0.0,0.0,0.0,0.0,4.0,0,0,64,0.0,0,0,0,0,0,0,14480,0.0,0
311,2,0.0,0.0,0.0,0.0,0.0,4.0,0,0,64,0.0,0,0,0,0,0,0,10136,0.0,0
362,2,0.0,0.0,0.0,0.0,0.0,3.0,0,0,64,0.0,0,0,0,0,0,0,14480,0.0,0
1099,2,45.0,0.0,61.0,61.0,0.0,8.0,0,0,16,51.4,0,0,0,0,0,0,0,0.0,0
57522,59,0.0,18.83709254785309,1300.0,754.0677966101695,1636.1413058800931,1.0,0,0,1896,381.1525423728813,4,0,0,0,0,0,14480,0.0,0
312,2,0.0,0.0,0.0,0.0,0.0,2.0,0,0,64,0.0,0,0,0,0,0,0,14480,0.0,0
303960,9,0.0,163.53728762714772,1460.0,464.8888888888889,43197.52547786406,1.0,0,0,196,285.4736842105263,4,0,0,0,0,0,16383,0.0,1
425654,9,0.0,154.11741555637954,76.0,34.888888888888886,49659.60731766256,2.0,0,0,196,59.3,4,0,0,0,0,0,16383,0.0,1
547778,5,0.0,718.7496213437738,0.0,0.0,123046.4830460424,4.0,0,0,168,481.88235294117646,4,0,0,0,0,0,10136,0.0,0
6216,23,0.0,166.09084107103777,848.0,183.3913043478261,362.8226278214457,1.0,0,0,744,118.37735849056604,4,0,0,0,0,0,14480,0.0,0
39662,2,0.0,0.0,0.0,0.0,14444.777326078793,4.0,0,0,40,0.0,0,0,0,0,0,0,16383,0.0,1
4343,4,114.0,0.0,48.0,48.0,2039.203357523063,2.0,0,0,32,84.66666666666667,0,0,0,0,0,0,0,0.0,0
354,2,0.0,0.0,0.0,0.0,0.0,1.0,0,0,64,0.0,0,0,0,0,0,0,8688,0.0,0
1131553,15,0.0,116.7156607081734,1448.0,614.9333333333334,332495.91908257105,2.0,0,0,488,363.28571428571433,4,0,0,0,948,9224,8688,0.0,0
833537,3,0.0,23.2379000772445,0.0,0.0,227783.4112116157,7.0,0,0,76,9.0,4,0,0,0,0,0,16383,0.0,1
309,2,0.0,0.0,0.0,0.0,0.0,2.0,0,0,64,0.0,0,0,0,0,0,0,14480,0.0,0
29527,2,0.0,0.0,0.0,0.0,3845.246676092445,1.0,0,0,40,0.0,0,0,0,0,0,0,16383,0.0,1
344,2,0.0,0.0,0.0,0.0,0.0,3.0,0,0,64,0.0,0,0,0,0,0,0,10136,0.0,0
302,2,0.0,0.0,0.0,0.0,0.0,4.0,0,0,64,0.0,0,0,0,0,0,0,14480,0.0,0
5963,5,0.0,718.7496213437738,0.0,0.0,739.6141937223458,2.0,0,0,168,481.88235294117646,4,0,0,0,0,0,10136,0.0,0
326296,25,0.0,237.2071344108027,192.0,60.48,13263.49974717583,2.0,0,0,808,89.6923076923077,4,0,0,0,0,0,14480,0.0,0
341,2,0.0,0.0,0.0,0.0,0.0,4.0,0,0,64,0.0,0,0,0,0,0,0,30408,0.0,0
363,2,0.0,0.0,0.0,0.0,0.0,0.0,0,0,64,0.0,0,0,0,0,0,0,8688,0.0,0
521753,3,0.0,129.6158426530749,0.0,0.0,83661.0181368838,8.0,0,0,76,50.2,4,0,0,0,0,0,16383,0.0,1
16474695,1275,0.0,16.699985848064415,1448.0,1235.2125490196065,360645.2300904896,1.0,0,0,40808,815.5791106514998,4,0,0,0,1217,787448,65160,5349217.0,0
5087,21,0.0,80.76372296624533,1045.0,145.52380952380955,367.909417086987,1.0,0,0,680,91.04761904761908,4,0,0,0,0,0,13032,0.0,0
6,0,24.0,0.0,0.0,0.0,0.0,0.0,0,0,0,24.0,0,0,0,0,0,0,0,0.0,1
335,2,0.0,0.0,0.0,0.0,0.0,5.0,0,0,64,0.0,0,0,0,0,0,0,14480,0.0,0
329,2,0.0,0.0,0.0,0.0,0.0,2.0,0,0,64,0.0,0,0,0,0,0,0,34752,0.0,0
40916,2,0.0,0.0,0.0,0.0,13616.04817852816,6.0,0,0,40,0.0,0,0,0,0,0,0,16383,0.0,1
363,2,0.0,0.0,0.0,0.0,0.0,3.0,0,0,64,0.0,0,0,0,0,0,0,47784,0.0,0
1087,2,45.0,0.0,61.0,61.0,0.0,7.0,0,0,16,51.4,0,0,0,0,0,0,0,0.0,0
791156,11,0.0,556.9959499957683,0.0,0.0,42352.212503775794,2.0,0,0,236,966.7058823529416,4,0,0,0,0,0,16383,0.0,1
1004224,15,0.0,122.41532220727564,1448.0,614.9333333333334,332864.59546467406,1.0,0,0,488,391.2307692307692,4,0,0,0,0,0,8688,0.0,0
330,2,0.0,0.0,0.0,0.0,0.0,2.0,0,0,64,0.0,0,0,0,0,0,0,20272,0.0,0
1051,2,37.0,0.0,53.0,53.0,0.0,7.0,0,0,16,43.4,0,0,0,0,0,0,0,0.0,0
879208,5,0.0,718.7496213437738,0.0,0.0,216562.11198486324,2.0,0,0,168,481.88235294117646,4,0,0,0,0,0,10136,0.0,0
1842,4,88.0,20.784609690826528,72.0,48.0,800.4975536085875,2.0,0,0,32,78.22222222222223,0,0,0,0,0,0,0,0.0,0
322,2,0.0,0.0,0.0,0.0,0.0,5.0,0,0,64,0.0,0,0,0,0,0,0,14480,0.0,0
10485,37,0.0,21.474606635715823,1300.0,468.2702702702702,433.33562205816617,0.0,0,0,1192,240.2702702702703,4,0,0,0,0,0,14480,0.0,0
317,2,0.0,0.0,0.0,0.0,0.0,2.0,0,0,64,0.0,0,0,0,0,0,0,5792,0.0,0
659956,5,0.0,82.36352347975406,200.0,80.0,94709.04234841344,2.0,0,0,116,67.86666666666666,4,0,0,0,0,0,16383,0.0,1
341,2,0.0,0.0,0.0,0.0,0.0,2.0,0,0,64,0.0,0,0,0,0,0,0,8688,0.0,0
4444,4,114.0,0.0,52.0,50.0,1992.1486724974447,4.0,0,0,32,85.55555555555556,0,0,0,0,0,0,0,0.0,0
578466,435,0.0,26.88165599245898,1448.0,1207.8896551724142,17308.405129159288,1.0,0,0,13928,790.8558558558565,4,0,0,0,0,0,34752,0.0,0
134,2,0.0,0.0,0.0,0.0,0.0,4.0,0,0,64,0.0,0,0,0,0,0,0,28960,0.0,0
343,2,0.0,0.0,0.0,0.0,0.0,2.0,0,0,64,0.0,0,0,0,0,0,0,8688,0.0,0
325,2,0.0,0.0,0.0,0.0,0.0,2.0,0,0,64,0.0,0,0,0,0,0,0,14480,0.0,0
875969,3,0.0,21.17230895926721,0.0,0.0,269846.67487019364,9.0,0,0,76,8.2,4,0,0,0,0,0,16383,0.0,1
54457,89,0.0,15.76186090355944,1326.0,970.808988764045,969.9319937194172,1.0,0,0,2856,488.1348314606744,4,0,0,0,0,0,14480,0.0,0
329,2,0.0,0.0,0.0,0.0,0.0,4.0,0,0,64,0.0,0,0,0,0,0,0,14480,0.0,0
356,2,0.0,0.0,0.0,0.0,0.0,2.0,0,0,64,0.0,0,0,0,0,0,0,8688,0.0,0
333,2,0.0,0.0,0.0,0.0,0.0,2.0,0,0,64,0.0,0,0,0,0,0,0,20272,0.0,0
25465,43,0.0,20.337683508684545,1300.0,591.8604651162792,985.9032604796428,1.0,0,0,1384,301.2093023255814,4,0,0,0,0,0,14480,0.0,0
377,2,0.0,0.0,0.0,0.0,0.0,5.0,0,0,64,0.0,0,0,0,0,0,0,8688,0.0,0
166299,5,0.0,0.0,88.0,35.2,52509.36174943792,6.0,0,0,116,16.0,4,0,0,0,0,0,16383,0.0,1
166379,3,0.0,102.76315811937012,0.0,0.0,30728.24669095196,8.0,0,0,76,39.8,4,0,0,0,0,0,16383,0.0,1
11283,39,0.0,21.523615004105377,1300.0,537.6923076923077,457.4060447674361,0.0,0,0,1256,274.87179487179486,4,0,0,0,0,0,14480,0.0,0
52576,55,0.0,18.865591749571376,1300.0,758.1454545454544,1809.6861038947884,1.0,0,0,1768,383.3454545454545,4,0,0,0,0,0,14480,0.0,0
359346,15,0.0,99.13316607162618,277.0,46.66666666666666,48517.475014361895,2.0,0,0,488,46.66666666666666,4,0,0,0,0,0,10136,0.0,0
28145,39,0.0,21.08021663617728,1300.0,481.5384615384616,1407.648914668344,0.0,0,0,1256,246.5897435897436,4,0,0,0,0,0,14480,0.0,0
7251800,19,0.0,13.230556263725992,101.0,39.47368421052632,1004457.1869480064,2.0,0,0,396,23.95121951219513,4,0,0,0,232,750,16383,0.0,1
341,2,0.0,0.0,0.0,0.0,0.0,2.0,0,0,64,0.0,0,0,0,0,0,0,13032,0.0,0
365,2,0.0,0.0,0.0,0.0,0.0,2.0,0,0,64,0.0,0,0,0,0,0,0,14480,0.0,0
123280,4,114.0,0.0,52.0,50.0,62361.33462597905,2.0,0,0,32,85.55555555555556,0,0,0,0,0,0,0,0.0,0
1005176,15,0.0,116.7156607081734,1448.0,614.9333333333334,301220.3695793014,2.0,0,0,488,363.28571428571433,4,0,0,0,0,0,8688,0.0,0
5649488,9,0.0,137.39928542886835,107.0,23.77777777777778,1067213.1154414185,1.0,0,0,196,52.19047619047619,4,0,0,0,441,107,16383,0.0,1
2339,5,0.0,0.0,744.0,297.6,360.5555897962661,3.0,0,0,168,148.79999999999998,4,0,0,0,0,0,5792,0.0,0
367,2,0.0,0.0,0.0,0.0,0.0,3.0,0,0,64,0.0,0,0,0,0,0,0,13032,0.0,0
14345,39,0.0,21.08021663617728,1300.0,540.6666666666667,459.57961597901993,1.0,0,0,1256,276.1538461538462,4,0,0,0,0,0,14480,0.0,0
5101,15,0.0,279.0287918238307,192.0,100.8,362.023045833115,1.0,0,0,488,145.75,4,0,0,0,0,0,14480,0.0,0
346,2,0.0,0.0,0.0,0.0,0.0,2.0,0,0,64,0.0,0,0,0,0,0,0,30408,0.0,0
1996151,123,0.0,27.08374294023374,1448.0,67.86991869918704,28999.809478537656,0.0,0,0,3944,40.20491803278687,4,0,0,0,0,0,47784,0.0,0
339,2,0.0,0.0,0.0,0.0,0.0,4.0,0,0,64,0.0,0,0,0,0,0,0,34752,0.0,0
14468,37,0.0,21.474606635715823,1300.0,463.6216216216216,678.8564680414268,0.0,0,0,1192,237.945945945946,4,0,0,0,0,0,14480,0.0,0
312,2,0.0,0.0,0.0,0.0,0.0,3.0,0,0,64,0.0,0,0,0,0,0,0,14480,0.0,0
333712,27,0.0,192.25623927056708,192.0,55.99999999999999,13308.078278875078,1.0,0,0,872,79.85185185185186,4,0,0,0,0,0,14480,0.0,0
1133591,7,0.0,0.0,1460.0,475.1428571428572,446748.6563676866,8.0,0,0,156,255.84615384615387,4,0,0,0,0,0,16383,0.0,1
1004076,15,0.0,122.41532220727564,1448.0,614.9333333333334,332825.91121936403,1.0,0,0,488,391.2307692307692,4,0,0,0,0,0,8688,0.0,0
1068,2,45.0,0.0,61.0,61.0,0.0,8.0,0,0,16,51.4,0,0,0,0,0,0,0,0.0,0
5327,21,0.0,80.76372296624533,1045.0,145.52380952380955,380.4893509663975,1.0,0,0,680,91.04761904761908,4,0,0,0,0,0,13032,0.0,0
360,2,0.0,0.0,0.0,0.0,0.0,4.0,0,0,64,0.0,0,0,0,0,0,0,30408,0.0,0
374,2,0.0,0.0,0.0,0.0,0.0,5.0,0,0,64,0.0,0,0,0,0,0,0,14480,0.0,0
224108,5,0.0,718.7496213437738,0.0,0.0,54548.5082985777,2.0,0,0,168,481.88235294117646,4,0,0,0,0,0,10136,0.0,0
202164,3,0.0,149.75535605335344,0.0,0.0,38675.45389132492,9.0,0,0,76,58.0,4,0,0,0,0,0,16383,0.0,1
324,2,0.0,0.0,0.0,0.0,0.0,2.0,0,0,64,0.0,0,0,0,0,0,0,14480,0.0,0
707906,7,0.0,85.87920641947092,1460.0,583.4285714285714,176149.51958795308,1.0,0,0,156,295.7333333333333,4,0,0,0,0,0,16383,0.0,1
302,2,0.0,0.0,0.0,0.0,0.0,3.0,0,0,64,0.0,0,0,0,0,0,0,14480,0.0,0
666756,5,0.0,30.983866769659336,0.0,0.0,52955.97339016629,2.0,0,0,116,9.999999999999998,4,0,0,0,0,0,16383,0.0,1
1185546,15,0.0,122.41532220727564,1448.0,614.9333333333334,387688.7186232661,2.0,0,0,488,391.2307692307692,4,0,0,0,948,9224,8688,0.0,0
319,2,0.0,0.0,0.0,0.0,0.0,2.0,0,0,64,0.0,0,0,0,0,0,0,14480,0.0,0
542,2,0.0,0.0,0.0,0.0,0.0,4.0,0,0,64,0.0,0,0,0,0,0,0,14480,0.0,0
352,2,0.0,0.0,0.0,0.0,0.0,2.0,0,0,64,0.0,0,0,0,0,0,0,13032,0.0,0
359,2,0.0,0.0,0.0,0.0,0.0,4.0,0,0,64,0.0,0,0,0,0,0,0,13032,0.0,0
116489,67,0.0,17.367976855311046,1300.0,808.7761194029853,2348.406874064596,1.0,0,0,2152,407.8955223880596,4,0,0,0,0,0,14480,0.0,0
1006,2,45.0,0.0,61.0,61.0,0.0,5.0,0,0,16,51.4,0,0,0,0,0,0,0,0.0,0
323,2,0.0,0.0,0.0,0.0,0.0,2.0,0,0,64,0.0,0,0,0,0,0,0,14480,0.0,0
261010,9,0.0,0.0,1448.0,910.2222222222222,38043.05084637666,1.0,0,0,296,512.0,4,0,0,0,0,0,5792,0.0,0
202618,7,0.0,90.27075674773933,1460.0,796.2857142857142,37251.17470720442,1.0,0,0,156,396.2666666666667,4,0,0,0,0,0,16383,0.0,1
15303,43,0.0,20.774325260080392,1300.0,581.0232558139534,603.378612481417,1.0,0,0,1384,295.9767441860465,4,0,0,0,0,0,14480,0.0,0
397,2,0.0,0.0,0.0,0.0,0.0,2.0,0,0,64,0.0,0,0,0,0,0,0,14480,0.0,0
38431,37,0.0,21.474606635715823,1300.0,470.6486486486486,1716.8579249471347,1.0,0,0,1192,241.45945945945945,4,0,0,0,0,0,14480,0.0,0
332,2,0.0,0.0,0.0,0.0,0.0,2.0,0,0,64,0.0,0,0,0,0,0,0,20272,0.0,0
355,2,0.0,0.0,0.0,0.0,0.0,4.0,0,0,64,0.0,0,0,0,0,0,0,47784,0.0,0
987,2,45.0,0.0,61.0,61.0,0.0,8.0,0,0,16,51.4,0,0,0,0,0,0,0,0.0,0
49575,2,0.0,0.0,0.0,0.0,24812.37695183595,7.0,0,0,40,0.0,0,0,0,0,0,0,16383,0.0,1
321,2,0.0,0.0,0.0,0.0,0.0,2.0,0,0,64,0.0,0,0,0,0,0,0,14480,0.0,0
29301,2,0.0,0.0,0.0,0.0,11829.189342469754,6.0,0,0,40,0.0,0,0,0,0,0,0,16383,0.0,1
1041916,15,0.0,116.7156607081734,1448.0,614.9333333333334,300350.01457442035,1.0,0,0,488,363.28571428571433,4,0,0,0,0,0,8688,0.0,0
98914,2,0.0,0.0,0.0,0.0,19649.083235611783,10.0,0,0,40,0.0,0,0,0,0,0,0,16383,0.0,0
371665,5,0.0,79.53585594530546,506.0,202.4,74131.63040340248,2.0,0,0,116,102.9230769230769,4,0,0,0,0,0,16383,0.0,1
306,2,0.0,0.0,0.0,0.0,0.0,2.0,0,0,64,0.0,0,0,0,0,0,0,14480,0.0,0
1007,2,37.0,0.0,53.0,53.0,0.0,4.0,0,0,16,43.4,0,0,0,0,0,0,0,0.0,0
328,2,0.0,0.0,0.0,0.0,0.0,2.0,0,0,64,0.0,0,0,0,0,0,0,14480,0.0,0
32612,59,0.0,18.83709254785309,1300.0,675.4915254237287,912.5517652773332,1.0,0,0,1896,341.86440677966107,4,0,0,0,0,0,14480,0.0,0
306,2,0.0,0.0,0.0,0.0,0.0,4.0,0,0,64,0.0,0,0,0,0,0,0,14480,0.0,0
14240,5,0.0,718.7496213437738,0.0,0.0,2092.46219931342,3.0,0,0,168,481.88235294117646,4,0,0,0,0,0,10136,0.0,0
1771260,51,0.0,6.658307684726639,54.0,18.15686274509805,69019.5953764416,1.0,0,0,1640,11.254901960784316,4,0,0,0,0,0,20272,0.0,0
1599009,15,0.0,12.738393409950357,1391.0,207.3333333333333,127949.62919023087,1.0,0,0,316,108.3225806451613,4,0,0,0,0,0,16383,0.0,1
130,2,0.0,0.0,0.0,0.0,0.0,4.0,0,0,64,0.0,0,0,0,0,0,0,14480,0.0,0
308,2,0.0,0.0,0.0,0.0,0.0,2.0,0,0,64,0.0,0,0,0,0,0,0,14480,0.0,0
43615,59,0.0,18.83709254785309,1300.0,754.9491525423728,1197.8616324941306,1.0,0,0,1896,381.59322033898303,4,0,0,0,0,0,13032,0.0,0
340,2,0.0,0.0,0.0,0.0,0.0,2.0,0,0,64,0.0,0,0,0,0,0,0,14480,0.0,0
1012,2,45.0,0.0,61.0,61.0,0.0,12.0,0,0,16,51.4,0,0,0,0,0,0,0,0.0,0
919,2,37.0,0.0,53.0,53.0,0.0,4.0,0,0,16,43.4,0,0,0,0,0,0,0,0.0,0
151840,5,0.0,82.46355616415104,512.0,204.8,32024.446389698394,7.0,0,0,116,104.76923076923076,4,0,0,0,0,0,16383,0.0,1
312,2,0.0,0.0,0.0,0.0,0.0,2.0,0,0,64,0.0,0,0,0,0,0,0,5792,0.0,0
2131707,435,0.0,26.659686001692048,1448.0,1207.8896551724142,99662.5116546152,1.0,0,0,13928,786.1343283582095,4,0,0,0,1278,525432,34752,0.0,0
179917,5,0.0,0.0,740.0,296.0,378.1644263192049,4.0,0,0,168,148.0,4,0,0,0,0,0,5792,0.0,0
308,2,0.0,0.0,0.0,0.0,0.0,2.0,0,0,64,0.0,0,0,0,0,0,0,14480,0.0,0
71792,2,0.0,0.0,0.0,0.0,50258.321579615054,3.0,0,0,40,0.0,0,0,0,0,0,0,16383,0.0,0
319,2,0.0,0.0,0.0,0.0,0.0,2.0,0,0,64,0.0,0,0,0,0,0,0,5792,0.0,0
19859,39,0.0,718.6423708235253,287.0,30.461538461538467,565.0807833103747,1.0,0,0,1256,397.0888888888891,4,0,0,0,0,0,30408,0.0,0
4663,5,0.0,718.7496213437738,0.0,0.0,504.89762438648006,2.0,0,0,168,481.88235294117646,4,0,0,0,0,0,10136,0.0,0
324,2,0.0,0.0,0.0,0.0,0.0,4.0,0,0,64,0.0,0,0,0,0,0,0,14480,0.0,0
721156,7,0.0,90.7587067842136,474.0,135.42857142857142,168402.0106345725,3.0,0,0,156,88.0,4,0,0,0,0,0,16383,0.0,1
75300,37,0.0,718.0958676263504,287.0,32.108108108108105,3525.2442592797784,1.0,0,0,1192,405.7045454545455,4,0,0,0,0,0,30408,0.0,0
4525,7,0.0,159.05051608425126,148.0,42.285714285714285,519.0272632530973,3.0,0,0,232,65.14285714285714,4,0,0,0,0,0,7240,0.0,0
97672,5,0.0,0.0,740.0,296.0,347.2765468614315,5.0,0,0,168,148.0,4,0,0,0,0,0,5792,0.0,0
9,0,56.0,0.0,0.0,0.0,0.0,0.0,0,0,0,56.0,0,0,0,0,0,0,0,0.0,1
99913,2,0.0,0.0,0.0,0.0,25075.420674437348,1.0,0,0,40,0.0,0,0,0,0,0,0,16383,0.0,0
780902,5,0.0,534.9880995561178,0.0,0.0,109719.79600008378,9.0,0,0,116,172.66666666666669,4,0,0,0,0,0,16383,0.0,1
31532,2,0.0,0.0,0.0,0.0,21810.708665699058,9.0,0,0,40,0.0,0,0,0,0,0,0,16383,0.0,0
1709,4,88.0,16.165807537309526,72.0,48.0,766.7218096111088,2.0,0,0,32,76.44444444444444,0,0,0,0,0,0,0,0.0,0
366,2,0.0,0.0,0.0,0.0,0.0,3.0,0,0,64,0.0,0,0,0,0,0,0,10136,0.0,0
21737,45,0.0,19.989267733569253,1300.0,603.1999999999999,857.8496191013015,1.0,0,0,1448,306.64444444444445,4,0,0,0,0,0,14480,0.0,0
16383,47,0.0,19.65548687392932,1300.0,620.7659574468084,519.6651116659924,1.0,0,0,1512,315.21276595744695,4,0,0,0,0,0,14480,0.0,0
383,2,0.0,0.0,0.0,0.0,0.0,1.0,0,0,64,0.0,0,0,0,0,0,0,7240,0.0,0
28570053,237,0.0,66.16859854456281,1130.0,113.80590717299576,167325.44638907755,1.0,0,0,4756,109.5433403805497,4,0,0,0,0,0,16383,0.0,1
41047,2,0.0,0.0,0.0,0.0,18577.81646211416,4.0,0,0,40,0.0,0,0,0,0,0,0,16383,0.0,1
5162,13,0.0,35.452381373177744,458.0,76.30769230769229,423.2119789006064,2.0,0,0,424,39.696969696969695,4,0,0,0,0,0,11584,0.0,0
329818,5,0.0,64.86634610599596,206.0,82.4,51560.98084284462,3.0,0,0,116,63.28571428571429,4,0,0,0,0,0,16383,0.0,1
328,2,0.0,0.0,0.0,0.0,0.0,4.0,0,0,64,0.0,0,0,0,0,0,0,14480,0.0,0
1041,2,45.0,0.0,61.0,61.0,0.0,29.0,0,0,16,51.4,0,0,0,0,0,0,0,0.0,0
22381,51,0.0,6.658307684726639,54.0,18.15686274509805,930.0177477093766,1.0,0,0,1640,11.254901960784316,4,0,0,0,0,0,20272,0.0,0
2584265,39,0.0,718.3366273580107,287.0,30.461538461538467,101123.81803287871,1.0,0,0,1256,396.8666666666667,4,0,0,0,0,0,30408,0.0,0
1043,2,45.0,0.0,61.0,61.0,0.0,8.0,0,0,16,51.4,0,0,0,0,0,0,0,0.0,0
88251,4,114.0,0.0,52.0,52.0,42089.123444582845,4.0,0,0,32,86.44444444444444,0,0,0,0,0,0,0,0.0,0
690641,5,0.0,109.30080817023573,96.0,38.4,163064.52343903625,7.0,0,0,116,49.230769230769226,4,0,0,0,0,0,16383,0.0,1
339,2,0.0,0.0,0.0,0.0,0.0,2.0,0,0,64,0.0,0,0,0,0,0,0,5792,0.0,0
307,2,0.0,0.0,0.0,0.0,0.0,2.0,0,0,64,0.0,0,0,0,0,0,0,14480,0.0,0
1179498,5,0.0,90.36961141150638,0.0,0.0,218729.7880794932,7.0,0,0,116,29.166666666666668,4,0,0,0,0,0,16383,0.0,1
351,2,0.0,0.0,0.0,0.0,0.0,2.0,0,0,64,0.0,0,0,0,0,0,0,30408,0.0,0
4814,4,114.0,0.0,52.0,50.0,2164.486390193603,8.0,0,0,32,85.55555555555556,0,0,0,0,0,0,0,0.0,0
58809,2,0.0,0.0,0.0,0.0,40708.13739290954,5.0,0,0,40,0.0,0,0,0,0,0,0,16383,0.0,1
26667,59,0.0,18.83709254785309,1300.0,675.4915254237287,920.8470503293426,1.0,0,0,1896,341.86440677966107,4,0,0,0,0,0,14480,0.0,0
119944369,6,0.0,78.14450483791957,211.0,70.33333333333334,37679417.70472522,7.0,0,0,136,57.55555555555555,4,0,0,0,614,422,16383,109290.0,1
15402,2,0.0,0.0,0.0,0.0,6449.5209512025,6.0,0,0,40,0.0,0,0,0,0,0,0,16383,0.0,0
1598000,9,0.0,70.55336829505573,1460.0,403.5555555555555,289145.58076237433,2.0,0,0,196,208.0,4,0,0,0,0,0,16383,0.0,1
319,2,0.0,0.0,0.0,0.0,0.0,2.0,0,0,64,0.0,0,0,0,0,0,0,14480,0.0,0
40641,2,0.0,0.0,0.0,0.0,12587.207811901731,11.0,0,0,40,0.0,0,0,0,0,0,0,16383,0.0,1
1960327,21,0.0,703.1675812434956,120.0,45.333333333333336,125025.59568661112,2.0,0,0,436,364.94339622641513,4,0,0,0,0,0,16383,0.0,1
1731,4,88.0,13.856406460551018,72.0,48.0,772.4953074291132,2.0,0,0,32,75.55555555555556,0,0,0,0,0,0,0,0.0,0
232441,59,0.0,18.83709254785309,1300.0,715.0847457627118,6184.745404211259,1.0,0,0,1896,361.66101694915255,4,0,0,0,0,0,14480,0.0,0
345,2,0.0,0.0,0.0,0.0,0.0,2.0,0,0,64,0.0,0,0,0,0,0,0,7240,0.0,0
298,2,0.0,0.0,0.0,0.0,0.0,2.0,0,0,64,0.0,0,0,0,0,0,0,20272,0.0,0
1961393,61,0.0,12.134562993681277,1460.0,1026.655737704918,136903.52093465405,1.0,0,0,1236,757.3253012048191,4,0,0,0,0,0,16383,0.0,1
292,2,0.0,0.0,0.0,0.0,0.0,2.0,0,0,64,0.0,0,0,0,0,0,0,5792,0.0,0
106422,63,0.0,17.829381154819387,1300.0,786.7936507936507,2283.709906404932,1.0,0,0,2024,397.1269841269841,4,0,0,0,0,0,14480,0.0,0
324,2,0.0,0.0,0.0,0.0,0.0,2.0,0,0,64,0.0,0,0,0,0,0,0,14480,0.0,0
1025521,7,0.0,69.85290667845234,16.0,4.571428571428572,189541.8800570772,3.0,0,0,156,24.5,4,0,0,0,0,0,16383,0.0,1
1606434,17,0.0,475.2058997636794,0.0,0.0,54411.587116228045,1.0,0,0,356,1060.5689655172418,4,0,0,0,0,0,16383,0.0,1
3616,9,0.0,62.487687676142336,777.0,181.11111111111111,351.04953749831054,3.0,0,0,296,101.7,4,0,0,0,0,0,10136,0.0,0
319,2,0.0,0.0,0.0,0.0,0.0,2.0,0,0,64,0.0,0,0,0,0,0,0,14480,0.0,0
309,2,0.0,0.0,0.0,0.0,0.0,4.0,0,0,64,0.0,0,0,0,0,0,0,10136,0.0,0
1040,2,37.0,0.0,53.0,53.0,0.0,1.0,0,0,16,43.4,0,0,0,0,0,0,0,0.0,0
130,2,0.0,0.0,0.0,0.0,0.0,3.0,0,0,64,0.0,0,0,0,0,0,0,5792,0.0,0
298,2,0.0,0.0,0.0,0.0,0.0,1.0,0,0,64,0.0,0,0,0,0,0,0,5792,0.0,0
60834,2,0.0,0.0,0.0,0.0,24939.65617244953,9.0,0,0,40,0.0,0,0,0,0,0,0,16383,0.0,1
1099301,15,0.0,116.7156607081734,1448.0,614.9333333333334,299656.55039027595,1.0,0,0,488,363.28571428571433,4,0,0,0,0,0,8688,0.0,0
110,2,0.0,0.0,0.0,0.0,0.0,3.0,0,0,64,0.0,0,0,0,0,0,0,14480,0.0,0
1060,2,37.0,0.0,53.0,53.0,0.0,6.0,0,0,16,43.4,0,0,0,0,0,0,0,0.0,0
2555,5,0.0,0.0,730.0,292.0,460.14816454413176,3.0,0,0,168,146.0,4,0,0,0,0,0,5792,0.0,0
353,2,0.0,0.0,0.0,0.0,0.0,3.0,0,0,64,0.0,0,0,0,0,0,0,8688,0.0,0
326,2,0.0,0.0,0.0,0.0,0.0,2.0,0,0,64,0.0,0,0,0,0,0,0,10136,0.0,0
38563,43,0.0,20.337683508684545,1300.0,599.8604651162791,1715.1187116704052,1.0,0,0,1384,305.20930232558135,4,0,0,0,0,0,14480,0.0,0
354,2,0.0,0.0,0.0,0.0,0.0,2.0,0,0,64,0.0,0,0,0,0,0,0,13032,0.0,0
347,2,0.0,0.0,0.0,0.0,0.0,4.0,0,0,64,0.0,0,0,0,0,0,0,30408,0.0,0
381,2,0.0,0.0,0.0,0.0,0.0,2.0,0,0,64,0.0,0,0,0,0,0,0,10136,0.0,0
310,2,0.0,0.0,0.0,0.0,0.0,2.0,0,0,64,0.0,0,0,0,0,0,0,14480,0.0,0
329,2,0.0,0.0,0.0,0.0,0.0,5.0,0,0,64,0.0,0,0,0,0,0,0,14480,0.0,0
1052,2,45.0,0.0,61.0,61.0,0.0,8.0,0,0,16,51.4,0,0,0,0,0,0,0,0.0,0
1066,2,45.0,0.0,61.0,61.0,0.0,8.0,0,0,16,51.4,0,0,0,0,0,0,0,0.0,0
9,0,56.0,0.0,0.0,0.0,0.0,0.0,0,0,0,56.0,0,0,0,0,0,0,0,0.0,1
66827,2,0.0,0.0,0.0,0.0,12259.110265431174,7.0,0,0,40,0.0,0,0,0,0,0,0,16383,0.0,1
183416,95,0.0,15.305237207431617,1300.0,922.5473684210529,2468.1715970515133,1.0,0,0,3048,463.8315789473685,4,0,0,0,0,0,14480,0.0,0
578316,5,0.0,139.55371043164024,0.0,0.0,120338.80559390086,5.0,0,0,116,44.0,4,0,0,0,0,0,16383,0.0,1
3,0,24.0,0.0,0.0,0.0,0.0,0.0,0,0,0,24.0,0,0,0,0,0,0,0,0.0,1
80787,2,0.0,0.0,0.0,0.0,32539.639856642545,1.0,0,0,40,0.0,0,0,0,0,0,0,16383,0.0,1
70135,105,0.0,49.46503494934259,1448.0,1064.952380952381,1674.9785540961495,0.0,0,0,3368,662.6823529411764,4,0,0,0,0,0,15928,0.0,0
334,2,0.0,0.0,0.0,0.0,0.0,2.0,0,0,64,0.0,0,0,0,0,0,0,14480,0.0,0
5794,25,0.0,171.1516879405526,848.0,168.71999999999997,318.2108662264936,1.0,0,0,808,118.37735849056608,4,0,0,0,0,0,14480,0.0,0
566445,317,0.0,31.36263301938671,1448.0,1195.854889589905,25061.213558289448,1.0,0,0,10152,785.5247933884295,4,0,0,0,0,0,27512,0.0,0
465,2,0.0,0.0,0.0,0.0,0.0,4.0,0,0,64,0.0,0,0,0,0,0,0,14480,0.0,0
1131578,15,0.0,122.41532220727564,1448.0,614.9333333333334,369687.0251962387,1.0,0,0,488,391.2307692307692,4,0,0,0,948,9224,8688,0.0,0
318,2,0.0,0.0,0.0,0.0,0.0,4.0,0,0,64,0.0,0,0,0,0,0,0,14480,0.0,0
266549,3,0.0,179.07766338605586,0.0,0.0,53758.39036156744,8.0,0,0,76,66.72727272727273,4,0,0,0,0,0,16383,0.0,1
389,2,0.0,0.0,0.0,0.0,0.0,5.0,0,0,64,0.0,0,0,0,0,0,0,5792,0.0,0
205457,83,0.0,16.26082202818231,1300.0,892.4819277108433,4027.994725498281,1.0,0,0,2664,449.1686746987952,4,0,0,0,0,0,14480,0.0,0
1072,2,45.0,0.0,61.0,61.0,0.0,11.0,0,0,16,51.4,0,0,0,0,0,0,0,0.0,0
47317,53,0.0,19.681667209175394,1300.0,619.2830188679247,2072.194427625543,1.0,0,0,1704,314.22641509433964,4,0,0,0,0,0,14480,0.0,0
331,2,0.0,0.0,0.0,0.0,0.0,2.0,0,0,64,0.0,0,0,0,0,0,0,14480,0.0,0
332,2,0.0,0.0,0.0,0.0,0.0,5.0,0,0,64,0.0,0,0,0,0,0,0,14480,0.0,0
358,2,0.0,0.0,0.0,0.0,0.0,4.0,0,0,64,0.0,0,0,0,0,0,0,8688,0.0,0
481,2,0.0,0.0,0.0,0.0,0.0,2.0,0,0,64,0.0,0,0,0,0,0,0,8688,0.0,0
396941,5,0.0,652.9188857956028,0.0,0.0,30347.78104306961,3.0,0,0,116,234.1428571428572,4,0,0,0,0,0,16383,0.0,1
461119,5,0.0,31.50026454915365,0.0,0.0,52742.6374103533,6.0,0,0,116,10.166666666666666,4,0,0,0,0,0,16383,0.0,1
2333402,123,0.0,27.07977115121619,1448.0,71.57723577235772,34317.19149129018,1.0,0,0,3944,42.09016393442621,4,0,0,0,0,0,47784,0.0,0
329,2,0.0,0.0,0.0,0.0,0.0,3.0,0,0,64,0.0,0,0,0,0,0,0,5792,0.0,0
13466,41,0.0,20.70123246671622,1300.0,565.219512195122,503.37481038496,0.0,0,0,1320,288.1463414634147,4,0,0,0,0,0,14480,0.0,0
1095,2,45.0,0.0,61.0,61.0,0.0,38.0,0,0,16,51.4,0,0,0,0,0,0,0,0.0,0
4585,15,0.0,290.93275282557425,192.0,100.8,324.3249839868881,1.0,0,0,488,147.99999999999997,4,0,0,0,0,0,14480,0.0,0
335,2,0.0,0.0,0.0,0.0,0.0,3.0,0,0,64,0.0,0,0,0,0,0,0,8688,0.0,0
338,2,0.0,0.0,0.0,0.0,0.0,2.0,0,0,64,0.0,0,0,0,0,0,0,8688,0.0,0
82290,123,0.0,26.90064195916384,1448.0,67.75609756097562,1921.938330478248,1.0,0,0,3944,40.08196721311476,4,0,0,0,0,0,47784,0.0,0
335,2,0.0,0.0,0.0,0.0,0.0,2.0,0,0,64,0.0,0,0,0,0,0,0,5792,0.0,0
37460,15,0.0,99.13316607162618,277.0,46.66666666666666,6865.761710034391,1.0,0,0,488,46.66666666666666,4,0,0,0,0,0,10136,0.0,0
346,2,0.0,0.0,0.0,0.0,0.0,2.0,0,0,64,0.0,0,0,0,0,0,0,13032,0.0,0
9422,31,0.0,22.73950433653435,1300.0,349.7419354838709,502.7132736142744,0.0,0,0,1000,182.1935483870968,4,0,0,0,0,0,14480,0.0,0
347,2,0.0,0.0,0.0,0.0,0.0,3.0,0,0,64,0.0,0,0,0,0,0,0,13032,0.0,0
553978,7,0.0,241.535268054762,1460.0,570.2857142857143,105263.10050471943,2.0,0,0,156,332.1333333333333,4,0,0,0,0,0,16383,0.0,1
453,2,0.0,0.0,0.0,0.0,0.0,4.0,0,0,64,0.0,0,0,0,0,0,0,14480,0.0,0
114082,2,0.0,0.0,0.0,0.0,80569.1608619576,4.0,0,0,40,0.0,0,0,0,0,0,0,16383,0.0,0
1831,4,88.0,13.856406460551018,72.0,48.0,801.9401473925594,2.0,0,0,32,75.55555555555556,0,0,0,0,0,0,0,0.0,0
453384,4,114.0,0.0,52.0,50.0,226300.2322645737,4.0,0,0,32,85.55555555555556,0,0,0,0,0,0,0,0.0,0
674357,5,0.0,72.96329801443228,191.0,76.4,101398.80855127957,5.0,0,0,116,66.28571428571429,4,0,0,0,0,0,16383,0.0,1
1313,2,45.0,0.0,61.0,61.0,0.0,8.0,0,0,16,51.4,0,0,0,0,0,0,0,0.0,0
353,2,0.0,0.0,0.0,0.0,0.0,2.0,0,0,64,0.0,0,0,0,0,0,0,14480,0.0,0
311,2,0.0,0.0,0.0,0.0,0.0,2.0,0,0,64,0.0,0,0,0,0,0,0,14480,0.0,0
1841,4,88.0,23.09401076758504,72.0,48.0,795.8787596110352,3.0,0,0,32,79.11111111111111,0,0,0,0,0,0,0,0.0,0
179050,3,0.0,85.7220313960575,0.0,0.0,33330.04872483687,3.0,0,0,76,33.2,4,0,0,0,0,0,16383,0.0,1
1738142,7,0.0,70.75275528876865,254.0,72.57142857142857,380228.7190636709,4.0,0,0,156,53.2,4,0,0,0,0,0,16383,0.0,1
14150,43,0.0,20.774325260080392,1300.0,542.8372093023256,496.2738671535226,0.0,0,0,1384,276.88372093023247,4,0,0,0,0,0,14480,0.0,0
312,2,0.0,0.0,0.0,0.0,0.0,4.0,0,0,64,0.0,0,0,0,0,0,0,14480,0.0,0
91305,2,0.0,0.0,0.0,0.0,21743.533521486337,7.0,0,0,40,0.0,0,0,0,0,0,0,16383,0.0,1
372580,27,0.0,273.66081195523776,192.0,55.99999999999999,13334.294544144432,1.0,0,0,872,91.55555555555556,4,0,0,0,0,0,14480,0.0,0
18520,2,0.0,0.0,0.0,0.0,2350.422940664084,11.0,0,0,40,0.0,0,0,0,0,0,0,16383,0.0,1
1702564,49,0.0,536.5930821325767,108.0,17.673469387755098,27893.33519220736,1.0,0,0,996,983.9569892473118,4,0,0,0,0,0,16383,0.0,1
135,2,0.0,0.0,0.0,0.0,0.0,6.0,0,0,64,0.0,0,0,0,0,0,0,5792,0.0,0
20,0,56.0,0.0,0.0,0.0,0.0,0.0,0,0,0,56.0,0,0,0,0,0,0,0,0.0,1
1061308,39,0.0,21.523615004105377,1300.0,537.6923076923077,65343.15525433089,1.0,0,0,1256,274.87179487179486,4,0,0,0,0,0,14480,0.0,0
183547,9,0.0,542.1124905229102,1460.0,963.1111111111112,33435.19942017195,2.0,0,0,196,640.5882352941176,4,0,0,0,0,0,16383,0.0,1
327,2,0.0,0.0,0.0,0.0,0.0,2.0,0,0,64,0.0,0,0,0,0,0,0,14480,0.0,0
310,2,0.0,0.0,0.0,0.0,0.0,4.0,0,0,64,0.0,0,0,0,0,0,0,14480,0.0,0
363,2,0.0,0.0,0.0,0.0,0.0,3.0,0,0,64,0.0,0,0,0,0,0,0,8688,0.0,0
1824036,17,0.0,414.9532237079411,113.0,55.88235294117647,109731.21089887478,1.0,0,0,356,116.97560975609758,4,0,0,0,0,0,16383,0.0,1
326,2,0.0,0.0,0.0,0.0,0.0,5.0,0,0,64,0.0,0,0,0,0,0,0,14480,0.0,0
717822,5,0.0,30.983866769659336,0.0,0.0,44968.58840123848,5.0,0,0,116,9.999999999999998,4,0,0,0,0,0,16383,0.0,1
16513,47,0.0,19.65548687392932,1300.0,639.1914893617022,478.3774660244773,1.0,0,0,1512,324.4255319148936,4,0,0,0,0,0,14480,0.0,0
312,2,0.0,0.0,0.0,0.0,0.0,4.0,0,0,64,0.0,0,0,0,0,0,0,14480,0.0,0
15594,47,0.0,20.08417070838321,1300.0,595.8297872340426,447.2154758258952,1.0,0,0,1512,302.9148936170212,4,0,0,0,0,0,14480,0.0,0
24584,45,0.0,19.989267733569253,1300.0,641.2444444444444,743.3484261189436,1.0,0,0,1448,325.6666666666668,4,0,0,0,0,0,14480,0.0,0
3952,7,0.0,718.7496213437738,0.0,0.0,491.1128406203836,2.0,0,0,232,431.1578947368421,4,0,0,0,0,0,10136,0.0,0
457044,5,0.0,92.71050693011064,1360.0,544.0,84510.85620774805,5.0,0,0,116,238.46153846153845,4,0,0,0,0,0,16383,0.0,1
1055,2,38.0,0.0,54.0,54.0,0.0,7.0,0,0,16,44.4,0,0,0,0,0,0,0,0.0,0
1133,2,45.0,0.0,61.0,61.0,0.0,8.0,0,0,16,51.4,0,0,0,0,0,0,0,0.0,0
1098,2,45.0,0.0,61.0,61.0,0.0,7.0,0,0,16,51.4,0,0,0,0,0,0,0,0.0,0
48520,7,0.0,718.7496213437738,0.0,0.0,14440.62404007066,3.0,0,0,232,431.1578947368421,4,0,0,0,0,0,10136,0.0,0
72870,2,0.0,0.0,0.0,0.0,25783.941669186268,9.0,0,0,40,0.0,0,0,0,0,0,0,16383,0.0,1
308,2,0.0,0.0,0.0,0.0,0.0,2.0,0,0,64,0.0,0,0,0,0,0,0,14480,0.0,0
1090,2,38.0,0.0,54.0,54.0,0.0,10.0,0,0,16,44.4,0,0,0,0,0,0,0,0.0,0
324,2,0.0,0.0,0.0,0.0,0.0,2.0,0,0,64,0.0,0,0,0,0,0,0,14480,0.0,0
5942,9,0.0,0.0,1448.0,910.2222222222222,2176.275074525277,2.0,0,0,296,512.0,4,0,0,0,0,0,5792,0.0,0
3518,7,0.0,163.18169832020584,148.0,42.285714285714285,303.8333424757724,4.0,0,0,232,66.28571428571429,4,0,0,0,0,0,7240,0.0,0
1025549,15,0.0,116.7156607081734,1448.0,614.9333333333334,301257.72659496,2.0,0,0,488,363.28571428571433,4,0,0,0,0,0,8688,0.0,0
325,2,0.0,0.0,0.0,0.0,0.0,4.0,0,0,64,0.0,0,0,0,0,0,0,14480,0.0,0
1006343,15,0.0,116.7156607081734,1448.0,614.9333333333334,301524.79170120414,3.0,0,0,488,363.28571428571433,4,0,0,0,948,9224,8688,0.0,0
1049,2,45.0,0.0,61.0,61.0,0.0,7.0,0,0,16,51.4,0,0,0,0,0,0,0,0.0,0
341587,27,0.0,209.4726565596423,192.0,55.99999999999999,13357.168516942502,1.0,0,0,872,82.37037037037037,4,0,0,0,0,0,14480,0.0,0
11419,33,0.0,22.3064253725967,1300.0,404.7272727272728,644.9353839435122,1.0,0,0,1064,209.24242424242425,4,0,0,0,0,0,14480,0.0,0
169271,3,0.0,171.75841283894184,0.0,0.0,37517.04084634964,19.0,0,0,76,64.0,4,0,0,0,0,0,16383,0.0,1
65610,2,0.0,0.0,0.0,0.0,26987.43741076577,6.0,0,0,40,0.0,0,0,0,0,0,0,16383,0.0,0
15413,47,0.0,20.08417070838321,1300.0,637.3617021276598,478.0459352003908,0.0,0,0,1512,323.6808510638298,4,0,0,0,0,0,14480,0.0,0
314,2,0.0,0.0,0.0,0.0,0.0,2.0,0,0,64,0.0,0,0,0,0,0,0,20272,0.0,0
33515,71,0.0,17.413875622106488,1300.0,883.8309859154932,694.9864310806284,1.0,0,0,2280,445.338028169014,4,0,0,0,0,0,14480,0.0,0
598346,39,0.0,718.1857527897668,287.0,30.461538461538467,25078.565313927586,1.0,0,0,1256,396.7555555555557,4,0,0,0,0,0,30408,0.0,0
339,2,0.0,0.0,0.0,0.0,0.0,3.0,0,0,64,0.0,0,0,0,0,0,0,20272,0.0,0
99,2,0.0,0.0,0.0,0.0,0.0,6.0,0,0,64,0.0,0,0,0,0,0,0,28960,0.0,0
4163,15,0.0,305.5242489012397,192.0,100.8,301.0067551844421,2.0,0,0,488,150.74999999999997,4,0,0,0,0,0,14480,0.0,0
337,2,0.0,0.0,0.0,0.0,0.0,2.0,0,0,64,0.0,0,0,0,0,0,0,5792,0.0,0
308,2,0.0,0.0,0.0,0.0,0.0,4.0,0,0,64,0.0,0,0,0,0,0,0,14480,0.0,0
1300645,7,0.0,23.052640682235136,45.0,18.28571428571429,143475.02007768082,2.0,0,0,156,20.899999999999995,4,0,0,0,0,0,16383,0.0,1
20390,41,0.0,20.774325260080392,1328.0,646.4878048780489,860.6159358415288,1.0,0,0,1320,321.1428571428571,4,0,0,0,0,0,14480,0.0,0
14443,43,0.0,20.774325260080392,1300.0,590.0,483.7453863144204,1.0,0,0,1384,300.4651162790697,4,0,0,0,0,0,14480,0.0,0
2359,5,0.0,0.0,728.0,291.2,376.1440326966963,4.0,0,0,168,145.6,4,0,0,0,0,0,5792,0.0,0
1051,2,37.0,0.0,53.0,53.0,0.0,8.0,0,0,16,43.4,0,0,0,0,0,0,0,0.0,0
157996,3,0.0,177.6408361460469,0.0,0.0,30375.2334394322,11.0,0,0,76,68.8,4,0,0,0,0,0,16383,0.0,1
217658,5,0.0,140.52961050458876,1015.0,406.0,42673.13006408912,6.0,0,0,116,200.46153846153845,4,0,0,0,0,0,16383,0.0,1
66118,95,0.0,15.305237207431617,1300.0,912.863157894737,1007.3363889556748,0.0,0,0,3048,458.98947368421045,4,0,0,0,0,0,14480,0.0,0
23407,59,0.0,18.32713418813508,1300.0,748.5084745762714,544.9741584087574,1.0,0,0,1896,378.2372881355933,4,0,0,0,0,0,14480,0.0,0
35541,83,0.0,16.26082202818231,1300.0,856.8674698795178,551.8467404995703,0.0,0,0,2664,431.3614457831325,4,0,0,0,0,0,14480,0.0,0
376,2,0.0,0.0,0.0,0.0,0.0,5.0,0,0,64,0.0,0,0,0,0,0,0,14480,0.0,0
977161,13,0.0,697.2084862746102,45.0,13.076923076923077,103851.2513585528,2.0,0,0,276,595.0256410256411,4,0,0,0,0,0,16383,0.0,1
124,2,0.0,0.0,0.0,0.0,0.0,3.0,0,0,64,0.0,0,0,0,0,0,0,52128,0.0,0
432320,39,0.0,717.308518145492,287.0,30.461538461538467,17880.438226098177,1.0,0,0,1256,396.0888888888889,4,0,0,0,0,0,30408,0.0,0
324,2,0.0,0.0,0.0,0.0,0.0,5.0,0,0,64,0.0,0,0,0,0,0,0,14480,0.0,0
366,2,0.0,0.0,0.0,0.0,0.0,5.0,0,0,64,0.0,0,0,0,0,0,0,10136,0.0,0
416,2,0.0,0.0,0.0,0.0,0.0,5.0,0,0,64,0.0,0,0,0,0,0,0,7240,0.0,0
9,0,4.0,0.0,0.0,0.0,0.0,0.0,0,0,0,4.0,0,0,0,0,0,0,0,0.0,1
370,2,0.0,0.0,0.0,0.0,0.0,20.0,0,0,64,0.0,0,0,0,0,0,0,30408,0.0,0
1054,2,37.0,0.0,53.0,53.0,0.0,6.0,0,0,16,43.4,0,0,0,0,0,0,0,0.0,0
672757,7,0.0,82.99062865435135,306.0,133.71428571428572,100904.15752363016,1.0,0,0,156,92.0,4,0,0,0,0,0,16383,0.0,1
322,2,0.0,0.0,0.0,0.0,0.0,2.0,0,0,64,0.0,0,0,0,0,0,0,5792,0.0,0
700954,27,0.0,203.37097591877227,192.0,55.99999999999999,33209.24910683769,1.0,0,0,872,81.4814814814815,4,0,0,0,0,0,14480,0.0,0
20126,39,0.0,718.0958676263504,287.0,30.461538461538467,563.3077465710363,1.0,0,0,1256,396.6888888888889,4,0,0,0,0,0,30408,0.0,0
360,2,0.0,0.0,0.0,0.0,0.0,2.0,0,0,64,0.0,0,0,0,0,0,0,13032,0.0,0
1033,2,45.0,0.0,61.0,61.0,0.0,7.0,0,0,16,51.4,0,0,0,0,0,0,0,0.0,0
1660,4,88.0,13.856406460551018,72.0,48.0,732.6574916016351,3.0,0,0,32,75.55555555555556,0,0,0,0,0,0,0,0.0,0
55603,59,0.0,18.83709254785309,1300.0,675.4915254237287,1677.5594245233212,1.0,0,0,1896,341.86440677966107,4,0,0,0,0,0,14480,0.0,0
360,2,0.0,0.0,0.0,0.0,0.0,2.0,0,0,64,0.0,0,0,0,0,0,0,14480,0.0,0
118,2,0.0,0.0,0.0,0.0,0.0,5.0,0,0,64,0.0,0,0,0,0,0,0,28960,0.0,0
318,2,0.0,0.0,0.0,0.0,0.0,2.0,0,0,64,0.0,0,0,0,0,0,0,14480,0.0,0
2096697,19,0.0,711.0855990432282,107.0,43.36842105263158,123911.25732646244,1.0,0,0,396,493.3207547169812,4,0,0,0,0,0,16383,0.0,1
22361,47,0.0,19.65548687392932,1300.0,639.1914893617022,711.0611660175106,1.0,0,0,1512,324.4255319148936,4,0,0,0,0,0,14480,0.0,0
7691243,435,0.0,26.65968600169204,1448.0,1207.8896551724142,416661.4491066632,1.0,0,0,13928,786.1343283582099,4,0,0,0,1278,525432,34752,179100.0,0
857821,25,0.0,121.70693046444366,1460.0,1061.7599999999998,103716.68560989364,1.0,0,0,516,716.2564102564102,4,0,0,0,0,0,16383,0.0,1
1784,4,88.0,23.09401076758504,72.0,48.0,771.6287967669429,3.0,0,0,32,79.11111111111111,0,0,0,0,0,0,0,0.0,0
334,2,0.0,0.0,0.0,0.0,0.0,2.0,0,0,64,0.0,0,0,0,0,0,0,30408,0.0,0
295833,5,0.0,533.9553039971292,62.0,24.8,64251.050730707895,2.0,0,0,116,182.66666666666663,4,0,0,0,0,0,16383,0.0,1
349,2,0.0,0.0,0.0,0.0,0.0,2.0,0,0,64,0.0,0,0,0,0,0,0,13032,0.0,0
1070,2,37.0,0.0,53.0,53.0,0.0,9.0,0,0,16,43.4,0,0,0,0,0,0,0,0.0,0
4875,4,114.0,0.0,52.0,50.0,2154.673293100372,8.0,0,0,32,85.55555555555556,0,0,0,0,0,0,0,0.0,0
94749,2,0.0,0.0,0.0,0.0,66747.34461010415,3.0,0,0,40,0.0,0,0,0,0,0,0,16383,0.0,0
520522,3,0.0,13.174650984805195,0.0,0.0,102003.82376051726,7.0,0,0,76,4.909090909090909,4,0,0,0,0,0,16383,0.0,0
1009,2,45.0,0.0,61.0,61.0,0.0,7.0,0,0,16,51.4,0,0,0,0,0,0,0,0.0,0
783244,5,0.0,87.83100656536799,519.0,207.6,169893.52642258033,8.0,0,0,116,107.53846153846152,4,0,0,0,0,0,16383,0.0,1
6161,13,0.0,35.452381373177744,458.0,76.30769230769229,398.1061375211718,4.0,0,0,424,39.696969696969695,4,0,0,0,0,0,11584,0.0,0
559,2,0.0,0.0,0.0,0.0,0.0,3.0,0,0,64,0.0,0,0,0,0,0,0,8688,0.0,0
619619,5,0.0,29.277002188455995,0.0,0.0,202217.3727763435,7.0,0,0,116,9.23076923076923,4,0,0,0,0,0,16383,0.0,1
355,2,0.0,0.0,0.0,0.0,0.0,5.0,0,0,64,0.0,0,0,0,0,0,0,8688,0.0,0
1543722,13,0.0,573.3486016793091,0.0,0.0,90834.41357901122,2.0,0,0,276,925.9154929577468,4,0,0,0,0,0,16383,0.0,1
931206,19,0.0,697.3570696391895,122.0,47.368421052631575,62847.94770104162,1.0,0,0,396,362.8679245283018,4,0,0,0,0,0,16383,0.0,1
18046,15,0.0,99.13316607162618,277.0,46.66666666666666,2178.7839292266704,1.0,0,0,488,46.66666666666666,4,0,0,0,0,0,10136,0.0,0
9500,35,0.0,21.883828750570903,1300.0,410.8571428571428,440.53149932092185,1.0,0,0,1128,211.9142857142857,4,0,0,0,0,0,14480,0.0,0
164209,2,0.0,0.0,0.0,0.0,24451.04538664963,2.0,0,0,40,0.0,0,0,0,0,0,0,16383,0.0,1
342,2,0.0,0.0,0.0,0.0,0.0,3.0,0,0,64,0.0,0,0,0,0,0,0,13032,0.0,0
5147,21,0.0,81.21193845345906,433.0,50.095238095238095,386.4616138083682,0.0,0,0,680,44.23809523809524,4,0,0,0,0,0,13032,0.0,0
352,2,0.0,0.0,0.0,0.0,0.0,5.0,0,0,64,0.0,0,0,0,0,0,0,5792,0.0,0
325,2,0.0,0.0,0.0,0.0,0.0,3.0,0,0,64,0.0,0,0,0,0,0,0,14480,0.0,0
21425,47,0.0,20.08417070838321,1300.0,611.0638297872341,667.7312273057116,0.0,0,0,1512,310.531914893617,4,0,0,0,0,0,14480,0.0,0
358,2,0.0,0.0,0.0,0.0,0.0,1.0,0,0,64,0.0,0,0,0,0,0,0,30408,0.0,0
305,2,0.0,0.0,0.0,0.0,0.0,2.0,0,0,64,0.0,0,0,0,0,0,0,10136,0.0,0
350,2,0.0,0.0,0.0,0.0,0.0,3.0,0,0,64,0.0,0,0,0,0,0,0,8688,0.0,0
342,2,0.0,0.0,0.0,0.0,0.0,3.0,0,0,64,0.0,0,0,0,0,0,0,47784,0.0,0
357,2,0.0,0.0,0.0,0.0,0.0,3.0,0,0,64,0.0,0,0,0,0,0,0,14480,0.0,0
323,2,0.0,0.0,0.0,0.0,0.0,3.0,0,0,64,0.0,0,0,0,0,0,0,14480,0.0,0
89439,2,0.0,0.0,0.0,0.0,23854.954370109368,7.0,0,0,40,0.0,0,0,0,0,0,0,16383,0.0,1
610883,5,0.0,0.0,316.0,126.4,246067.64540450388,8.0,0,0,116,57.45454545454545,4,0,0,0,0,0,16383,0.0,1
21395,2,0.0,0.0,0.0,0.0,3394.8196564766145,2.0,0,0,40,0.0,0,0,0,0,0,0,16383,0.0,1
120,2,0.0,0.0,0.0,0.0,0.0,3.0,0,0,64,0.0,0,0,0,0,0,0,28960,0.0,0
380,2,0.0,0.0,0.0,0.0,0.0,3.0,0,0,64,0.0,0,0,0,0,0,0,5792,0.0,0
4729,4,114.0,0.0,52.0,52.0,2094.0515752960814,2.0,0,0,32,86.44444444444444,0,0,0,0,0,0,0,0.0,0
875364,123,0.0,27.088505216160204,1448.0,68.7154471544715,11940.072249775858,1.0,0,0,3944,40.62295081967211,4,0,0,0,0,0,47784,0.0,0
329,2,0.0,0.0,0.0,0.0,0.0,2.0,0,0,64,0.0,0,0,0,0,0,0,8688,0.0,0
1588187,219,0.0,59.14480626486242,1460.0,1248.5388127853878,69925.96094909222,1.0,0,0,4396,1065.9377431906616,4,0,0,0,0,0,16383,0.0,1
40432,71,0.0,17.413875622106488,1300.0,803.323943661972,885.6421976745407,0.0,0,0,2280,405.0845070422536,4,0,0,0,0,0,14480,0.0,0
353,2,0.0,0.0,0.0,0.0,0.0,2.0,0,0,64,0.0,0,0,0,0,0,0,10136,0.0,0
1721624,15,0.0,122.41532220727564,1448.0,614.9333333333334,544868.48675241,2.0,0,0,488,391.2307692307692,4,0,0,0,948,9224,8688,0.0,0
16450,47,0.0,20.636162621220752,1300.0,664.0425531914894,491.2957152245273,0.0,0,0,1512,337.19148936170217,4,0,0,0,0,0,14480,0.0,0
337,2,0.0,0.0,0.0,0.0,0.0,2.0,0,0,64,0.0,0,0,0,0,0,0,14480,0.0,0
315,2,0.0,0.0,0.0,0.0,0.0,2.0,0,0,64,0.0,0,0,0,0,0,0,14480,0.0,0
262780,3,0.0,147.17336715588183,0.0,0.0,54127.75621804399,2.0,0,0,76,56.99999999999999,4,0,0,0,0,0,16383,0.0,1
180775,9,0.0,552.3594412888698,1460.0,966.4444444444443,32962.340098967485,5.0,0,0,196,644.8235294117649,4,0,0,0,0,0,16383,0.0,1
543692,3,0.0,726.7662372705295,0.0,0.0,86754.45126364155,19.0,0,0,76,552.8,4,0,0,0,0,0,16383,0.0,1
346,2,0.0,0.0,0.0,0.0,0.0,2.0,0,0,64,0.0,0,0,0,0,0,0,8688,0.0,0
35686,2,0.0,0.0,0.0,0.0,24565.596685201846,9.0,0,0,40,0.0,0,0,0,0,0,0,16383,0.0,1
105000950,0,29.0,0.0,0.0,0.0,2174307.778231429,0.0,0,0,0,29.0,0,0,0,0,60,0,0,3.0,1
3230900,35,0.0,592.335494029638,110.0,26.28571428571429,69155.92484610737,1.0,0,0,716,899.9209039548018,4,0,0,0,0,0,16383,0.0,1
307,2,0.0,0.0,0.0,0.0,0.0,2.0,0,0,64,0.0,0,0,0,0,0,0,14480,0.0,0
322,2,0.0,0.0,0.0,0.0,0.0,2.0,0,0,64,0.0,0,0,0,0,0,0,14480,0.0,0
518354,39,0.0,721.9912374390534,287.0,30.461538461538467,23326.00602689339,1.0,0,0,1256,399.31111111111113,4,0,0,0,0,0,30408,0.0,0
685401,35,0.0,724.0962434620956,287.0,33.94285714285714,34613.225651807705,1.0,0,0,1128,419.1860465116279,4,0,0,0,0,0,30408,0.0,0
1007533,15,0.0,116.7156607081734,1448.0,614.9333333333334,301315.0715313849,2.0,0,0,488,363.28571428571433,4,0,0,0,0,0,8688,0.0,0
5,0,56.0,0.0,0.0,0.0,0.0,0.0,0,0,0,56.0,0,0,0,0,0,0,0,0.0,1
345,2,0.0,0.0,0.0,0.0,0.0,2.0,0,0,64,0.0,0,0,0,0,0,0,14480,0.0,0
351,2,0.0,0.0,0.0,0.0,0.0,2.0,0,0,64,0.0,0,0,0,0,0,0,14480,0.0,0
17636,53,0.0,19.681667209175394,1300.0,619.2830188679247,477.7250780481159,1.0,0,0,1704,314.22641509433964,4,0,0,0,0,0,14480,0.0,0
9,0,56.0,0.0,0.0,0.0,0.0,0.0,0,0,0,56.0,0,0,0,0,0,0,0,0.0,1
2578873,201,0.0,41.6842271118941,1460.0,1271.0845771144282,99390.80212158294,1.0,0,0,4036,1079.5021097046415,4,0,0,0,0,0,16383,0.0,1
389,2,0.0,0.0,0.0,0.0,0.0,4.0,0,0,64,0.0,0,0,0,0,0,0,31856,0.0,0
317,2,0.0,0.0,0.0,0.0,0.0,2.0,0,0,64,0.0,0,0,0,0,0,0,30408,0.0,0
168614,21,0.0,81.21193845345906,433.0,50.095238095238095,13161.067232627998,1.0,0,0,680,44.23809523809524,4,0,0,0,0,0,13032,0.0,0
316,2,0.0,0.0,0.0,0.0,0.0,2.0,0,0,64,0.0,0,0,0,0,0,0,14480,0.0,0
344,2,0.0,0.0,0.0,0.0,0.0,2.0,0,0,64,0.0,0,0,0,0,0,0,30408,0.0,0
987,2,45.0,0.0,61.0,61.0,0.0,12.0,0,0,16,51.4,0,0,0,0,0,0,0,0.0,0
117,2,0.0,0.0,0.0,0.0,0.0,2.0,0,0,64,0.0,0,0,0,0,0,0,14480,0.0,0
312,2,0.0,0.0,0.0,0.0,0.0,2.0,0,0,64,0.0,0,0,0,0,0,0,14480,0.0,0
524,2,0.0,0.0,0.0,0.0,0.0,5.0,0,0,64,0.0,0,0,0,0,0,0,14480,0.0,0
298,2,0.0,0.0,0.0,0.0,0.0,3.0,0,0,64,0.0,0,0,0,0,0,0,34752,0.0,0
1623,4,88.0,23.09401076758504,72.0,48.0,714.4711330767675,2.0,0,0,32,79.11111111111111,0,0,0,0,0,0,0,0.0,0
566759,7,0.0,164.43916229182784,1297.0,370.5714285714285,180296.16221474783,9.0,0,0,156,217.86666666666667,4,0,0,0,0,0,16383,0.0,1
21891221,743,0.0,18.31205295370204,1448.0,1411.9650067294754,117174.64788151188,1.0,0,0,23784,973.6215213358072,4,0,0,0,0,0,7240,0.0,0
557116,5,0.0,87.83100656536799,397.0,158.8,123425.92693865688,8.0,0,0,116,88.76923076923076,4,0,0,0,0,0,16383,0.0,1
353,2,0.0,0.0,0.0,0.0,0.0,2.0,0,0,64,0.0,0,0,0,0,0,0,13032,0.0,0
4541,4,114.0,0.0,52.0,50.0,2065.7595052022234,2.0,0,0,32,85.55555555555556,0,0,0,0,0,0,0,0.0,0
354,2,0.0,0.0,0.0,0.0,0.0,2.0,0,0,64,0.0,0,0,0,0,0,0,14480,0.0,0
11233,37,0.0,21.474606635715823,1300.0,470.6486486486486,474.09493252092113,1.0,0,0,1192,241.45945945945945,4,0,0,0,0,0,14480,0.0,0
471757,5,0.0,14.638501094227998,44.0,17.6,98262.8815197614,1.0,0,0,116,11.384615384615383,4,0,0,0,0,0,16383,0.0,1
314,2,0.0,0.0,0.0,0.0,0.0,5.0,0,0,64,0.0,0,0,0,0,0,0,14480,0.0,0
620773,5,0.0,30.983866769659336,0.0,0.0,30137.367677021823,7.0,0,0,116,9.999999999999998,4,0,0,0,0,0,16383,0.0,1
327,2,0.0,0.0,0.0,0.0,0.0,5.0,0,0,64,0.0,0,0,0,0,0,0,5792,0.0,0
1052,2,45.0,0.0,61.0,61.0,0.0,5.0,0,0,16,51.4,0,0,0,0,0,0,0,0.0,0
354,2,0.0,0.0,0.0,0.0,0.0,3.0,0,0,64,0.0,0,0,0,0,0,0,10136,0.0,0
6240,4,114.0,0.0,48.0,48.0,2974.798312491117,5.0,0,0,32,84.66666666666667,0,0,0,0,0,0,0,0.0,0
1106,2,45.0,0.0,61.0,61.0,0.0,3.0,0,0,16,51.4,0,0,0,0,0,0,0,0.0,0
8303,4,114.0,0.0,52.0,50.0,4186.655745739472,4.0,0,0,32,85.55555555555556,0,0,0,0,0,0,0,0.0,0
1878488,5,0.0,208.62470291570617,0.0,0.0,396434.4642709561,2.0,0,0,116,67.33333333333333,4,0,0,0,0,0,16383,0.0,1
369,2,0.0,0.0,0.0,0.0,0.0,2.0,0,0,64,0.0,0,0,0,0,0,0,47784,0.0,0
327,2,0.0,0.0,0.0,0.0,0.0,2.0,0,0,64,0.0,0,0,0,0,0,0,14480,0.0,0
8,0,24.0,0.0,0.0,0.0,0.0,0.0,0,0,0,24.0,0,0,0,0,0,0,0,0.0,1
209480,59,0.0,18.83709254785309,1300.0,708.6779661016949,5961.243253114826,1.0,0,0,1896,358.45762711864404,4,0,0,0,0,0,14480,0.0,0
1043598,15,0.0,116.7156607081734,1448.0,614.9333333333334,305909.86053224007,1.0,0,0,488,363.28571428571433,4,0,0,0,948,9224,8688,0.0,0
283409,95,0.0,15.305237207431617,1300.0,949.621052631579,4077.31369248649,1.0,0,0,3048,477.3684210526314,4,0,0,0,0,0,14480,0.0,0
616483,5,0.0,29.277002188455995,0.0,0.0,199392.27245081487,1.0,0,0,116,9.23076923076923,4,0,0,0,0,0,16383,0.0,1
1116,2,37.0,0.0,53.0,53.0,0.0,2.0,0,0,16,43.4,0,0,0,0,0,0,0,0.0,0
70409,2,0.0,0.0,0.0,0.0,49127.65783649776,7.0,0,0,40,0.0,0,0,0,0,0,0,16383,0.0,1
338,2,0.0,0.0,0.0,0.0,0.0,2.0,0,0,64,0.0,0,0,0,0,0,0,8688,0.0,0
341,2,0.0,0.0,0.0,0.0,0.0,2.0,0,0,64,0.0,0,0,0,0,0,0,8688,0.0,0
382,2,0.0,0.0,0.0,0.0,0.0,2.0,0,0,64,0.0,0,0,0,0,0,0,17376,0.0,0
50524,45,0.0,19.989267733569253,1300.0,591.5111111111111,2023.848961794096,1.0,0,0,1448,300.8,4,0,0,0,0,0,14480,0.0,0
44302,47,0.0,19.335732915405263,1300.0,632.3829787234044,1682.8028857434313,1.0,0,0,1512,314.3333333333333,4,0,0,0,0,0,13032,0.0,0
309,2,0.0,0.0,0.0,0.0,0.0,2.0,0,0,64,0.0,0,0,0,0,0,0,14480,0.0,0
16417,43,0.0,20.774325260080392,1300.0,581.0232558139534,612.7039640486878,1.0,0,0,1384,295.9767441860465,4,0,0,0,0,0,14480,0.0,0
1070,2,45.0,0.0,61.0,61.0,0.0,11.0,0,0,16,51.4,0,0,0,0,0,0,0,0.0,0
461234,5,0.0,104.57259952505996,197.0,78.8,74736.67022476793,3.0,0,0,116,80.71428571428571,4,0,0,0,0,0,16383,0.0,1
4608,4,114.0,0.0,52.0,50.0,2036.893958948281,4.0,0,0,32,85.55555555555556,0,0,0,0,0,0,0,0.0,0
323,2,0.0,0.0,0.0,0.0,0.0,4.0,0,0,64,0.0,0,0,0,0,0,0,14480,0.0,0
1778,4,88.0,20.784609690826528,72.0,48.0,803.0942244427695,3.0,0,0,32,78.22222222222223,0,0,0,0,0,0,0,0.0,0
17644,45,0.0,19.989267733569253,1300.0,592.5333333333333,634.4760074161283,1.0,0,0,1448,301.3111111111112,4,0,0,0,0,0,14480,0.0,0
1,0,24.0,0.0,0.0,0.0,0.0,0.0,0,0,0,24.0,0,0,0,0,0,0,0,0.0,0
1900647,19,0.0,727.3758330045234,128.0,52.94736842105263,109967.89252357384,1.0,0,0,396,498.7868852459017,4,0,0,0,0,0,16383,0.0,1
348,2,0.0,0.0,0.0,0.0,0.0,2.0,0,0,64,0.0,0,0,0,0,0,0,7240,0.0,0
396,2,0.0,0.0,0.0,0.0,0.0,4.0,0,0,64,0.0,0,0,0,0,0,0,30408,0.0,0
27404,53,0.0,19.681667209175394,1300.0,646.0754716981133,774.0482368309978,1.0,0,0,1704,327.62264150943406,4,0,0,0,0,0,14480,0.0,0
24859,43,0.0,20.774325260080392,1300.0,581.0232558139534,964.871367643149,1.0,0,0,1384,295.9767441860465,4,0,0,0,0,0,14480,0.0,0
3,0,56.0,0.0,0.0,0.0,0.0,0.0,0,0,0,56.0,0,0,0,0,0,0,0,0.0,1
22448,47,0.0,20.4220272406374,1300.0,637.3617021276598,776.3504919678596,1.0,0,0,1512,330.71739130434776,4,0,0,0,0,0,14480,0.0,0
355,2,0.0,0.0,0.0,0.0,0.0,2.0,0,0,64,0.0,0,0,0,0,0,0,8688,0.0,0
5046191,51,0.0,6.658307684726639,54.0,18.15686274509805,222033.23212518965,1.0,0,0,1640,11.254901960784316,4,0,0,0,0,0,20272,0.0,0
1655,4,88.0,20.784609690826528,72.0,48.0,734.967572980831,2.0,0,0,32,78.22222222222223,0,0,0,0,0,0,0,0.0,0
1005,2,45.0,0.0,61.0,61.0,0.0,9.0,0,0,16,51.4,0,0,0,0,0,0,0,0.0,0
338,2,0.0,0.0,0.0,0.0,0.0,3.0,0,0,64,0.0,0,0,0,0,0,0,14480,0.0,0
1126033,123,0.0,27.086643839903903,1448.0,67.5609756097561,18715.03663673905,1.0,0,0,3944,40.04098360655737,4,0,0,0,0,0,47784,0.0,0
1004364,15,0.0,122.41532220727564,1448.0,614.9333333333334,332942.52627497306,2.0,0,0,488,391.2307692307692,4,0,0,0,0,0,8688,0.0,0
341,2,0.0,0.0,0.0,0.0,0.0,2.0,0,0,64,0.0,0,0,0,0,0,0,8688,0.0,0
117,2,0.0,0.0,0.0,0.0,0.0,3.0,0,0,64,0.0,0,0,0,0,0,0,13032,0.0,0
358,2,0.0,0.0,0.0,0.0,0.0,3.0,0,0,64,0.0,0,0,0,0,0,0,10136,0.0,0
974173,5,0.0,30.983866769659336,0.0,0.0,82998.9428197733,3.0,0,0,116,9.999999999999998,4,0,0,0,0,0,16383,0.0,1
17515,37,0.0,21.474606635715823,1300.0,489.3513513513514,790.2542139647694,1.0,0,0,1192,250.8108108108108,4,0,0,0,0,0,14480,0.0,0
3066403,123,0.0,27.08101239785908,1448.0,69.36585365853664,42538.7272524454,1.0,0,0,3944,40.97540983606558,4,0,0,0,0,0,47784,0.0,0
333,2,0.0,0.0,0.0,0.0,0.0,3.0,0,0,64,0.0,0,0,0,0,0,0,14480,0.0,0
47518,63,0.0,17.829381154819387,1300.0,776.7936507936507,1211.1951007707833,1.0,0,0,2024,392.1269841269841,4,0,0,0,0,0,14480,0.0,0
9,0,24.0,0.0,0.0,0.0,0.0,0.0,0,0,0,24.0,0,0,0,0,0,0,0,0.0,1
1047371,61,0.0,84.16855462840796,1460.0,1177.2786885245905,77463.7144448666,1.0,0,0,1236,918.784810126582,4,0,0,0,0,0,16383,0.0,1
311,2,0.0,0.0,0.0,0.0,0.0,4.0,0,0,64,0.0,0,0,0,0,0,0,10136,0.0,0
556570,21,0.0,84.16331242230629,381.0,58.19047619047619,46347.49992248048,1.0,0,0,680,50.57142857142857,4,0,0,0,0,0,13032,0.0,0
117,2,0.0,0.0,0.0,0.0,0.0,3.0,0,0,64,0.0,0,0,0,0,0,0,52128,0.0,0
1061,2,45.0,0.0,61.0,61.0,0.0,2.0,0,0,16,51.4,0,0,0,0,0,0,0,0.0,0
1768,4,88.0,20.784609690826528,72.0,48.0,767.2985077530126,6.0,0,0,32,78.22222222222223,0,0,0,0,0,0,0,0.0,0
1067,2,45.0,0.0,61.0,61.0,0.0,7.0,0,0,16,51.4,0,0,0,0,0,0,0,0.0,0
604463,5,0.0,72.69898800631861,191.0,76.4,84250.05763881029,2.0,0,0,116,66.14285714285715,4,0,0,0,0,0,16383,0.0,1
1191846,15,0.0,116.7156607081734,1448.0,614.9333333333334,300111.2841778711,4.0,0,0,488,363.28571428571433,4,0,0,0,0,0,8688,0.0,0
315,2,0.0,0.0,0.0,0.0,0.0,1.0,0,0,64,0.0,0,0,0,0,0,0,14480,0.0,0
349,2,0.0,0.0,0.0,0.0,0.0,3.0,0,0,64,0.0,0,0,0,0,0,0,13032,0.0,0
1091363,17,0.0,5.2901128643581,1406.0,177.76470588235293,92088.70136332326,3.0,0,0,356,89.31428571428575,4,0,0,0,0,0,16383,0.0,1
106,2,0.0,0.0,0.0,0.0,0.0,6.0,0,0,64,0.0,0,0,0,0,0,0,5792,0.0,0
344,2,0.0,0.0,0.0,0.0,0.0,2.0,0,0,64,0.0,0,0,0,0,0,0,30408,0.0,0
1075,2,37.0,0.0,53.0,53.0,0.0,6.0,0,0,16,43.4,0,0,0,0,0,0,0,0.0,0
1135416,15,0.0,99.13316607162618,277.0,46.66666666666666,133697.29540745853,2.0,0,0,488,46.66666666666666,4,0,0,0,0,0,10136,0.0,0
305,2,0.0,0.0,0.0,0.0,0.0,3.0,0,0,64,0.0,0,0,0,0,0,0,34752,0.0,0
196,3,0.0,0.0,0.0,0.0,0.0,3.0,0,0,96,0.0,0,0,0,0,0,0,10136,0.0,0
331,2,0.0,0.0,0.0,0.0,0.0,3.0,0,0,64,0.0,0,0,0,0,0,0,14480,0.0,0
361,2,0.0,0.0,0.0,0.0,0.0,2.0,0,0,64,0.0,0,0,0,0,0,0,14480,0.0,0
1244,2,37.0,0.0,53.0,53.0,0.0,13.0,0,0,16,43.4,0,0,0,0,0,0,0,0.0,0
188700,21,0.0,128.31893858663264,1460.0,1207.428571428571,31867.4041568564,1.0,0,0,436,836.7096774193548,4,0,0,0,0,0,16383,0.0,1
4065,9,0.0,0.0,1448.0,910.2222222222222,1281.6521759042116,3.0,0,0,296,512.0,4,0,0,0,0,0,5792,0.0,0
308,2,0.0,0.0,0.0,0.0,0.0,2.0,0,0,64,0.0,0,0,0,0,0,0,7240,0.0,0
343,2,0.0,0.0,0.0,0.0,0.0,3.0,0,0,64,0.0,0,0,0,0,0,0,14480,0.0,0
1051,2,45.0,0.0,61.0,61.0,0.0,9.0,0,0,16,51.4,0,0,0,0,0,0,0,0.0,0
26909,2,0.0,0.0,0.0,0.0,6568.31489044184,7.0,0,0,40,0.0,0,0,0,0,0,0,16383,0.0,1
322,2,0.0,0.0,0.0,0.0,0.0,3.0,0,0,64,0.0,0,0,0,0,0,0,5792,0.0,0
319,2,0.0,0.0,0.0,0.0,0.0,4.0,0,0,64,0.0,0,0,0,0,0,0,10136,0.0,0
4123,15,0.0,305.5242489012397,192.0,100.8,303.7527660073943,2.0,0,0,488,150.74999999999997,4,0,0,0,0,0,14480,0.0,0
340,2,0.0,0.0,0.0,0.0,0.0,2.0,0,0,64,0.0,0,0,0,0,0,0,14480,0.0,0
8512250,329,0.0,3.636452277459503,1460.0,1278.9240121580533,203602.12234944457,1.0,0,0,6596,1054.8070175438593,4,0,0,0,102,420766,16383,0.0,1
393647,27,0.0,279.9525234474863,192.0,55.99999999999999,13691.8477755926,2.0,0,0,872,92.44444444444446,4,0,0,0,0,0,14480,0.0,0
112872,5,0.0,0.0,749.0,299.6,359.11743668796333,3.0,0,0,168,149.8,4,0,0,0,0,0,5792,0.0,0
1367077,123,0.0,27.086643839903903,1448.0,68.22764227642276,19440.822963813185,1.0,0,0,3944,40.37704918032786,4,0,0,0,0,0,47784,0.0,0
17510,15,0.0,99.13316607162618,277.0,46.66666666666666,2112.4013131250194,1.0,0,0,488,46.66666666666666,4,0,0,0,0,0,10136,0.0,0
70396,17,0.0,344.17321220571483,192.0,88.94117647058823,607.6795286364429,3.0,0,0,552,148.7058823529412,4,0,0,0,0,0,14480,0.0,0
119,2,0.0,0.0,0.0,0.0,0.0,5.0,0,0,64,0.0,0,0,0,0,0,0,50680,0.0,0
1072010,13,0.0,725.2592226231942,26.0,6.769230769230769,84993.0770371597,2.0,0,0,276,516.2051282051282,4,0,0,0,0,0,16383,0.0,1
383,2,0.0,0.0,0.0,0.0,0.0,2.0,0,0,64,0.0,0,0,0,0,0,0,8688,0.0,0
160515,3,0.0,109.99272703229065,0.0,0.0,30953.59253301626,1.0,0,0,76,42.6,4,0,0,0,0,0,16383,0.0,1
2023941,5,0.0,30.983866769659336,0.0,0.0,423135.4164643985,2.0,0,0,116,9.999999999999998,4,0,0,0,0,0,16383,0.0,1
2226439,123,0.0,27.086643839903903,1448.0,69.00813008130079,35495.29330060854,0.0,0,0,3944,40.770491803278674,4,0,0,0,0,0,47784,0.0,0
1,0,56.0,0.0,0.0,0.0,0.0,0.0,0,0,0,56.0,0,0,0,0,0,0,0,0.0,0
350,2,0.0,0.0,0.0,0.0,0.0,5.0,0,0,64,0.0,0,0,0,0,0,0,30408,0.0,0
380,2,0.0,0.0,0.0,0.0,0.0,5.0,0,0,64,0.0,0,0,0,0,0,0,13032,0.0,0
305,2,0.0,0.0,0.0,0.0,0.0,2.0,0,0,64,0.0,0,0,0,0,0,0,10136,0.0,0
1063,2,45.0,0.0,61.0,61.0,0.0,11.0,0,0,16,51.4,0,0,0,0,0,0,0,0.0,0
11,0,352.0,0.0,0.0,0.0,0.0,0.0,0,0,0,352.0,0,0,0,0,0,0,0,0.0,1
222630,9,0.0,0.0,1448.0,910.2222222222222,21060.74027188978,2.0,0,0,296,512.0,4,0,0,0,0,0,5792,0.0,0
4067,9,0.0,65.29726895769328,776.0,180.88888888888889,451.99474554468,2.0,0,0,296,103.0,4,0,0,0,0,0,10136,0.0,0
68709,15,0.0,99.13316607162618,277.0,46.66666666666666,9159.559206587091,1.0,0,0,488,46.66666666666666,4,0,0,0,0,0,10136,0.0,0
357,2,0.0,0.0,0.0,0.0,0.0,2.0,0,0,64,0.0,0,0,0,0,0,0,8688,0.0,0
1026,2,37.0,0.0,53.0,53.0,0.0,28.0,0,0,16,43.4,0,0,0,0,0,0,0,0.0,0
385,2,0.0,0.0,0.0,0.0,0.0,3.0,0,0,64,0.0,0,0,0,0,0,0,8688,0.0,0
33398,123,0.0,27.08374294023374,1448.0,74.22764227642278,484.70589155729743,1.0,0,0,3944,43.40983606557377,4,0,0,0,0,0,47784,0.0,0
279868,5,0.0,718.7496213437738,0.0,0.0,60765.988067247694,2.0,0,0,168,481.88235294117646,4,0,0,0,0,0,10136,0.0,0
308,2,0.0,0.0,0.0,0.0,0.0,2.0,0,0,64,0.0,0,0,0,0,0,0,10136,0.0,0
28440,71,0.0,16.93905773703584,1300.0,815.9154929577468,532.9628787202506,0.0,0,0,2280,411.2676056338029,4,0,0,0,0,0,14480,0.0,0
362,2,0.0,0.0,0.0,0.0,0.0,4.0,0,0,64,0.0,0,0,0,0,0,0,8688,0.0,0
4694,9,0.0,65.29726895769328,776.0,180.88888888888889,370.9524153371216,4.0,0,0,296,103.0,4,0,0,0,0,0,10136,0.0,0
2408889,7,0.0,109.47632925279632,1079.0,308.2857142857143,626269.3422168293,3.0,0,0,156,184.42857142857144,4,0,0,0,424,2158,16383,0.0,1
310,2,0.0,0.0,0.0,0.0,0.0,4.0,0,0,64,0.0,0,0,0,0,0,0,5792,0.0,0
366,2,0.0,0.0,0.0,0.0,0.0,2.0,0,0,64,0.0,0,0,0,0,0,0,14480,0.0,0
339,2,0.0,0.0,0.0,0.0,0.0,4.0,0,0,64,0.0,0,0,0,0,0,0,14480,0.0,0
1097,2,45.0,0.0,61.0,61.0,0.0,7.0,0,0,16,51.4,0,0,0,0,0,0,0,0.0,0
390,2,0.0,0.0,0.0,0.0,0.0,3.0,0,0,64,0.0,0,0,0,0,0,0,10136,0.0,0
379,2,0.0,0.0,0.0,0.0,0.0,5.0,0,0,64,0.0,0,0,0,0,0,0,20272,0.0,0
319,2,0.0,0.0,0.0,0.0,0.0,3.0,0,0,64,0.0,0,0,0,0,0,0,14480,0.0,0
9532,35,0.0,21.883828750570903,1300.0,408.7428571428571,451.9418602826669,0.0,0,0,1128,210.8571428571429,4,0,0,0,0,0,14480,0.0,0
318,2,0.0,0.0,0.0,0.0,0.0,3.0,0,0,64,0.0,0,0,0,0,0,0,14480,0.0,0
1090,2,37.0,0.0,53.0,53.0,0.0,8.0,0,0,16,43.4,0,0,0,0,0,0,0,0.0,0
163,2,0.0,0.0,0.0,0.0,0.0,3.0,0,0,64,0.0,0,0,0,0,0,0,5792,0.0,0
118,2,0.0,0.0,0.0,0.0,0.0,3.0,0,0,64,0.0,0,0,0,0,0,0,5792,0.0,0
62034,55,0.0,18.865591749571376,1300.0,702.7636363636362,1889.410353724284,1.0,0,0,1768,355.65454545454554,4,0,0,0,0,0,14480,0.0,0
1059,2,45.0,0.0,61.0,61.0,0.0,9.0,0,0,16,51.4,0,0,0,0,0,0,0,0.0,0
969,2,45.0,0.0,61.0,61.0,0.0,4.0,0,0,16,51.4,0,0,0,0,0,0,0,0.0,0
1004295,15,0.0,122.41532220727564,1448.0,614.9333333333334,333018.5298051913,2.0,0,0,488,391.2307692307692,4,0,0,0,0,0,8688,0.0,0
320,2,0.0,0.0,0.0,0.0,0.0,2.0,0,0,64,0.0,0,0,0,0,0,0,5792,0.0,0
7823,23,0.0,81.21193845345906,433.0,45.73913043478261,688.9656413572162,1.0,0,0,744,42.22727272727273,4,0,0,0,0,0,13032,0.0,0
354,2,0.0,0.0,0.0,0.0,0.0,3.0,0,0,64,0.0,0,0,0,0,0,0,8688,0.0,0
18472,47,0.0,20.08417070838321,1300.0,654.5957446808511,509.7835646902348,1.0,0,0,1512,332.29787234042567,4,0,0,0,0,0,14480,0.0,0
315,2,0.0,0.0,0.0,0.0,0.0,5.0,0,0,64,0.0,0,0,0,0,0,0,10136,0.0,0
362,2,0.0,0.0,0.0,0.0,0.0,1.0,0,0,64,0.0,0,0,0,0,0,0,47784,0.0,0
1009290,15,0.0,116.7156607081734,1448.0,614.9333333333334,301282.0119827933,2.0,0,0,488,363.28571428571433,4,0,0,0,0,0,8688,0.0,0
356,2,0.0,0.0,0.0,0.0,0.0,5.0,0,0,64,0.0,0,0,0,0,0,0,30408,0.0,0
359164,3,0.0,333.07656777383784,0.0,0.0,75128.9951064168,7.0,0,0,76,129.0,4,0,0,0,0,0,16383,0.0,1
15484,35,0.0,21.883828750570903,1300.0,403.37142857142857,803.8616610311487,0.0,0,0,1128,208.1714285714285,4,0,0,0,0,0,14480,0.0,0
320,2,0.0,0.0,0.0,0.0,0.0,2.0,0,0,64,0.0,0,0,0,0,0,0,14480,0.0,0
10360806,435,0.0,26.99473547012916,1448.0,1207.8896551724142,554594.7154195685,1.0,0,0,13928,793.2379518072295,4,0,0,0,1278,525432,34752,38825.0,0
5159,15,0.0,294.9078952260632,192.0,100.8,443.8653056094941,2.0,0,0,488,148.74999999999997,4,0,0,0,0,0,14480,0.0,0
1299278,17,0.0,6.982646557085391,1117.0,143.8823529411765,88958.98777367393,2.0,0,0,356,73.4857142857143,4,0,0,0,0,0,16383,0.0,1
320,2,0.0,0.0,0.0,0.0,0.0,1.0,0,0,64,0.0,0,0,0,0,0,0,14480,0.0,0
1062,2,45.0,0.0,61.0,61.0,0.0,7.0,0,0,16,51.4,0,0,0,0,0,0,0,0.0,0
473542,435,0.0,27.10925054466486,1448.0,1207.8896551724142,2854.5622691565263,1.0,0,0,13928,795.6344410876136,4,0,0,0,0,0,34752,0.0,0
308,2,0.0,0.0,0.0,0.0,0.0,2.0,0,0,64,0.0,0,0,0,0,0,0,5792,0.0,0
28092,39,0.0,721.4199648708689,287.0,30.461538461538467,838.5037973660459,2.0,0,0,1256,398.9555555555556,4,0,0,0,0,0,30408,0.0,0
1117,2,45.0,0.0,61.0,61.0,0.0,6.0,0,0,16,51.4,0,0,0,0,0,0,0,0.0,0
417896,27,0.0,261.1112819057452,192.0,55.99999999999999,15508.282180069677,4.0,0,0,872,89.77777777777779,4,0,0,0,0,0,14480,0.0,0
59486,61,0.0,17.829381154819387,1300.0,859.0819672131145,1504.3517647945368,1.0,0,0,1960,426.4032258064515,4,0,0,0,0,0,14480,0.0,0
1060,2,45.0,0.0,61.0,61.0,0.0,8.0,0,0,16,51.4,0,0,0,0,0,0,0,0.0,0
809007,5,0.0,65.37222481893804,187.0,74.8,112600.39574078831,3.0,0,0,116,57.60000000000001,4,0,0,0,0,0,16383,0.0,1
320,2,0.0,0.0,0.0,0.0,0.0,2.0,0,0,64,0.0,0,0,0,0,0,0,14480,0.0,0
322,2,0.0,0.0,0.0,0.0,0.0,2.0,0,0,64,0.0,0,0,0,0,0,0,30408,0.0,0
51151,47,0.0,20.08417070838321,1300.0,593.7872340425531,1892.087140026734,1.0,0,0,1512,301.8936170212765,4,0,0,0,0,0,14480,0.0,0
1618958,17,0.0,509.8667762317431,0.0,0.0,103556.56553156264,1.0,0,0,356,1039.3277310924373,4,0,0,0,0,0,16383,0.0,1
1032,2,45.0,0.0,61.0,61.0,0.0,6.0,0,0,16,51.4,0,0,0,0,0,0,0,0.0,0
2093181,51,0.0,6.658307684726639,54.0,18.15686274509805,104370.16298622136,1.0,0,0,1640,11.254901960784316,4,0,0,0,0,0,20272,0.0,0
1006248,15,0.0,116.7156607081734,1448.0,614.9333333333334,301055.67036806274,2.0,0,0,488,363.28571428571433,4,0,0,0,0,0,8688,0.0,0
327,2,0.0,0.0,0.0,0.0,0.0,2.0,0,0,64,0.0,0,0,0,0,0,0,14480,0.0,0
2336,4,88.0,18.475208614068023,72.0,48.0,713.3178347225963,5.0,0,0,32,77.33333333333333,0,0,0,0,0,0,0,0.0,0
359,2,0.0,0.0,0.0,0.0,0.0,3.0,0,0,64,0.0,0,0,0,0,0,0,14480,0.0,0
1070,2,45.0,0.0,61.0,61.0,0.0,9.0,0,0,16,51.4,0,0,0,0,0,0,0,0.0,0
322,2,0.0,0.0,0.0,0.0,0.0,2.0,0,0,64,0.0,0,0,0,0,0,0,14480,0.0,0
2957317,743,0.0,18.257635608033578,1448.0,1411.9650067294754,16050.254695570697,1.0,0,0,23784,971.818518518519,4,0,0,0,0,0,7240,0.0,0
220905,325,0.0,30.66097100843114,1448.0,1203.6492307692306,1813.4540253755613,1.0,0,0,10408,784.5880000000001,4,0,0,0,0,0,27512,0.0,0
1378604,17,0.0,458.5328305859311,136.0,60.58823529411763,107300.4063124811,1.0,0,0,356,138.05405405405403,4,0,0,0,0,0,16383,0.0,1
76656,2,0.0,0.0,0.0,0.0,26206.08441755464,8.0,0,0,40,0.0,0,0,0,0,0,0,16383,0.0,0
313,2,0.0,0.0,0.0,0.0,0.0,2.0,0,0,64,0.0,0,0,0,0,0,0,10136,0.0,0
181625,43,0.0,20.774325260080392,1300.0,544.4651162790697,6700.281648703375,1.0,0,0,1384,277.6976744186046,4,0,0,0,0,0,14480,0.0,0
1304355,435,0.0,27.10925054466486,1448.0,1207.8896551724142,8507.28602024628,1.0,0,0,13928,795.6344410876133,4,0,0,0,0,0,34752,0.0,0
338,2,0.0,0.0,0.0,0.0,0.0,4.0,0,0,64,0.0,0,0,0,0,0,0,14480,0.0,0
125927,2,0.0,0.0,0.0,0.0,47251.70354600985,8.0,0,0,40,0.0,0,0,0,0,0,0,16383,0.0,1
338,2,0.0,0.0,0.0,0.0,0.0,22.0,0,0,64,0.0,0,0,0,0,0,0,14480,0.0,0
332,2,0.0,0.0,0.0,0.0,0.0,2.0,0,0,64,0.0,0,0,0,0,0,0,10136,0.0,0
556485,5,0.0,120.3206826221771,0.0,0.0,60990.39617431584,1.0,0,0,116,38.833333333333336,4,0,0,0,0,0,16383,0.0,1
224203,5,0.0,718.7496213437738,0.0,0.0,55318.687108727856,2.0,0,0,168,481.88235294117646,4,0,0,0,0,0,10136,0.0,0
49181,69,0.0,17.367976855311046,1300.0,807.5072463768118,1006.3066066256652,1.0,0,0,2216,413.1470588235293,4,0,0,0,0,0,14480,0.0,0
1565268,35,0.0,718.1857527897668,287.0,33.94285714285714,68080.14641852789,2.0,0,0,1128,415.2093023255813,4,0,0,0,0,0,30408,0.0,0
1136,2,45.0,0.0,61.0,61.0,0.0,11.0,0,0,16,51.4,0,0,0,0,0,0,0,0.0,0
323,2,0.0,0.0,0.0,0.0,0.0,3.0,0,0,64,0.0,0,0,0,0,0,0,14480,0.0,0
15367,47,0.0,20.08417070838321,1300.0,593.7446808510639,519.6493057919937,0.0,0,0,1512,301.872340425532,4,0,0,0,0,0,14480,0.0,0
390,2,0.0,0.0,0.0,0.0,0.0,2.0,0,0,64,0.0,0,0,0,0,0,0,47784,0.0,0
367,2,0.0,0.0,0.0,0.0,0.0,2.0,0,0,64,0.0,0,0,0,0,0,0,47784,0.0,0
54120,51,0.0,19.15157448957825,1300.0,700.3529411764705,1788.7202052162936,1.0,0,0,1640,347.96153846153845,4,0,0,0,0,0,14480,0.0,0
318,2,0.0,0.0,0.0,0.0,0.0,2.0,0,0,64,0.0,0,0,0,0,0,0,14480,0.0,0
75986,2,0.0,0.0,0.0,0.0,30160.225537949813,2.0,0,0,40,0.0,0,0,0,0,0,0,16383,0.0,1
5266,4,114.0,0.0,48.0,48.0,2052.19305459631,4.0,0,0,32,84.66666666666667,0,0,0,0,0,0,0,0.0,0
673368,35,0.0,718.6423708235253,287.0,33.94285714285714,37296.570900799095,2.0,0,0,1128,415.5581395348838,4,0,0,0,0,0,30408,0.0,0
35517,47,0.0,19.65548687392932,1300.0,639.1914893617022,1382.9787924635866,1.0,0,0,1512,324.4255319148936,4,0,0,0,0,0,14480,0.0,0
60969,2,0.0,0.0,0.0,0.0,43107.35070147549,13.0,0,0,40,0.0,0,0,0,0,0,0,16383,0.0,0
951,2,45.0,0.0,61.0,61.0,0.0,6.0,0,0,16,51.4,0,0,0,0,0,0,0,0.0,0
1882141,15,0.0,18.784422947073605,45.0,11.333333333333332,258445.3973572669,2.0,0,0,316,13.48148148148148,4,0,0,0,0,0,16383,0.0,1
356,2,0.0,0.0,0.0,0.0,0.0,2.0,0,0,64,0.0,0,0,0,0,0,0,14480,0.0,0
354,2,0.0,0.0,0.0,0.0,0.0,6.0,0,0,64,0.0,0,0,0,0,0,0,13032,0.0,0
137,2,0.0,0.0,0.0,0.0,0.0,4.0,0,0,64,0.0,0,0,0,0,0,0,5792,0.0,0
378,2,0.0,0.0,0.0,0.0,0.0,2.0,0,0,64,0.0,0,0,0,0,0,0,14480,0.0,0
318,2,0.0,0.0,0.0,0.0,0.0,2.0,0,0,64,0.0,0,0,0,0,0,0,7240,0.0,0
1373215,19,0.0,719.6400570873649,135.0,58.31578947368421,77705.93002428129,1.0,0,0,396,557.7454545454544,4,0,0,0,0,0,16383,0.0,1
836327,5,0.0,21.957751641342,0.0,0.0,185295.778602392,7.0,0,0,116,6.923076923076923,4,0,0,0,0,0,16383,0.0,1
372792,3,0.0,123.93546707863734,0.0,0.0,72560.81840980021,8.0,0,0,76,47.99999999999999,4,0,0,0,0,0,16383,0.0,1
4586,15,0.0,217.57389549300257,192.0,100.8,329.3472910094117,3.0,0,0,488,134.0,4,0,0,0,0,0,14480,0.0,0
181593,19,0.0,240.79902080584264,192.0,79.57894736842105,11657.351153590967,3.0,0,0,616,113.2,4,0,0,0,0,0,14480,0.0,0
311,2,0.0,0.0,0.0,0.0,0.0,4.0,0,0,64,0.0,0,0,0,0,0,0,10136,0.0,0
1708,4,88.0,16.165807537309526,72.0,48.0,770.4740964713436,2.0,0,0,32,76.44444444444444,0,0,0,0,0,0,0,0.0,0
688359,15,0.0,99.13316607162618,277.0,46.66666666666666,78931.03838916797,1.0,0,0,488,46.66666666666666,4,0,0,0,0,0,10136,0.0,0
312,2,0.0,0.0,0.0,0.0,0.0,4.0,0,0,64,0.0,0,0,0,0,0,0,14480,0.0,0
18565642,855,0.0,19.48089121417741,1448.0,1228.261988304093,524419.2054274377,1.0,0,0,27368,798.194233687405,4,0,0,0,928,525082,59368,5523240.0,0
548,2,0.0,0.0,0.0,0.0,0.0,6.0,0,0,64,0.0,0,0,0,0,0,0,14480,0.0,0
1099601,15,0.0,116.7156607081734,1448.0,614.9333333333334,299459.45999195403,2.0,0,0,488,363.28571428571433,4,0,0,0,0,0,8688,0.0,0
123,2,0.0,0.0,0.0,0.0,0.0,3.0,0,0,64,0.0,0,0,0,0,0,0,14480,0.0,0
383,2,0.0,0.0,0.0,0.0,0.0,3.0,0,0,64,0.0,0,0,0,0,0,0,8688,0.0,0
342,2,0.0,0.0,0.0,0.0,0.0,3.0,0,0,64,0.0,0,0,0,0,0,0,34752,0.0,0
236410,2,0.0,0.0,0.0,0.0,28846.421138505208,5.0,0,0,40,0.0,0,0,0,0,0,0,16383,0.0,1
1182429,19,0.0,13.777258997967484,101.0,36.73684210526315,84851.65915394036,2.0,0,0,396,23.94871794871796,4,0,0,0,0,0,16383,0.0,1
257720,3,0.0,110.27670824318425,0.0,0.0,49091.17979705383,7.0,0,0,76,41.09090909090909,4,0,0,0,0,0,16383,0.0,1
363,2,0.0,0.0,0.0,0.0,0.0,2.0,0,0,64,0.0,0,0,0,0,0,0,14480,0.0,0
1036,2,45.0,0.0,61.0,61.0,0.0,8.0,0,0,16,51.4,0,0,0,0,0,0,0,0.0,0
671316,4,114.0,0.0,48.0,48.0,188761.4950857298,2.0,0,0,32,84.66666666666667,0,0,0,0,0,0,0,0.0,0
1689,4,88.0,16.165807537309526,72.0,48.0,755.4629926960905,5.0,0,0,32,76.44444444444444,0,0,0,0,0,0,0,0.0,0
17349,39,0.0,20.70123246671622,1316.0,546.7692307692307,615.2527288666566,1.0,0,0,1256,272.225,4,0,0,0,0,0,14480,0.0,0
1210543,15,0.0,116.7156607081734,1448.0,614.9333333333334,348346.87556752184,2.0,0,0,488,363.28571428571433,4,0,0,0,948,9224,8688,0.0,0
220268,2,0.0,0.0,0.0,0.0,42229.83118602299,8.0,0,0,40,0.0,0,0,0,0,0,0,16383,0.0,1
1045,2,45.0,0.0,61.0,61.0,0.0,9.0,0,0,16,51.4,0,0,0,0,0,0,0,0.0,0
9,0,79.0,0.0,0.0,0.0,0.0,0.0,0,0,0,79.0,0,0,0,0,0,0,0,0.0,1
2163,4,88.0,13.856406460551018,72.0,48.0,911.0587247812294,7.0,0,0,32,75.55555555555556,0,0,0,0,0,0,0,0.0,0
349,2,0.0,0.0,0.0,0.0,0.0,5.0,0,0,64,0.0,0,0,0,0,0,0,30408,0.0,0
355,2,0.0,0.0,0.0,0.0,0.0,2.0,0,0,64,0.0,0,0,0,0,0,0,10136,0.0,0
86723,2,0.0,0.0,0.0,0.0,41666.26708141731,1.0,0,0,40,0.0,0,0,0,0,0,0,16383,0.0,1
26081,39,0.0,718.735131594216,287.0,30.461538461538467,796.328319015886,2.0,0,0,1256,397.1555555555557,4,0,0,0,0,0,30408,0.0,0
953328,67,0.0,61.84480161807851,1448.0,979.910447761194,138624.73973994545,1.0,0,0,2152,615.0185185185184,4,0,0,0,0,0,13032,0.0,0
5530,21,0.0,81.14771950555593,381.0,57.52380952380953,387.8051793656928,2.0,0,0,680,47.95454545454546,4,0,0,0,0,0,13032,0.0,0
88326,4,114.0,0.0,52.0,50.0,42123.76455557282,4.0,0,0,32,85.55555555555556,0,0,0,0,0,0,0,0.0,0
310,2,0.0,0.0,0.0,0.0,0.0,4.0,0,0,64,0.0,0,0,0,0,0,0,14480,0.0,0
882693,167,0.0,42.01976825073164,1448.0,1154.8742514970063,17887.75214433954,1.0,0,0,5352,751.0387596899224,4,0,0,0,0,0,18824,0.0,0
592300,4,114.0,0.0,52.0,50.0,296765.8325958926,3.0,0,0,32,85.55555555555556,0,0,0,0,0,0,0,0.0,0
1005503,15,0.0,122.41532220727564,1448.0,614.9333333333334,333012.43878974614,1.0,0,0,488,391.2307692307692,4,0,0,0,0,0,8688,0.0,0
1938240,9,0.0,226.94241805160863,34.0,19.33333333333333,473739.3495943999,1.0,0,0,196,65.47368421052632,4,0,0,0,1070,174,16383,0.0,1
1407,2,45.0,0.0,61.0,61.0,0.0,3.0,0,0,16,51.4,0,0,0,0,0,0,0,0.0,0
22143,37,0.0,719.3337234651839,287.0,32.108108108108105,651.2914159601686,1.0,0,0,1192,406.6136363636364,4,0,0,0,0,0,30408,0.0,0
321,2,0.0,0.0,0.0,0.0,0.0,2.0,0,0,64,0.0,0,0,0,0,0,0,5792,0.0,0
1113877,9,0.0,0.0,1448.0,910.2222222222222,415501.87401526846,3.0,0,0,296,512.0,4,0,0,0,0,0,5792,0.0,0
401,2,0.0,0.0,0.0,0.0,0.0,2.0,0,0,64,0.0,0,0,0,0,0,0,14480,0.0,0
37667,55,0.0,18.865591749571376,1300.0,702.7636363636362,1289.28144302645,1.0,0,0,1768,355.65454545454554,4,0,0,0,0,0,14480,0.0,0
318,2,0.0,0.0,0.0,0.0,0.0,2.0,0,0,64,0.0,0,0,0,0,0,0,14480,0.0,0
372,2,0.0,0.0,0.0,0.0,0.0,2.0,0,0,64,0.0,0,0,0,0,0,0,10136,0.0,0
37203,2,0.0,0.0,0.0,0.0,18057.385871160863,6.0,0,0,40,0.0,0,0,0,0,0,0,16383,0.0,1
351,2,0.0,0.0,0.0,0.0,0.0,1.0,0,0,64,0.0,0,0,0,0,0,0,7240,0.0,0
380,2,0.0,0.0,0.0,0.0,0.0,3.0,0,0,64,0.0,0,0,0,0,0,0,10136,0.0,0
2378,2,0.0,0.0,0.0,0.0,0.0,5.0,0,0,64,0.0,0,0,0,0,0,0,8688,0.0,0
475105,3,0.0,129.7947097021549,0.0,0.0,99157.84861404904,7.0,0,0,76,48.36363636363637,4,0,0,0,0,0,16383,0.0,1
382,2,0.0,0.0,0.0,0.0,0.0,7.0,0,0,64,0.0,0,0,0,0,0,0,8688,0.0,0
662785,5,0.0,30.983866769659336,0.0,0.0,35283.46052047616,4.0,0,0,116,9.999999999999998,4,0,0,0,0,0,16383,0.0,1
5,0,884.0,0.0,0.0,0.0,0.0,0.0,0,0,0,884.0,0,0,0,0,0,0,0,0.0,1
324,2,0.0,0.0,0.0,0.0,0.0,3.0,0,0,64,0.0,0,0,0,0,0,0,14480,0.0,0
476406,35,0.0,719.5914940904644,287.0,33.94285714285714,31078.708902944785,3.0,0,0,1128,416.2558139534884,4,0,0,0,0,0,30408,0.0,0
1007378,15,0.0,116.7156607081734,1448.0,614.9333333333334,301182.04893953784,2.0,0,0,488,363.28571428571433,4,0,0,0,0,0,8688,0.0,0
335,2,0.0,0.0,0.0,0.0,0.0,2.0,0,0,64,0.0,0,0,0,0,0,0,14480,0.0,0
207883,3,0.0,7.229568912920511,0.0,0.0,46241.88281417616,8.0,0,0,76,2.8,4,0,0,0,0,0,16383,0.0,1
343,2,0.0,0.0,0.0,0.0,0.0,2.0,0,0,64,0.0,0,0,0,0,0,0,13032,0.0,0
358,2,0.0,0.0,0.0,0.0,0.0,4.0,0,0,64,0.0,0,0,0,0,0,0,7240,0.0,0
407527,3,0.0,137.60191028574317,0.0,0.0,87688.10116410702,8.0,0,0,76,51.27272727272728,4,0,0,0,0,0,16383,0.0,1
352,2,0.0,0.0,0.0,0.0,0.0,5.0,0,0,64,0.0,0,0,0,0,0,0,14480,0.0,0
1401363,37,0.0,718.6423708235253,287.0,32.108108108108105,65351.83856286499,1.0,0,0,1192,406.1136363636364,4,0,0,0,0,0,30408,0.0,0
11133,23,0.0,77.64811290192078,1045.0,132.8695652173913,396.50453669415634,3.0,0,0,744,83.1304347826087,4,0,0,0,0,0,13032,0.0,0
100168,4,88.0,23.09401076758504,72.0,48.0,48491.36043667985,8.0,0,0,32,79.11111111111111,0,0,0,0,0,0,0,0.0,0
391047,27,0.0,254.855132303704,192.0,55.99999999999999,13918.06841387602,2.0,0,0,872,88.8888888888889,4,0,0,0,0,0,14480,0.0,0
1829,4,88.0,18.475208614068023,72.0,48.0,782.8869650211325,4.0,0,0,32,77.33333333333333,0,0,0,0,0,0,0,0.0,0
302,2,0.0,0.0,0.0,0.0,0.0,2.0,0,0,64,0.0,0,0,0,0,0,0,30408,0.0,0
799036,23,0.0,166.09084107103777,848.0,183.3913043478261,79043.36007556686,2.0,0,0,744,118.37735849056604,4,0,0,0,0,0,14480,0.0,0
339,2,0.0,0.0,0.0,0.0,0.0,3.0,0,0,64,0.0,0,0,0,0,0,0,5792,0.0,0
387,2,0.0,0.0,0.0,0.0,0.0,3.0,0,0,64,0.0,0,0,0,0,0,0,8688,0.0,0
363,2,0.0,0.0,0.0,0.0,0.0,5.0,0,0,64,0.0,0,0,0,0,0,0,30408,0.0,0
19115,39,0.0,21.08021663617728,1300.0,536.6666666666666,723.6959972228645,1.0,0,0,1256,274.1538461538462,4,0,0,0,0,0,14480,0.0,0
82552,53,0.0,19.681667209175394,1300.0,717.2075471698113,2155.3038253591635,1.0,0,0,1704,363.188679245283,4,0,0,0,0,0,14480,0.0,0
309,2,0.0,0.0,0.0,0.0,0.0,4.0,0,0,64,0.0,0,0,0,0,0,0,14480,0.0,0
323,2,0.0,0.0,0.0,0.0,0.0,6.0,0,0,64,0.0,0,0,0,0,0,0,14480,0.0,0
620437,7,0.0,80.51175601825399,413.0,118.0,165415.95300413642,1.0,0,0,156,77.06666666666668,4,0,0,0,0,0,16383,0.0,1
1037261,5,0.0,30.983866769659336,0.0,0.0,129046.87239022882,2.0,0,0,116,9.999999999999998,4,0,0,0,0,0,16383,0.0,1
319,2,0.0,0.0,0.0,0.0,0.0,2.0,0,0,64,0.0,0,0,0,0,0,0,14480,0.0,0
780627,5,0.0,30.983866769659336,0.0,0.0,61941.725470800375,4.0,0,0,116,9.999999999999998,4,0,0,0,0,0,16383,0.0,1
19496,43,0.0,20.337683508684545,1300.0,580.1395348837208,838.9206698156283,1.0,0,0,1384,295.3488372093024,4,0,0,0,0,0,14480,0.0,0
52463,2,0.0,0.0,0.0,0.0,20819.34495847552,1.0,0,0,40,0.0,0,0,0,0,0,0,16383,0.0,1
1710197,435,0.0,26.76998244291596,1448.0,1207.8896551724142,80359.36028092563,1.0,0,0,13928,788.4880239520961,4,0,0,0,1278,525432,34752,0.0,0
345,2,0.0,0.0,0.0,0.0,0.0,2.0,0,0,64,0.0,0,0,0,0,0,0,8688,0.0,0
10,0,536.0,0.0,0.0,0.0,0.0,0.0,0,0,0,536.0,0,0,0,0,0,0,0,0.0,1
747623,17,0.0,666.376143962376,132.0,57.64705882352941,43613.764388709285,1.0,0,0,356,321.55555555555554,4,0,0,0,0,0,16383,0.0,1
6363,23,0.0,77.92059450247443,433.0,45.65217391304349,438.4287366754797,1.0,0,0,744,40.04347826086957,4,0,0,0,0,0,13032,0.0,0
30695,39,0.0,719.2698111449483,287.0,30.461538461538467,982.673101885906,2.0,0,0,1256,397.5333333333334,4,0,0,0,0,0,30408,0.0,0
332,2,0.0,0.0,0.0,0.0,0.0,2.0,0,0,64,0.0,0,0,0,0,0,0,8688,0.0,0
21493,59,0.0,18.83709254785309,1300.0,697.864406779661,479.9857512766097,1.0,0,0,1896,353.0508474576271,4,0,0,0,0,0,14480,0.0,0
149,2,0.0,0.0,0.0,0.0,0.0,4.0,0,0,64,0.0,0,0,0,0,0,0,52128,0.0,0
341479,39,0.0,717.5955884559412,287.0,30.461538461538467,20308.92216942281,2.0,0,0,1256,396.31111111111113,4,0,0,0,0,0,30408,0.0,0
124268,4,114.0,0.0,48.0,48.0,62901.44585248683,2.0,0,0,32,84.66666666666667,0,0,0,0,0,0,0,0.0,0
315,2,0.0,0.0,0.0,0.0,0.0,2.0,0,0,64,0.0,0,0,0,0,0,0,14480,0.0,0
3651,9,0.0,65.29726895769328,776.0,180.88888888888889,335.8731572748525,3.0,0,0,296,103.0,4,0,0,0,0,0,10136,0.0,0
329,2,0.0,0.0,0.0,0.0,0.0,3.0,0,0,64,0.0,0,0,0,0,0,0,14480,0.0,0
357,2,0.0,0.0,0.0,0.0,0.0,2.0,0,0,64,0.0,0,0,0,0,0,0,14480,0.0,0
14505,35,0.0,21.883828750570903,1300.0,442.3428571428572,606.0275943187386,0.0,0,0,1128,227.65714285714293,4,0,0,0,0,0,14480,0.0,0
833886,17,0.0,5.713117002333572,1325.0,168.23529411764707,54914.977974403,1.0,0,0,356,84.85714285714283,4,0,0,0,0,0,16383,0.0,1
1182542,15,0.0,122.41532220727564,1448.0,614.9333333333334,352645.5301562668,2.0,0,0,488,391.2307692307692,4,0,0,0,948,9224,8688,0.0,0
348,2,0.0,0.0,0.0,0.0,0.0,3.0,0,0,64,0.0,0,0,0,0,0,0,14480,0.0,0
1003,2,45.0,0.0,61.0,61.0,0.0,7.0,0,0,16,51.4,0,0,0,0,0,0,0,0.0,0
343,2,0.0,0.0,0.0,0.0,0.0,1.0,0,0,64,0.0,0,0,0,0,0,0,7240,0.0,0
326,2,0.0,0.0,0.0,0.0,0.0,4.0,0,0,64,0.0,0,0,0,0,0,0,14480,0.0,0
7,0,24.0,0.0,0.0,0.0,0.0,0.0,0,0,0,24.0,0,0,0,0,0,0,0,0.0,1
310919,39,0.0,719.3337234651839,287.0,30.461538461538467,19015.04730843462,1.0,0,0,1256,397.5777777777778,4,0,0,0,0,0,30408,0.0,0
630411,7,0.0,0.0,1460.0,475.1428571428572,242005.7459488308,5.0,0,0,156,255.84615384615387,4,0,0,0,0,0,16383,0.0,1
1174,2,45.0,0.0,61.0,61.0,0.0,7.0,0,0,16,51.4,0,0,0,0,0,0,0,0.0,0
222315,5,0.0,718.7496213437738,0.0,0.0,55511.22174439648,2.0,0,0,168,481.88235294117646,4,0,0,0,0,0,10136,0.0,0
4465,4,114.0,0.0,52.0,50.0,1994.745430708724,4.0,0,0,32,85.55555555555556,0,0,0,0,0,0,0,0.0,0
1067,2,37.0,0.0,53.0,53.0,0.0,3.0,0,0,16,43.4,0,0,0,0,0,0,0,0.0,0
8,0,766.0,0.0,0.0,0.0,0.0,0.0,0,0,0,766.0,0,0,0,0,0,0,0,0.0,1
1004818,15,0.0,122.41532220727564,1448.0,614.9333333333334,332830.55029849644,2.0,0,0,488,391.2307692307692,4,0,0,0,0,0,8688,0.0,0
28230,51,0.0,6.658307684726639,54.0,18.15686274509805,1217.1119840148865,1.0,0,0,1640,11.254901960784316,4,0,0,0,0,0,20272,0.0,0
12,0,265.0,0.0,0.0,0.0,0.0,0.0,0,0,0,265.0,0,0,0,0,0,0,0,0.0,1
15332,45,0.0,19.989267733569253,1300.0,593.6444444444445,533.5697008752815,1.0,0,0,1448,301.8666666666666,4,0,0,0,0,0,14480,0.0,0
209715,21,0.0,212.2378800990006,192.0,72.0,11921.47131160132,2.0,0,0,680,99.45454545454548,4,0,0,0,0,0,14480,0.0,0
773285,123,0.0,27.08393427473785,1448.0,66.65040650406506,11152.92918473251,1.0,0,0,3944,39.59836065573771,4,0,0,0,0,0,47784,0.0,0
63994,5,0.0,0.0,741.0,296.4,376.432375511636,6.0,0,0,168,148.20000000000002,4,0,0,0,0,0,5792,0.0,0
366,2,0.0,0.0,0.0,0.0,0.0,3.0,0,0,64,0.0,0,0,0,0,0,0,7240,0.0,0
1020751,5,0.0,21.957751641342,0.0,0.0,293841.9785959794,1.0,0,0,116,6.923076923076923,4,0,0,0,0,0,16383,0.0,0
382941,27,0.0,184.23904204968235,192.0,55.99999999999999,13924.607259931365,3.0,0,0,872,78.66666666666667,4,0,0,0,0,0,14480,0.0,0
145796,3,0.0,640.0171314671417,0.0,0.0,29674.877412993475,8.0,0,0,76,302.83333333333337,4,0,0,0,0,0,16383,0.0,1
223286,5,0.0,718.7496213437738,0.0,0.0,55542.65847166482,4.0,0,0,168,481.88235294117646,4,0,0,0,0,0,10136,0.0,0
318,2,0.0,0.0,0.0,0.0,0.0,2.0,0,0,64,0.0,0,0,0,0,0,0,5792,0.0,0
359,2,0.0,0.0,0.0,0.0,0.0,2.0,0,0,64,0.0,0,0,0,0,0,0,8688,0.0,0
330,2,0.0,0.0,0.0,0.0,0.0,2.0,0,0,64,0.0,0,0,0,0,0,0,14480,0.0,0
19135,15,0.0,99.13316607162618,277.0,46.66666666666666,2346.796463484987,1.0,0,0,488,46.66666666666666,4,0,0,0,0,0,10136,0.0,0
381,2,0.0,0.0,0.0,0.0,0.0,2.0,0,0,64,0.0,0,0,0,0,0,0,14480,0.0,0
315,2,0.0,0.0,0.0,0.0,0.0,2.0,0,0,64,0.0,0,0,0,0,0,0,10136,0.0,0
385,2,0.0,0.0,0.0,0.0,0.0,5.0,0,0,64,0.0,0,0,0,0,0,0,13032,0.0,0
340,2,0.0,0.0,0.0,0.0,0.0,4.0,0,0,64,0.0,0,0,0,0,0,0,30408,0.0,0
4477981,185,0.0,76.22594931410963,1460.0,1275.6,138690.26524166827,1.0,0,0,3716,1038.2882096069864,4,0,0,0,0,0,16383,0.0,1
623067,5,0.0,510.2010061403904,0.0,0.0,73719.21767558307,3.0,0,0,116,164.66666666666666,4,0,0,0,0,0,16383,0.0,1
323,2,0.0,0.0,0.0,0.0,0.0,2.0,0,0,64,0.0,0,0,0,0,0,0,14480,0.0,0
24331,2,0.0,0.0,0.0,0.0,10093.24219465678,7.0,0,0,40,0.0,0,0,0,0,0,0,16383,0.0,1
985,2,37.0,0.0,53.0,53.0,0.0,2.0,0,0,16,43.4,0,0,0,0,0,0,0,0.0,0
344,2,0.0,0.0,0.0,0.0,0.0,2.0,0,0,64,0.0,0,0,0,0,0,0,14480,0.0,0
252941,3,0.0,26.33628675421044,0.0,0.0,42920.865168353725,10.0,0,0,76,10.2,4,0,0,0,0,0,16383,0.0,0
322,2,0.0,0.0,0.0,0.0,0.0,2.0,0,0,64,0.0,0,0,0,0,0,0,7240,0.0,0
336,2,0.0,0.0,0.0,0.0,0.0,2.0,0,0,64,0.0,0,0,0,0,0,0,14480,0.0,0
346,2,0.0,0.0,0.0,0.0,0.0,2.0,0,0,64,0.0,0,0,0,0,0,0,14480,0.0,0
865089,51,0.0,6.658307684726639,54.0,18.15686274509805,48892.86432159325,1.0,0,0,1640,11.254901960784316,4,0,0,0,0,0,20272,0.0,0
1174915,51,0.0,6.658307684726639,54.0,18.15686274509805,50588.472400047904,1.0,0,0,1640,11.254901960784316,4,0,0,0,0,0,20272,0.0,0
369,2,0.0,0.0,0.0,0.0,0.0,5.0,0,0,64,0.0,0,0,0,0,0,0,13032,0.0,0
44679,21,0.0,84.16331242230629,381.0,58.19047619047619,1338.6414165508488,1.0,0,0,680,50.57142857142857,4,0,0,0,0,0,13032,0.0,0
378,2,0.0,0.0,0.0,0.0,0.0,2.0,0,0,64,0.0,0,0,0,0,0,0,14480,0.0,0
103239,2,0.0,0.0,0.0,0.0,30793.79321389296,8.0,0,0,40,0.0,0,0,0,0,0,0,16383,0.0,1
1044,2,45.0,0.0,61.0,61.0,0.0,7.0,0,0,16,51.4,0,0,0,0,0,0,0,0.0,0
45883,5,0.0,0.0,705.0,282.0,379.0307815116516,4.0,0,0,168,141.00000000000003,4,0,0,0,0,0,5792,0.0,0
342886,5,0.0,0.0,751.0,300.4,420.0226184385788,8.0,0,0,168,150.2,4,0,0,0,0,0,5792,0.0,0
61798,2,0.0,0.0,0.0,0.0,25209.063856081604,3.0,0,0,40,0.0,0,0,0,0,0,0,16383,0.0,0
371,2,0.0,0.0,0.0,0.0,0.0,3.0,0,0,64,0.0,0,0,0,0,0,0,30408,0.0,0
235705,23,0.0,240.32241075503364,1460.0,1148.8695652173913,37158.83147766779,1.0,0,0,476,833.7575757575759,4,0,0,0,0,0,16383,0.0,1
1033433,15,0.0,122.41532220727564,1448.0,614.9333333333334,331956.64595776325,2.0,0,0,488,391.2307692307692,4,0,0,0,0,0,8688,0.0,0
505288,39,0.0,717.9471255615142,287.0,30.461538461538467,23163.97594502361,1.0,0,0,1256,396.5777777777777,4,0,0,0,0,0,30408,0.0,0
996,2,45.0,0.0,61.0,61.0,0.0,9.0,0,0,16,51.4,0,0,0,0,0,0,0,0.0,0
650369,5,0.0,29.277002188455995,0.0,0.0,197062.3604666807,2.0,0,0,116,9.23076923076923,4,0,0,0,0,0,16383,0.0,1
1117,2,45.0,0.0,61.0,61.0,0.0,7.0,0,0,16,51.4,0,0,0,0,0,0,0,0.0,0
71288,2,0.0,0.0,0.0,0.0,34601.56323058252,7.0,0,0,40,0.0,0,0,0,0,0,0,16383,0.0,1
13333,39,0.0,21.523615004105377,1329.0,547.1794871794872,601.3308875621943,0.0,0,0,1256,279.61538461538464,4,0,0,0,0,0,14480,0.0,0
473192,37,0.0,718.704158147687,287.0,32.108108108108105,27198.75285743816,2.0,0,0,1192,406.1590909090911,4,0,0,0,0,0,30408,0.0,0
343,2,0.0,0.0,0.0,0.0,0.0,2.0,0,0,64,0.0,0,0,0,0,0,0,14480,0.0,0
832682,2,0.0,0.0,0.0,0.0,0.0,7.0,0,0,40,0.0,0,0,0,0,0,0,16383,0.0,0
5945,21,0.0,84.16331242230629,381.0,58.19047619047619,431.4445476081703,1.0,0,0,680,50.57142857142857,4,0,0,0,0,0,13032,0.0,0
897357,7,0.0,100.92998123011374,592.0,242.57142857142856,156482.3748682602,5.0,0,0,156,144.94117647058823,4,0,0,0,0,0,16383,0.0,1
338,2,0.0,0.0,0.0,0.0,0.0,5.0,0,0,64,0.0,0,0,0,0,0,0,14480,0.0,0
24482,2,0.0,0.0,0.0,0.0,5934.747214498693,12.0,0,0,40,0.0,0,0,0,0,0,0,16383,0.0,1
161893,2,28.0,0.0,114.0,114.0,0.0,8.0,0,0,16,62.4,0,0,0,0,0,0,0,0.0,1
1207,2,45.0,0.0,61.0,61.0,0.0,10.0,0,0,16,51.4,0,0,0,0,0,0,0,0.0,0
4486,7,0.0,160.0833116432399,148.0,42.285714285714285,379.3319127097007,4.0,0,0,232,65.42857142857143,4,0,0,0,0,0,7240,0.0,0
58108,83,0.0,16.26082202818231,1300.0,900.6746987951806,1006.6777856879186,1.0,0,0,2664,453.2650602409639,4,0,0,0,0,0,14480,0.0,0
1007,2,45.0,0.0,61.0,61.0,0.0,8.0,0,0,16,51.4,0,0,0,0,0,0,0,0.0,0
330,2,0.0,0.0,0.0,0.0,0.0,5.0,0,0,64,0.0,0,0,0,0,0,0,14480,0.0,0
318,2,0.0,0.0,0.0,0.0,0.0,2.0,0,0,64,0.0,0,0,0,0,0,0,10136,0.0,0
26160,4,88.0,18.475208614068023,72.0,48.0,5768.30792636223,7.0,0,0,32,77.33333333333333,0,0,0,0,0,0,0,0.0,0
353,2,0.0,0.0,0.0,0.0,0.0,3.0,0,0,64,0.0,0,0,0,0,0,0,28960,0.0,0
586367,15,0.0,99.13316607162618,277.0,46.66666666666666,74821.4776823936,2.0,0,0,488,46.66666666666666,4,0,0,0,0,0,10136,0.0,0
818324,41,0.0,5.4566133159581724,54.0,20.14634146341464,47791.7423932368,2.0,0,0,1312,11.999999999999998,1,0,0,0,0,0,20272,0.0,0
381,2,0.0,0.0,0.0,0.0,0.0,2.0,0,0,64,0.0,0,0,0,0,0,0,5792,0.0,0
751687,3,0.0,122.9026715196487,0.0,0.0,221492.6307108207,8.0,0,0,76,47.6,4,0,0,0,0,0,16383,0.0,1
1034,2,45.0,0.0,61.0,61.0,0.0,7.0,0,0,16,51.4,0,0,0,0,0,0,0,0.0,0
1034245,15,0.0,122.41532220727564,1448.0,614.9333333333334,331896.6141650054,2.0,0,0,488,391.2307692307692,4,0,0,0,0,0,8688,0.0,0
9,0,24.0,0.0,0.0,0.0,0.0,0.0,0,0,0,24.0,0,0,0,0,0,0,0,0.0,1
314,2,0.0,0.0,0.0,0.0,0.0,2.0,0,0,64,0.0,0,0,0,0,0,0,14480,0.0,0
303281,3,0.0,50.09058461094926,0.0,0.0,78487.53089631499,8.0,0,0,76,19.4,4,0,0,0,0,0,16383,0.0,1
343,2,0.0,0.0,0.0,0.0,0.0,2.0,0,0,64,0.0,0,0,0,0,0,0,8688,0.0,0
321,2,0.0,0.0,0.0,0.0,0.0,5.0,0,0,64,0.0,0,0,0,0,0,0,14480,0.0,0
1401144,51,0.0,6.658307684726639,54.0,18.15686274509805,60361.62774827165,1.0,0,0,1640,11.254901960784316,4,0,0,0,0,0,20272,0.0,0
11,0,4.0,0.0,0.0,0.0,0.0,0.0,0,0,0,4.0,0,0,0,0,0,0,0,0.0,1
62370,2,0.0,0.0,0.0,0.0,32794.90540465089,5.0,0,0,40,0.0,0,0,0,0,0,0,16383,0.0,1
346,2,0.0,0.0,0.0,0.0,0.0,2.0,0,0,64,0.0,0,0,0,0,0,0,8688,0.0,0
315,2,0.0,0.0,0.0,0.0,0.0,4.0,0,0,64,0.0,0,0,0,0,0,0,14480,0.0,0
415195,7,0.0,85.39125638299664,1460.0,743.4285714285713,97111.79403072866,1.0,0,0,156,370.2666666666666,4,0,0,0,0,0,16383,0.0,1
1770,4,88.0,13.856406460551018,72.0,48.0,763.8344061378749,5.0,0,0,32,75.55555555555556,0,0,0,0,0,0,0,0.0,0
1097,2,45.0,0.0,61.0,61.0,0.0,4.0,0,0,16,51.4,0,0,0,0,0,0,0,0.0,0
406184,27,0.0,300.99568103213704,192.0,55.99999999999999,13922.151276892042,2.0,0,0,872,95.40740740740742,4,0,0,0,0,0,14480,0.0,0
1287,2,0.0,0.0,0.0,0.0,0.0,1.0,0,0,64,0.0,0,0,0,0,0,0,8688,0.0,0
366,2,0.0,0.0,0.0,0.0,0.0,2.0,0,0,64,0.0,0,0,0,0,0,0,30408,0.0,0
3,0,40.0,0.0,0.0,0.0,0.0,0.0,0,0,0,40.0,0,0,0,0,0,0,0,0.0,1
352,2,0.0,0.0,0.0,0.0,0.0,2.0,0,0,64,0.0,0,0,0,0,0,0,13032,0.0,0
365,2,0.0,0.0,0.0,0.0,0.0,5.0,0,0,64,0.0,0,0,0,0,0,0,14480,0.0,0
126,2,0.0,0.0,0.0,0.0,0.0,3.0,0,0,64,0.0,0,0,0,0,0,0,10136,0.0,0
2568330,123,0.0,27.07977115121619,1448.0,80.39024390243902,39328.49917146112,0.0,0,0,3944,46.53278688524591,4,0,0,0,0,0,47784,0.0,0
25521,47,0.0,20.08417070838321,1300.0,654.5957446808511,830.863805708471,1.0,0,0,1512,332.29787234042567,4,0,0,0,0,0,14480,0.0,0
2584201,743,0.0,18.36695978278276,1448.0,1411.9650067294754,11102.561698032969,1.0,0,0,23784,975.4312267657996,4,0,0,0,0,0,7240,0.0,0
1006,2,45.0,0.0,61.0,61.0,0.0,2.0,0,0,16,51.4,0,0,0,0,0,0,0,0.0,0
857084,17,0.0,577.7603597801889,108.0,47.52941176470588,55996.25054280538,1.0,0,0,356,202.0,4,0,0,0,0,0,16383,0.0,1
1004415,15,0.0,122.41532220727564,1448.0,614.9333333333334,332841.30270299653,2.0,0,0,488,391.2307692307692,4,0,0,0,0,0,8688,0.0,0
4979,4,114.0,0.0,52.0,52.0,2257.439774021299,8.0,0,0,32,86.44444444444444,0,0,0,0,0,0,0,0.0,0
359,2,0.0,0.0,0.0,0.0,0.0,2.0,0,0,64,0.0,0,0,0,0,0,0,8688,0.0,0
1041,2,37.0,0.0,53.0,53.0,0.0,6.0,0,0,16,43.4,0,0,0,0,0,0,0,0.0,0
620150,5,0.0,30.983866769659336,0.0,0.0,29946.092511377843,1.0,0,0,116,9.999999999999998,4,0,0,0,0,0,16383,0.0,1
4627,9,0.0,65.29726895769328,776.0,180.88888888888889,585.3491360812887,3.0,0,0,296,103.0,4,0,0,0,0,0,10136,0.0,0
380,2,0.0,0.0,0.0,0.0,0.0,4.0,0,0,64,0.0,0,0,0,0,0,0,30408,0.0,0
370,2,0.0,0.0,0.0,0.0,0.0,3.0,0,0,64,0.0,0,0,0,0,0,0,10136,0.0,0
3344,2,45.0,0.0,61.0,61.0,0.0,3.0,0,0,16,51.4,0,0,0,0,0,0,0,0.0,0
389,2,0.0,0.0,0.0,0.0,0.0,5.0,0,0,64,0.0,0,0,0,0,0,0,14480,0.0,0
128,2,0.0,0.0,0.0,0.0,0.0,3.0,0,0,64,0.0,0,0,0,0,0,0,28960,0.0,0
1171384,123,0.0,27.095282647292944,1448.0,72.22764227642276,16722.79144526093,1.0,0,0,3944,42.36885245901639,4,0,0,0,0,0,47784,0.0,0
1068,2,45.0,0.0,61.0,61.0,0.0,9.0,0,0,16,51.4,0,0,0,0,0,0,0,0.0,0
368,2,0.0,0.0,0.0,0.0,0.0,2.0,0,0,64,0.0,0,0,0,0,0,0,14480,0.0,0
660862,21,0.0,74.96295381349674,1460.0,1154.3809523809523,92456.03556246922,1.0,0,0,436,792.967741935484,4,0,0,0,0,0,16383,0.0,1
331,2,0.0,0.0,0.0,0.0,0.0,2.0,0,0,64,0.0,0,0,0,0,0,0,14480,0.0,0
25353,59,0.0,18.32713418813508,1300.0,734.4745762711865,666.8248075280621,1.0,0,0,1896,371.2203389830509,4,0,0,0,0,0,14480,0.0,0
360,2,0.0,0.0,0.0,0.0,0.0,5.0,0,0,64,0.0,0,0,0,0,0,0,47784,0.0,0
49511,77,0.0,16.80879051557521,1300.0,902.9870129870128,967.6321974539446,1.0,0,0,2472,454.6493506493505,4,0,0,0,0,0,14480,0.0,0
366,2,0.0,0.0,0.0,0.0,0.0,2.0,0,0,64,0.0,0,0,0,0,0,0,30408,0.0,0
103340,2,0.0,0.0,0.0,0.0,72498.24406149435,5.0,0,0,40,0.0,0,0,0,0,0,0,16383,0.0,0
3655,9,0.0,65.29726895769328,776.0,180.88888888888889,349.05077631262253,2.0,0,0,296,103.0,4,0,0,0,0,0,10136,0.0,0
328,2,0.0,0.0,0.0,0.0,0.0,2.0,0,0,64,0.0,0,0,0,0,0,0,10136,0.0,0
352,2,0.0,0.0,0.0,0.0,0.0,5.0,0,0,64,0.0,0,0,0,0,0,0,8688,0.0,0
356,2,0.0,0.0,0.0,0.0,0.0,5.0,0,0,64,0.0,0,0,0,0,0,0,5792,0.0,0
45884,5,0.0,0.0,719.0,287.6,406.4545895094965,0.0,0,0,168,143.79999999999998,4,0,0,0,0,0,5792,0.0,0
29442,15,0.0,99.13316607162618,277.0,46.66666666666666,3925.235416751851,1.0,0,0,488,46.66666666666666,4,0,0,0,0,0,10136,0.0,0
555011,11,0.0,556.4373501799863,0.0,0.0,33899.87289536475,2.0,0,0,236,966.9411764705887,4,0,0,0,0,0,16383,0.0,1
1087350,15,0.0,116.7156607081734,1448.0,614.9333333333334,299751.4564151744,4.0,0,0,488,363.28571428571433,4,0,0,0,0,0,8688,0.0,0
172570,23,0.0,81.21193845345906,433.0,45.73913043478261,13231.50509996978,1.0,0,0,744,42.22727272727273,4,0,0,0,0,0,13032,0.0,0
814206,123,0.0,27.090154495466344,1448.0,75.6747967479675,12138.73883885474,1.0,0,0,3944,44.12295081967213,4,0,0,0,0,0,47784,0.0,0
78148,2,0.0,0.0,0.0,0.0,54613.392244943,1.0,0,0,40,0.0,0,0,0,0,0,0,16383,0.0,1
428195,19,0.0,74.52199526165262,1460.0,926.421052631579,97430.16333242052,1.0,0,0,396,618.6206896551723,4,0,0,0,0,0,16383,0.0,1
602016,9,0.0,0.0,1448.0,910.2222222222222,179351.4430139886,5.0,0,0,296,512.0,4,0,0,0,0,0,5792,0.0,0
320,2,0.0,0.0,0.0,0.0,0.0,5.0,0,0,64,0.0,0,0,0,0,0,0,34752,0.0,0
61256,45,0.0,19.989267733569253,1300.0,592.8444444444444,2012.3870131232045,1.0,0,0,1448,301.46666666666664,4,0,0,0,0,0,14480,0.0,0
314,2,0.0,0.0,0.0,0.0,0.0,3.0,0,0,64,0.0,0,0,0,0,0,0,14480,0.0,0
2900172,185,0.0,40.97771478796368,1460.0,1306.7135135135145,104266.52504194118,1.0,0,0,3716,1095.4298642533936,4,0,0,0,0,0,16383,0.0,1
336,2,0.0,0.0,0.0,0.0,0.0,3.0,0,0,64,0.0,0,0,0,0,0,0,10136,0.0,0
33661,2,0.0,0.0,0.0,0.0,15852.626927421208,6.0,0,0,40,0.0,0,0,0,0,0,0,16383,0.0,1
340,2,0.0,0.0,0.0,0.0,0.0,2.0,0,0,64,0.0,0,0,0,0,0,0,14480,0.0,0
1044842,17,0.0,94.36513009463708,1460.0,1024.470588235294,165633.43367875426,2.0,0,0,356,660.8888888888888,4,0,0,0,0,0,16383,0.0,1
24174,39,0.0,719.9845077698349,287.0,30.461538461538467,666.1349376080201,2.0,0,0,1256,398.0222222222224,4,0,0,0,0,0,30408,0.0,0
1076,2,45.0,0.0,61.0,61.0,0.0,10.0,0,0,16,51.4,0,0,0,0,0,0,0,0.0,0
26551,39,0.0,21.08021663617728,1300.0,504.87179487179486,1295.9414024633284,1.0,0,0,1256,258.2564102564103,4,0,0,0,0,0,14480,0.0,0
73197,2,0.0,0.0,0.0,0.0,35457.86954259942,10.0,0,0,40,0.0,0,0,0,0,0,0,16383,0.0,1
8137,23,0.0,166.09084107103777,848.0,183.3913043478261,468.2510971125321,1.0,0,0,744,118.37735849056608,4,0,0,0,0,0,14480,0.0,0
337,2,0.0,0.0,0.0,0.0,0.0,2.0,0,0,64,0.0,0,0,0,0,0,0,14480,0.0,0
23415,2,0.0,0.0,0.0,0.0,7901.918279759669,11.0,0,0,40,0.0,0,0,0,0,0,0,16383,0.0,1
305,2,0.0,0.0,0.0,0.0,0.0,2.0,0,0,64,0.0,0,0,0,0,0,0,14480,0.0,0
328062,3,0.0,86.75482695504614,0.0,0.0,59806.239075032965,2.0,0,0,76,33.599999999999994,4,0,0,0,0,0,16383,0.0,1
370,2,0.0,0.0,0.0,0.0,0.0,1.0,0,0,64,0.0,0,0,0,0,0,0,14480,0.0,0
73300,2,0.0,0.0,0.0,0.0,31174.21666217132,10.0,0,0,40,0.0,0,0,0,0,0,0,16383,0.0,1
583102,357,0.0,29.41845324377061,1448.0,1200.0728291316525,4595.16421549855,1.0,0,0,11432,783.9452554744526,4,0,0,0,0,0,30408,0.0,0
39614,2,0.0,0.0,0.0,0.0,15728.883240713563,2.0,0,0,40,0.0,0,0,0,0,0,0,16383,0.0,1
2390,2,45.0,0.0,61.0,61.0,0.0,4.0,0,0,16,51.4,0,0,0,0,0,0,0,0.0,0
334,2,0.0,0.0,0.0,0.0,0.0,4.0,0,0,64,0.0,0,0,0,0,0,0,13032,0.0,0
981632,19,0.0,722.6947273279105,108.0,41.578947368421055,67654.59741161577,1.0,0,0,396,546.0363636363635,4,0,0,0,0,0,16383,0.0,1
328,2,0.0,0.0,0.0,0.0,0.0,3.0,0,0,64,0.0,0,0,0,0,0,0,14480,0.0,0
326,2,0.0,0.0,0.0,0.0,0.0,3.0,0,0,64,0.0,0,0,0,0,0,0,8688,0.0,0
385,2,0.0,0.0,0.0,0.0,0.0,3.0,0,0,64,0.0,0,0,0,0,0,0,14480,0.0,0
9,0,58.0,0.0,0.0,0.0,0.0,0.0,0,0,0,58.0,0,0,0,0,0,0,0,0.0,1
22316,4,88.0,18.475208614068023,72.0,48.0,3563.117502038536,3.0,0,0,32,77.33333333333333,0,0,0,0,0,0,0,0.0,0
363,2,0.0,0.0,0.0,0.0,0.0,5.0,0,0,64,0.0,0,0,0,0,0,0,5792,0.0,0
389,2,0.0,0.0,0.0,0.0,0.0,3.0,0,0,64,0.0,0,0,0,0,0,0,8688,0.0,0
12,0,168.0,0.0,0.0,0.0,0.0,0.0,0,0,0,168.0,0,0,0,0,0,0,0,0.0,1
118,2,0.0,0.0,0.0,0.0,0.0,3.0,0,0,64,0.0,0,0,0,0,0,0,5792,0.0,0
657728,59,0.0,268.0102335747068,864.0,162.50847457627114,18212.52129175321,1.0,0,0,1896,144.97637795275594,4,0,0,0,0,0,28960,0.0,0
122,2,0.0,0.0,0.0,0.0,0.0,4.0,0,0,64,0.0,0,0,0,0,0,0,14480,0.0,0
347,2,0.0,0.0,0.0,0.0,0.0,3.0,0,0,64,0.0,0,0,0,0,0,0,20272,0.0,0
3726034,19,0.0,13.959124000349838,100.0,37.78947368421053,278809.19172586285,1.0,0,0,396,23.365853658536583,4,0,0,0,240,718,16383,0.0,1
100528,21,0.0,81.21193845345906,433.0,50.095238095238095,11908.755710039712,2.0,0,0,680,44.23809523809524,4,0,0,0,0,0,13032,0.0,0
317,2,0.0,0.0,0.0,0.0,0.0,2.0,0,0,64,0.0,0,0,0,0,0,0,34752,0.0,0
78596,77,0.0,16.80879051557521,1300.0,878.7792207792207,1960.8711269679543,1.0,0,0,2472,442.54545454545456,4,0,0,0,0,0,14480,0.0,0
2351779,48,0.0,6.918355033072268,54.0,18.041666666666664,107502.1579030577,1.0,0,0,1544,11.4468085106383,4,0,0,0,0,0,20272,0.0,0
23890,51,0.0,6.658307684726639,54.0,18.15686274509805,1028.9040508805317,1.0,0,0,1640,11.254901960784316,4,0,0,0,0,0,20272,0.0,0
1099,2,37.0,0.0,53.0,53.0,0.0,7.0,0,0,16,43.4,0,0,0,0,0,0,0,0.0,0
307,2,0.0,0.0,0.0,0.0,0.0,2.0,0,0,64,0.0,0,0,0,0,0,0,14480,0.0,0
1057,2,45.0,0.0,61.0,61.0,0.0,7.0,0,0,16,51.4,0,0,0,0,0,0,0,0.0,0
1015,2,45.0,0.0,61.0,61.0,0.0,4.0,0,0,16,51.4,0,0,0,0,0,0,0,0.0,0
19450,45,0.0,19.989267733569253,1300.0,636.4,573.0091984673887,1.0,0,0,1448,323.2444444444443,4,0,0,0,0,0,14480,0.0,0
1104,2,45.0,0.0,61.0,61.0,0.0,1.0,0,0,16,51.4,0,0,0,0,0,0,0,0.0,0
247295,39,0.0,722.7242113796144,287.0,30.461538461538467,17208.633236297257,1.0,0,0,1256,399.7555555555557,4,0,0,0,0,0,30408,0.0,0
247852,3,0.0,301.5763032246842,0.0,0.0,49488.08011329597,2.0,0,0,76,116.8,4,0,0,0,0,0,16383,0.0,1
71023,47,0.0,20.08417070838321,1300.0,611.0638297872341,2409.309110911091,1.0,0,0,1512,310.531914893617,4,0,0,0,0,0,14480,0.0,0
9071,35,0.0,21.883828750570903,1300.0,412.9714285714285,397.1294680503317,1.0,0,0,1128,212.97142857142853,4,0,0,0,0,0,14480,0.0,0
314,2,0.0,0.0,0.0,0.0,0.0,2.0,0,0,64,0.0,0,0,0,0,0,0,5792,0.0,0
309,2,0.0,0.0,0.0,0.0,0.0,2.0,0,0,64,0.0,0,0,0,0,0,0,20272,0.0,0
5,0,4.0,0.0,0.0,0.0,0.0,0.0,0,0,0,4.0,0,0,0,0,0,0,0,0.0,1
29408,71,0.0,17.413875622106488,1300.0,809.7464788732393,534.0796459341935,1.0,0,0,2280,408.2957746478872,4,0,0,0,0,0,14480,0.0,0
391510,27,0.0,300.99568103213704,192.0,55.99999999999999,13369.253034731097,1.0,0,0,872,95.40740740740742,4,0,0,0,0,0,14480,0.0,0
334,2,0.0,0.0,0.0,0.0,0.0,2.0,0,0,64,0.0,0,0,0,0,0,0,14480,0.0,0
28359,65,0.0,18.08596645301772,1300.0,780.6461538461537,725.5178248556736,0.0,0,0,2088,394.0615384615383,4,0,0,0,0,0,14480,0.0,0
55840,2,0.0,0.0,0.0,0.0,8943.486568447453,7.0,0,0,40,0.0,0,0,0,0,0,0,16383,0.0,1
318,2,0.0,0.0,0.0,0.0,0.0,3.0,0,0,64,0.0,0,0,0,0,0,0,10136,0.0,0
14476,43,0.0,20.337683508684545,1300.0,566.0930232558139,510.575556387581,0.0,0,0,1384,288.3255813953488,4,0,0,0,0,0,14480,0.0,0
18297,15,0.0,99.13316607162618,277.0,46.66666666666666,2212.1477555325487,1.0,0,0,488,46.66666666666666,4,0,0,0,0,0,10136,0.0,0
319,2,0.0,0.0,0.0,0.0,0.0,3.0,0,0,64,0.0,0,0,0,0,0,0,14480,0.0,0
1065,2,45.0,0.0,61.0,61.0,0.0,9.0,0,0,16,51.4,0,0,0,0,0,0,0,0.0,0
379,2,0.0,0.0,0.0,0.0,0.0,2.0,0,0,64,0.0,0,0,0,0,0,0,41992,0.0,0
296454,5,0.0,514.8793548007145,2.0,0.8,43868.432648904025,3.0,0,0,116,159.86666666666665,4,0,0,0,0,0,16383,0.0,1
20399,45,0.0,19.989267733569253,1300.0,624.8444444444445,592.8988202671659,0.0,0,0,1448,317.46666666666664,4,0,0,0,0,0,14480,0.0,0
47697,39,0.0,717.566640864549,287.0,30.461538461538467,1656.2955150978744,2.0,0,0,1256,396.2888888888889,4,0,0,0,0,0,30408,0.0,0
1038192,15,0.0,122.41532220727564,1448.0,614.9333333333334,331894.1511169052,5.0,0,0,488,391.2307692307692,4,0,0,0,0,0,8688,0.0,0
323,2,0.0,0.0,0.0,0.0,0.0,2.0,0,0,64,0.0,0,0,0,0,0,0,13032,0.0,0
466,2,0.0,0.0,0.0,0.0,0.0,2.0,0,0,64,0.0,0,0,0,0,0,0,14480,0.0,0
314,2,0.0,0.0,0.0,0.0,0.0,2.0,0,0,64,0.0,0,0,0,0,0,0,14480,0.0,0
13337,39,0.0,21.08021663617728,1316.0,546.7692307692307,481.48861386878633,1.0,0,0,1256,279.20512820512823,4,0,0,0,0,0,14480,0.0,0
5150,21,0.0,81.21193845345906,433.0,50.095238095238095,378.8539581915793,1.0,0,0,680,44.23809523809524,4,0,0,0,0,0,13032,0.0,0
455201,35,0.0,718.3366273580107,287.0,33.94285714285714,31106.923637601616,4.0,0,0,1128,415.3255813953489,4,0,0,0,0,0,30408,0.0,0
926353,19,0.0,85.98691760959919,1460.0,1011.5789473684208,203604.4091243044,1.0,0,0,396,676.2068965517241,4,0,0,0,0,0,16383,0.0,1
63369,55,0.0,18.865591749571376,1300.0,758.1454545454544,2488.413249150676,0.0,0,0,1768,383.3454545454545,4,0,0,0,0,0,14480,0.0,0
385,2,0.0,0.0,0.0,0.0,0.0,5.0,0,0,64,0.0,0,0,0,0,0,0,14480,0.0,0
317,2,0.0,0.0,0.0,0.0,0.0,2.0,0,0,64,0.0,0,0,0,0,0,0,10136,0.0,0
320,2,0.0,0.0,0.0,0.0,0.0,2.0,0,0,64,0.0,0,0,0,0,0,0,10136,0.0,0
266846,5,0.0,98.56590736780184,605.0,242.0,51021.91772170074,3.0,0,0,116,124.15384615384616,4,0,0,0,0,0,16383,0.0,1
1040,2,37.0,0.0,53.0,53.0,0.0,7.0,0,0,16,43.4,0,0,0,0,0,0,0,0.0,0
25686,2,0.0,0.0,0.0,0.0,7569.578092601992,6.0,0,0,40,0.0,0,0,0,0,0,0,16383,0.0,1
41506942,179,0.0,41.69949979915161,1460.0,1247.921787709497,4820019.525599372,1.0,0,0,3596,1004.7982062780266,4,0,0,0,346,111689,16383,305247.0,1
321,2,0.0,0.0,0.0,0.0,0.0,2.0,0,0,64,0.0,0,0,0,0,0,0,5792,0.0,0
695311,5,0.0,30.983866769659336,0.0,0.0,47017.63554561203,4.0,0,0,116,9.999999999999998,4,0,0,0,0,0,16383,0.0,1
360,2,0.0,0.0,0.0,0.0,0.0,2.0,0,0,64,0.0,0,0,0,0,0,0,30408,0.0,0
5917917,7,0.0,101.00565755017318,842.0,240.57142857142856,1509189.322152349,7.0,0,0,156,139.86666666666667,4,0,0,0,207,842,16383,0.0,1
577109,5,0.0,27.36908231319908,0.0,0.0,80947.08592160683,7.0,0,0,116,8.833333333333336,4,0,0,0,0,0,16383,0.0,1
1041157,7,0.0,90.7587067842136,419.0,119.71428571428572,254416.82688821244,4.0,0,0,156,80.66666666666666,4,0,0,0,0,0,16383,0.0,1
312148,51,0.0,6.658307684726639,54.0,18.11764705882352,28635.596575528067,2.0,0,0,1640,11.235294117647058,4,0,0,0,0,0,20272,0.0,0
425,2,0.0,0.0,0.0,0.0,0.0,3.0,0,0,64,0.0,0,0,0,0,0,0,13032,0.0,0
882686,9,0.0,25.626375301846945,34.0,19.33333333333333,121201.4331465506,3.0,0,0,196,18.4,4,0,0,0,0,0,16383,0.0,1
360,2,0.0,0.0,0.0,0.0,0.0,6.0,0,0,64,0.0,0,0,0,0,0,0,10136,0.0,0
1024,2,45.0,0.0,61.0,61.0,0.0,7.0,0,0,16,51.4,0,0,0,0,0,0,0,0.0,0
3461,7,0.0,160.0833116432399,148.0,42.285714285714285,295.16215882121475,3.0,0,0,232,65.42857142857143,4,0,0,0,0,0,7240,0.0,0
105554,7,0.0,718.7496213437738,0.0,0.0,32430.599897833115,2.0,0,0,232,431.1578947368421,4,0,0,0,0,0,10136,0.0,0
848561,5,0.0,88.97310990245471,202.0,80.8,152698.333229747,3.0,0,0,116,75.28571428571428,4,0,0,0,0,0,16383,0.0,1
334,2,0.0,0.0,0.0,0.0,0.0,5.0,0,0,64,0.0,0,0,0,0,0,0,14480,0.0,0
314,2,0.0,0.0,0.0,0.0,0.0,4.0,0,0,64,0.0,0,0,0,0,0,0,14480,0.0,0
503573,37,0.0,718.7972380217908,287.0,32.108108108108105,27499.89574598358,2.0,0,0,1192,406.22727272727286,4,0,0,0,0,0,30408,0.0,0
306061,51,0.0,6.658307684726639,54.0,18.15686274509805,28018.44004452981,2.0,0,0,1640,11.254901960784316,4,0,0,0,0,0,20272,0.0,0
382,2,0.0,0.0,0.0,0.0,0.0,3.0,0,0,64,0.0,0,0,0,0,0,0,7240,0.0,0
57423,43,0.0,20.337683508684545,1300.0,591.8604651162792,2184.476296562612,1.0,0,0,1384,301.2093023255814,4,0,0,0,0,0,14480,0.0,0
344,2,0.0,0.0,0.0,0.0,0.0,3.0,0,0,64,0.0,0,0,0,0,0,0,8688,0.0,0
46625,2,0.0,0.0,0.0,0.0,21083.802894639288,7.0,0,0,40,0.0,0,0,0,0,0,0,16383,0.0,1
315641,71,0.0,17.413875622106488,1300.0,862.845070422535,13130.886484820356,1.0,0,0,2280,434.8450704225354,4,0,0,0,0,0,14480,0.0,0
4606,4,114.0,0.0,52.0,50.0,2134.17814001862,5.0,0,0,32,85.55555555555556,0,0,0,0,0,0,0,0.0,0
223047,9,0.0,0.0,1448.0,910.2222222222222,23294.381067115733,3.0,0,0,296,512.0,4,0,0,0,0,0,5792,0.0,0
340,2,0.0,0.0,0.0,0.0,0.0,2.0,0,0,64,0.0,0,0,0,0,0,0,8688,0.0,0
53550,51,0.0,19.449568485848584,1300.0,656.1960784313726,1848.9175862234256,1.0,0,0,1640,332.7058823529412,4,0,0,0,0,0,14480,0.0,0
357,2,0.0,0.0,0.0,0.0,0.0,5.0,0,0,64,0.0,0,0,0,0,0,0,8688,0.0,0
663,2,0.0,0.0,0.0,0.0,0.0,2.0,0,0,64,0.0,0,0,0,0,0,0,14480,0.0,0
368,2,0.0,0.0,0.0,0.0,0.0,5.0,0,0,64,0.0,0,0,0,0,0,0,30408,0.0,0
345,2,0.0,0.0,0.0,0.0,0.0,2.0,0,0,64,0.0,0,0,0,0,0,0,47784,0.0,0
126,2,0.0,0.0,0.0,0.0,0.0,3.0,0,0,64,0.0,0,0,0,0,0,0,28960,0.0,0
312,2,0.0,0.0,0.0,0.0,0.0,2.0,0,0,64,0.0,0,0,0,0,0,0,34752,0.0,0
988,2,45.0,0.0,61.0,61.0,0.0,7.0,0,0,16,51.4,0,0,0,0,0,0,0,0.0,0
2012269,743,0.0,17.689384479715738,1448.0,1411.9650067294754,9735.603484412728,1.0,0,0,23784,952.4174228675142,4,0,0,0,0,0,7240,0.0,0
341,2,0.0,0.0,0.0,0.0,0.0,2.0,0,0,64,0.0,0,0,0,0,0,0,10136,0.0,0
59557,2,0.0,0.0,0.0,0.0,19261.588719521555,8.0,0,0,40,0.0,0,0,0,0,0,0,16383,0.0,1
320,2,0.0,0.0,0.0,0.0,0.0,3.0,0,0,64,0.0,0,0,0,0,0,0,14480,0.0,0
4,0,376.0,0.0,0.0,0.0,0.0,0.0,0,0,0,376.0,0,0,0,0,0,0,0,0.0,1
3391,7,0.0,164.2144938791945,148.0,42.285714285714285,299.50008347244244,2.0,0,0,232,66.57142857142858,4,0,0,0,0,0,7240,0.0,0
19457,45,0.0,19.989267733569253,1300.0,614.0444444444445,535.1736493835089,1.0,0,0,1448,312.0666666666666,4,0,0,0,0,0,14480,0.0,0
3272529,855,0.0,19.98530958969734,1448.0,1228.261988304093,115187.85480783608,0.0,0,0,27368,812.9984544049453,4,0,0,0,1856,1050164,59368,0.0,0
1007398,15,0.0,116.7156607081734,1448.0,614.9333333333334,301188.0301964509,1.0,0,0,488,363.28571428571433,4,0,0,0,0,0,8688,0.0,0
348952,5,0.0,0.0,762.0,304.8,330.8232156303424,1.0,0,0,168,152.39999999999998,4,0,0,0,0,0,5792,0.0,0
122,2,0.0,0.0,0.0,0.0,0.0,3.0,0,0,64,0.0,0,0,0,0,0,0,5792,0.0,0
22104,2,0.0,0.0,0.0,0.0,4434.26662482084,4.0,0,0,40,0.0,0,0,0,0,0,0,16383,0.0,1
722981,5,0.0,30.983866769659336,0.0,0.0,56082.50232291709,7.0,0,0,116,9.999999999999998,4,0,0,0,0,0,16383,0.0,1
115,2,0.0,0.0,0.0,0.0,0.0,2.0,0,0,64,0.0,0,0,0,0,0,0,28960,0.0,0
330,2,0.0,0.0,0.0,0.0,0.0,5.0,0,0,64,0.0,0,0,0,0,0,0,14480,0.0,0
732801,27,0.0,273.66081195523776,192.0,55.99999999999999,41964.00593874072,2.0,0,0,872,91.55555555555556,4,0,0,0,0,0,14480,0.0,0
326,2,0.0,0.0,0.0,0.0,0.0,2.0,0,0,64,0.0,0,0,0,0,0,0,14480,0.0,0
350,2,0.0,0.0,0.0,0.0,0.0,4.0,0,0,64,0.0,0,0,0,0,0,0,14480,0.0,0
2039848,435,0.0,26.336783224752697,1448.0,1207.8896551724142,18172.949244834635,1.0,0,0,13928,779.1568047337279,4,0,0,0,0,0,34752,0.0,0
348,2,0.0,0.0,0.0,0.0,0.0,2.0,0,0,64,0.0,0,0,0,0,0,0,14480,0.0,0
9953675,37,0.0,9.656407826993023,76.0,14.21621621621622,550799.1536837991,1.0,0,0,756,12.084507042253524,4,0,0,0,166,263,16383,0.0,1
10408,37,0.0,21.474606635715823,1300.0,468.1081081081081,463.40518959966255,1.0,0,0,1192,240.1891891891892,4,0,0,0,0,0,14480,0.0,0
25970,37,0.0,21.474606635715823,1324.0,506.4324324324325,1003.7984430580244,1.0,0,0,1192,259.3513513513513,4,0,0,0,0,0,14480,0.0,0
353,2,0.0,0.0,0.0,0.0,0.0,3.0,0,0,64,0.0,0,0,0,0,0,0,8688,0.0,0
61375,4,114.0,0.0,52.0,52.0,26537.32777303196,3.0,0,0,32,86.44444444444444,0,0,0,0,0,0,0,0.0,0
3302468,51,0.0,6.658307684726639,54.0,18.15686274509805,132236.81303695624,1.0,0,0,1640,11.254901960784316,4,0,0,0,0,0,20272,0.0,0
650897,5,0.0,0.0,711.0,284.4,436.7657648366379,5.0,0,0,168,142.2,4,0,0,0,0,0,5792,0.0,0
1453523,15,0.0,116.7156607081734,1448.0,614.9333333333334,297918.07253215223,3.0,0,0,488,363.28571428571433,4,0,0,0,0,0,8688,0.0,0
9146,35,0.0,21.883828750570903,1300.0,415.54285714285714,354.3360014081823,1.0,0,0,1128,214.25714285714287,4,0,0,0,0,0,14480,0.0,0
1081,2,45.0,0.0,61.0,61.0,0.0,10.0,0,0,16,51.4,0,0,0,0,0,0,0,0.0,0
994,2,45.0,0.0,61.0,61.0,0.0,7.0,0,0,16,51.4,0,0,0,0,0,0,0,0.0,0
1127,2,45.0,0.0,61.0,61.0,0.0,8.0,0,0,16,51.4,0,0,0,0,0,0,0,0.0,0
175726,3,0.0,115.15670482723388,0.0,0.0,35090.968513279884,8.0,0,0,76,44.6,4,0,0,0,0,0,16383,0.0,1
124,2,0.0,0.0,0.0,0.0,0.0,4.0,0,0,64,0.0,0,0,0,0,0,0,14480,0.0,0
343,2,0.0,0.0,0.0,0.0,0.0,2.0,0,0,64,0.0,0,0,0,0,0,0,8688,0.0,0
135,3,0.0,0.0,0.0,0.0,0.0,3.0,0,0,96,0.0,0,0,0,0,0,0,65160,0.0,0
331,2,0.0,0.0,0.0,0.0,0.0,4.0,0,0,64,0.0,0,0,0,0,0,0,5792,0.0,0
6846,23,0.0,166.09084107103777,848.0,183.3913043478261,453.4023333926789,1.0,0,0,744,118.37735849056604,4,0,0,0,0,0,14480,0.0,0
355,2,0.0,0.0,0.0,0.0,0.0,3.0,0,0,64,0.0,0,0,0,0,0,0,10136,0.0,0
1004,2,45.0,0.0,61.0,61.0,0.0,2.0,0,0,16,51.4,0,0,0,0,0,0,0,0.0,0
1051,2,45.0,0.0,61.0,61.0,0.0,9.0,0,0,16,51.4,0,0,0,0,0,0,0,0.0,0
345,2,0.0,0.0,0.0,0.0,0.0,4.0,0,0,64,0.0,0,0,0,0,0,0,47784,0.0,0
363,2,0.0,0.0,0.0,0.0,0.0,2.0,0,0,64,0.0,0,0,0,0,0,0,14480,0.0,0
281592,25,0.0,192.47134174028184,192.0,60.48,13271.972907064335,2.0,0,0,808,85.44000000000003,4,0,0,0,0,0,14480,0.0,0
370,2,0.0,0.0,0.0,0.0,0.0,5.0,0,0,64,0.0,0,0,0,0,0,0,31856,0.0,0
1052,2,45.0,0.0,61.0,61.0,0.0,8.0,0,0,16,51.4,0,0,0,0,0,0,0,0.0,0
5163,21,0.0,81.21193845345906,433.0,50.095238095238095,391.54251111685926,1.0,0,0,680,44.23809523809524,4,0,0,0,0,0,13032,0.0,0
317,2,0.0,0.0,0.0,0.0,0.0,4.0,0,0,64,0.0,0,0,0,0,0,0,14480,0.0,0
564320,3,0.0,221.53464740306424,0.0,0.0,73959.73517056426,7.0,0,0,76,85.80000000000001,4,0,0,0,0,0,16383,0.0,1
330,2,0.0,0.0,0.0,0.0,0.0,2.0,0,0,64,0.0,0,0,0,0,0,0,30408,0.0,0
40507,59,0.0,18.32713418813508,1300.0,762.7118644067798,1229.3091864191597,0.0,0,0,1896,385.3389830508476,4,0,0,0,0,0,13032,0.0,0
328,2,0.0,0.0,0.0,0.0,0.0,2.0,0,0,64,0.0,0,0,0,0,0,0,13032,0.0,0
19034,15,0.0,99.13316607162618,277.0,46.66666666666666,2243.493238290771,1.0,0,0,488,46.66666666666666,4,0,0,0,0,0,10136,0.0,0
1895379,5,0.0,29.277002188455995,0.0,0.0,616187.0628958114,7.0,0,0,116,9.23076923076923,4,0,0,0,120,0,16383,0.0,1
317,2,0.0,0.0,0.0,0.0,0.0,2.0,0,0,64,0.0,0,0,0,0,0,0,14480,0.0,0
36081,4,88.0,18.475208614068023,72.0,48.0,12064.3115979874,1.0,0,0,32,77.33333333333333,0,0,0,0,0,0,0,0.0,0
54584,7,0.0,158.0177205252626,148.0,42.285714285714285,9804.199850064257,3.0,0,0,232,64.85714285714286,4,0,0,0,0,0,7240,0.0,0
343,2,0.0,0.0,0.0,0.0,0.0,4.0,0,0,64,0.0,0,0,0,0,0,0,8688,0.0,0
344,2,0.0,0.0,0.0,0.0,0.0,3.0,0,0,64,0.0,0,0,0,0,0,0,5792,0.0,0
668992,9,0.0,0.0,1448.0,910.2222222222222,219794.8421012195,5.0,0,0,296,512.0,4,0,0,0,0,0,5792,0.0,0
993573,5,0.0,30.983866769659336,0.0,0.0,97532.3761973428,1.0,0,0,116,9.999999999999998,4,0,0,0,0,0,16383,0.0,1
330,2,0.0,0.0,0.0,0.0,0.0,2.0,0,0,64,0.0,0,0,0,0,0,0,14480,0.0,0
308,2,0.0,0.0,0.0,0.0,0.0,2.0,0,0,64,0.0,0,0,0,0,0,0,10136,0.0,0
324,2,0.0,0.0,0.0,0.0,0.0,4.0,0,0,64,0.0,0,0,0,0,0,0,14480,0.0,0
2087129,743,0.0,17.591655355133312,1448.0,1411.9650067294754,6866.854620901426,1.0,0,0,23784,948.9728752260388,4,0,0,0,0,0,7240,0.0,0
11,0,1074.0,0.0,0.0,0.0,0.0,0.0,0,0,0,1074.0,0,0,0,0,0,0,0,0.0,1
327320,5,0.0,186.88486396964407,1453.0,581.2,63830.42235407815,10.0,0,0,116,282.46153846153845,4,0,0,0,0,0,16383,0.0,1
11,0,702.0,0.0,0.0,0.0,0.0,0.0,0,0,0,702.0,0,0,0,0,0,0,0,0.0,1
5568,15,0.0,242.24505498908883,192.0,100.8,345.5011267296079,3.0,0,0,488,138.75,4,0,0,0,0,0,14480,0.0,0
1031,2,45.0,0.0,61.0,61.0,0.0,4.0,0,0,16,51.4,0,0,0,0,0,0,0,0.0,0
9418,31,0.0,21.883828750570903,1300.0,421.67741935483866,449.1610571977832,1.0,0,0,1000,204.939393939394,4,0,0,0,0,0,14480,0.0,0
59344,47,0.0,20.08417070838321,1300.0,660.8510638297872,2120.171097298089,1.0,0,0,1512,335.42553191489367,4,0,0,0,0,0,14480,0.0,0
600507,39,0.0,717.026797666188,287.0,30.461538461538467,25138.51470105185,1.0,0,0,1256,395.86666666666673,4,0,0,0,0,0,30408,0.0,0
374,2,0.0,0.0,0.0,0.0,0.0,4.0,0,0,64,0.0,0,0,0,0,0,0,10136,0.0,0
11,0,504.0,0.0,0.0,0.0,0.0,0.0,0,0,0,504.0,0,0,0,0,0,0,0,0.0,1
115,2,0.0,0.0,0.0,0.0,0.0,3.0,0,0,64,0.0,0,0,0,0,0,0,5792,0.0,0
310,2,0.0,0.0,0.0,0.0,0.0,3.0,0,0,64,0.0,0,0,0,0,0,0,65160,0.0,0
392,2,0.0,0.0,0.0,0.0,0.0,4.0,0,0,64,0.0,0,0,0,0,0,0,14480,0.0,0
319,2,0.0,0.0,0.0,0.0,0.0,4.0,0,0,64,0.0,0,0,0,0,0,0,14480,0.0,0
404840,27,0.0,296.779016467446,192.0,55.99999999999999,13915.719166348055,1.0,0,0,872,94.81481481481482,4,0,0,0,0,0,14480,0.0,0
20532,33,0.0,22.3064253725967,1300.0,405.3939393939394,752.4722236148175,1.0,0,0,1064,209.5757575757576,4,0,0,0,0,0,13032,0.0,0
1133,2,45.0,0.0,61.0,61.0,0.0,8.0,0,0,16,51.4,0,0,0,0,0,0,0,0.0,0
45252211,3305,0.0,33.04581367740064,1460.0,1353.6175491679292,98493.78884352597,1.0,0,0,66116,1163.7950585175506,4,0,0,0,0,0,16383,0.0,1
377,2,0.0,0.0,0.0,0.0,0.0,2.0,0,0,64,0.0,0,0,0,0,0,0,30408,0.0,0
400,2,0.0,0.0,0.0,0.0,0.0,3.0,0,0,64,0.0,0,0,0,0,0,0,8688,0.0,0
974,2,45.0,0.0,61.0,61.0,0.0,6.0,0,0,16,51.4,0,0,0,0,0,0,0,0.0,0
5,0,56.0,0.0,0.0,0.0,0.0,0.0,0,0,0,56.0,0,0,0,0,0,0,0,0.0,1
15160,2,0.0,0.0,0.0,0.0,1871.0045430196049,1.0,0,0,40,0.0,0,0,0,0,0,0,16383,0.0,1
371,2,0.0,0.0,0.0,0.0,0.0,2.0,0,0,64,0.0,0,0,0,0,0,0,47784,0.0,0
118754,2,0.0,0.0,0.0,0.0,67900.63577021941,7.0,0,0,40,0.0,0,0,0,0,0,0,16383,0.0,0
76410,2,0.0,0.0,0.0,0.0,22130.320930795377,2.0,0,0,40,0.0,0,0,0,0,0,0,16383,0.0,1
928707,127,0.0,89.78118777015236,848.0,53.11811023622048,13891.15759835154,1.0,0,0,4072,50.72727272727273,4,0,0,0,0,0,55024,0.0,0
368,2,0.0,0.0,0.0,0.0,0.0,5.0,0,0,64,0.0,0,0,0,0,0,0,47784,0.0,0
361,2,0.0,0.0,0.0,0.0,0.0,3.0,0,0,64,0.0,0,0,0,0,0,0,14480,0.0,0
1004145,15,0.0,122.41532220727564,1448.0,614.9333333333334,332983.633521771,2.0,0,0,488,391.2307692307692,4,0,0,0,0,0,8688,0.0,0
4,0,58.0,0.0,0.0,0.0,0.0,0.0,0,0,0,58.0,0,0,0,0,0,0,0,0.0,1
39477,65,0.0,18.08596645301772,1300.0,770.6153846153848,1014.1267999666758,0.0,0,0,2088,389.0461538461539,4,0,0,0,0,0,14480,0.0,0
2548719,49,0.0,57.44209327956518,1360.0,334.1224489795917,123123.73419278616,1.0,0,0,1576,187.3617021276596,4,0,0,0,0,0,20272,0.0,0
344,2,0.0,0.0,0.0,0.0,0.0,1.0,0,0,64,0.0,0,0,0,0,0,0,8688,0.0,0
642642,5,0.0,30.983866769659336,0.0,0.0,34391.72219008522,5.0,0,0,116,9.999999999999998,4,0,0,0,0,0,16383,0.0,1
69338,47,0.0,19.65548687392932,1300.0,639.1914893617022,2187.105876068032,1.0,0,0,1512,324.4255319148936,4,0,0,0,0,0,14480,0.0,0
91505,53,0.0,19.681667209175394,1300.0,712.6415094339625,4002.431250931285,1.0,0,0,1704,360.90566037735846,4,0,0,0,0,0,14480,0.0,0
257720,3,0.0,110.27670824318425,0.0,0.0,49091.17979705383,7.0,0,0,76,41.09090909090909,4,0,0,0,0,0,16383,0.0,1
56771,2,0.0,0.0,0.0,0.0,22876.318584947185,2.0,0,0,40,0.0,0,0,0,0,0,0,16383,0.0,1
1011002,15,0.0,122.41532220727564,1448.0,614.9333333333334,332825.55934557435,4.0,0,0,488,391.2307692307692,4,0,0,0,0,0,8688,0.0,0
13469,43,0.0,20.774325260080392,1300.0,560.372093023256,480.23012141284426,1.0,0,0,1384,285.6511627906977,4,0,0,0,0,0,14480,0.0,0
18627,57,0.0,119.24175012846632,848.0,87.47368421052629,967.6704121849908,1.0,0,0,1832,65.65811965811966,4,0,0,0,0,0,24616,0.0,0
356,2,0.0,0.0,0.0,0.0,0.0,3.0,0,0,64,0.0,0,0,0,0,0,0,14480,0.0,0
4021,13,0.0,35.452381373177744,458.0,76.30769230769229,351.6662670753236,3.0,0,0,424,39.696969696969695,4,0,0,0,0,0,11584,0.0,0
4723,4,114.0,0.0,52.0,52.0,2087.412832511416,8.0,0,0,32,86.44444444444444,0,0,0,0,0,0,0,0.0,0
330,2,0.0,0.0,0.0,0.0,0.0,2.0,0,0,64,0.0,0,0,0,0,0,0,14480,0.0,0
312,2,0.0,0.0,0.0,0.0,0.0,2.0,0,0,64,0.0,0,0,0,0,0,0,7240,0.0,0
475757,9,0.0,145.89706090580572,1460.0,662.6666666666666,127371.62103650352,1.0,0,0,196,386.0,4,0,0,0,0,0,16383,0.0,1
221986,9,0.0,0.0,1448.0,910.2222222222222,20970.90451554248,3.0,0,0,296,512.0,4,0,0,0,0,0,5792,0.0,0
644693,27,0.0,14.973014942575466,1460.0,749.7037037037037,48437.46849491449,2.0,0,0,556,455.77777777777777,4,0,0,0,0,0,16383,0.0,1
362,2,0.0,0.0,0.0,0.0,0.0,3.0,0,0,64,0.0,0,0,0,0,0,0,5792,0.0,0
331,2,0.0,0.0,0.0,0.0,0.0,2.0,0,0,64,0.0,0,0,0,0,0,0,14480,0.0,0
85649,2,0.0,0.0,0.0,0.0,59891.23725971939,6.0,0,0,40,0.0,0,0,0,0,0,0,16383,0.0,1
352,2,0.0,0.0,0.0,0.0,0.0,5.0,0,0,64,0.0,0,0,0,0,0,0,14480,0.0,0
312,2,0.0,0.0,0.0,0.0,0.0,2.0,0,0,64,0.0,0,0,0,0,0,0,14480,0.0,0
410,2,0.0,0.0,0.0,0.0,0.0,2.0,0,0,64,0.0,0,0,0,0,0,0,47784,0.0,0
313,2,0.0,0.0,0.0,0.0,0.0,2.0,0,0,64,0.0,0,0,0,0,0,0,14480,0.0,0
377,2,0.0,0.0,0.0,0.0,0.0,3.0,0,0,64,0.0,0,0,0,0,0,0,14480,0.0,0
3542,7,0.0,159.05051608425126,148.0,42.285714285714285,277.9239104503245,5.0,0,0,232,65.14285714285714,4,0,0,0,0,0,7240,0.0,0
356,2,0.0,0.0,0.0,0.0,0.0,25.0,0,0,64,0.0,0,0,0,0,0,0,5792,0.0,0
126528,2,0.0,0.0,0.0,0.0,89463.149955722,9.0,0,0,40,0.0,0,0,0,0,0,0,16383,0.0,0
3700,9,0.0,65.29726895769328,776.0,180.88888888888889,361.2070428130905,5.0,0,0,296,103.0,4,0,0,0,0,0,10136,0.0,0
283616,3,0.0,285.05157428086585,0.0,0.0,42634.14710065161,1.0,0,0,76,110.4,4,0,0,0,0,0,16383,0.0,1
617229,5,0.0,30.983866769659336,0.0,0.0,34132.235946389446,4.0,0,0,116,9.999999999999998,4,0,0,0,0,0,16383,0.0,1
352,2,0.0,0.0,0.0,0.0,0.0,3.0,0,0,64,0.0,0,0,0,0,0,0,14480,0.0,0
1039,2,45.0,0.0,61.0,61.0,0.0,8.0,0,0,16,51.4,0,0,0,0,0,0,0,0.0,0
33436,65,0.0,17.85379628981024,1300.0,799.1076923076922,725.918136145265,0.0,0,0,2088,397.18181818181824,4,0,0,0,0,0,14480,0.0,0
1101,2,45.0,0.0,61.0,61.0,0.0,9.0,0,0,16,51.4,0,0,0,0,0,0,0,0.0,0
343,2,0.0,0.0,0.0,0.0,0.0,5.0,0,0,64,0.0,0,0,0,0,0,0,14480,0.0,0
386,2,0.0,0.0,0.0,0.0,0.0,6.0,0,0,64,0.0,0,0,0,0,0,0,14480,0.0,0
375904,5,0.0,91.7346068571621,0.0,0.0,106373.76378161424,2.0,0,0,116,28.923076923076923,4,0,0,0,0,0,16383,0.0,1
340,2,0.0,0.0,0.0,0.0,0.0,5.0,0,0,64,0.0,0,0,0,0,0,0,7240,0.0,0
1312714,59,0.0,119.24175012846632,848.0,84.50847457627121,38559.96029433623,1.0,0,0,1896,64.55462184873952,4,0,0,0,0,0,24616,0.0,0
65492,59,0.0,18.32713418813508,1300.0,770.813559322034,2278.335124295039,1.0,0,0,1896,389.3898305084745,4,0,0,0,0,0,14480,0.0,0
4248,13,0.0,35.452381373177744,458.0,76.30769230769229,372.3012388084421,2.0,0,0,424,39.696969696969695,4,0,0,0,0,0,11584,0.0,0
65551,39,0.0,20.70123246671622,1300.0,537.4871794871796,2758.9446827515644,0.0,0,0,1256,267.69999999999993,4,0,0,0,0,0,14480,0.0,0
311,2,0.0,0.0,0.0,0.0,0.0,2.0,0,0,64,0.0,0,0,0,0,0,0,10136,0.0,0
225577,9,0.0,0.0,1448.0,910.2222222222222,24053.753401496408,4.0,0,0,296,512.0,4,0,0,0,0,0,5792,0.0,0
1028,2,45.0,0.0,61.0,61.0,0.0,6.0,0,0,16,51.4,0,0,0,0,0,0,0,0.0,0
3,0,56.0,0.0,0.0,0.0,0.0,0.0,0,0,0,56.0,0,0,0,0,0,0,0,0.0,1
308,2,0.0,0.0,0.0,0.0,0.0,1.0,0,0,64,0.0,0,0,0,0,0,0,14480,0.0,0
2821,2,0.0,0.0,0.0,0.0,0.0,2.0,0,0,64,0.0,0,0,0,0,0,0,14480,0.0,0
1016389,15,0.0,122.41532220727564,1448.0,614.9333333333334,333032.9632092662,3.0,0,0,488,391.2307692307692,4,0,0,0,0,0,8688,0.0,0
326,2,0.0,0.0,0.0,0.0,0.0,3.0,0,0,64,0.0,0,0,0,0,0,0,14480,0.0,0
37604,39,0.0,718.125776033754,287.0,30.461538461538467,1285.9976635461896,2.0,0,0,1256,396.7111111111111,4,0,0,0,0,0,30408,0.0,0
5241,5,0.0,718.7496213437738,0.0,0.0,644.4922204512808,2.0,0,0,168,481.88235294117646,4,0,0,0,0,0,10136,0.0,0
9,0,24.0,0.0,0.0,0.0,0.0,0.0,0,0,0,24.0,0,0,0,0,0,0,0,0.0,1
1129,2,45.0,0.0,61.0,61.0,0.0,12.0,0,0,16,51.4,0,0,0,0,0,0,0,0.0,0
16123,47,0.0,20.08417070838321,1300.0,593.7872340425531,440.7188663898101,0.0,0,0,1512,301.8936170212765,4,0,0,0,0,0,14480,0.0,0
1831721,49,0.0,56.450944887964106,1360.0,334.1224489795917,85416.85885479044,1.0,0,0,1576,183.4583333333333,4,0,0,0,0,0,20272,0.0,0
326,2,0.0,0.0,0.0,0.0,0.0,2.0,0,0,64,0.0,0,0,0,0,0,0,14480,0.0,0
977,2,45.0,0.0,61.0,61.0,0.0,2.0,0,0,16,51.4,0,0,0,0,0,0,0,0.0,0
1693,4,88.0,16.165807537309526,72.0,48.0,758.9310464945636,2.0,0,0,32,76.44444444444444,0,0,0,0,0,0,0,0.0,0
365,2,0.0,0.0,0.0,0.0,0.0,1.0,0,0,64,0.0,0,0,0,0,0,0,30408,0.0,0
1072,2,45.0,0.0,61.0,61.0,0.0,8.0,0,0,16,51.4,0,0,0,0,0,0,0,0.0,0
29458,59,0.0,18.83709254785309,1300.0,793.2881355932204,738.5040499750654,0.0,0,0,1896,400.7627118644068,4,0,0,0,0,0,14480,0.0,0
386,2,0.0,0.0,0.0,0.0,0.0,2.0,0,0,64,0.0,0,0,0,0,0,0,14480,0.0,0
316,2,0.0,0.0,0.0,0.0,0.0,2.0,0,0,64,0.0,0,0,0,0,0,0,14480,0.0,0
1067,2,45.0,0.0,61.0,61.0,0.0,5.0,0,0,16,51.4,0,0,0,0,0,0,0,0.0,0
177400,39,0.0,719.8422998487819,287.0,30.461538461538467,13785.94711413494,1.0,0,0,1256,396.50000000000006,4,0,0,0,0,0,31856,0.0,0
303,2,0.0,0.0,0.0,0.0,0.0,2.0,0,0,64,0.0,0,0,0,0,0,0,10136,0.0,0
319,2,0.0,0.0,0.0,0.0,0.0,2.0,0,0,64,0.0,0,0,0,0,0,0,14480,0.0,0
314,2,0.0,0.0,0.0,0.0,0.0,2.0,0,0,64,0.0,0,0,0,0,0,0,5792,0.0,0
46576,69,0.0,17.20526450713744,1300.0,839.6811594202899,831.6196168457888,1.0,0,0,2216,411.43661971830977,4,0,0,0,0,0,14480,0.0,0
1004402,15,0.0,122.41532220727564,1448.0,614.9333333333334,332865.5887167521,3.0,0,0,488,391.2307692307692,4,0,0,0,0,0,8688,0.0,0
1207210,5,0.0,198.29674732581967,0.0,0.0,164366.2052135414,6.0,0,0,116,64.00000000000001,4,0,0,0,0,0,16383,0.0,1
30417,2,0.0,0.0,0.0,0.0,9326.031337069377,5.0,0,0,40,0.0,0,0,0,0,0,0,16383,0.0,1
1306693,11,0.0,573.1525606410771,0.0,0.0,70146.20559389121,2.0,0,0,236,952.8405797101452,4,0,0,0,0,0,16383,0.0,1
537360,3,0.0,31.50026454915365,0.0,0.0,114207.26622811702,8.0,0,0,76,12.2,4,0,0,0,0,0,16383,0.0,1
1054,2,37.0,0.0,53.0,53.0,0.0,9.0,0,0,16,43.4,0,0,0,0,0,0,0,0.0,0
47878,2,0.0,0.0,0.0,0.0,23503.52229985965,7.0,0,0,40,0.0,0,0,0,0,0,0,16383,0.0,1
33707,25,0.0,166.09084107103777,848.0,168.71999999999997,3270.754309024143,1.0,0,0,808,114.07272727272728,4,0,0,0,0,0,14480,0.0,0
54693,2,0.0,0.0,0.0,0.0,38303.26723009409,7.0,0,0,40,0.0,0,0,0,0,0,0,16383,0.0,0
377,2,0.0,0.0,0.0,0.0,0.0,3.0,0,0,64,0.0,0,0,0,0,0,0,5792,0.0,0
1201577,2,34.0,0.0,120.0,120.0,0.0,9.0,0,0,16,68.4,0,0,0,0,68,240,0,0.0,1
24143,51,0.0,6.658307684726639,54.0,18.15686274509805,991.9261565257768,1.0,0,0,1640,11.254901960784316,4,0,0,0,0,0,20272,0.0,0
334,2,0.0,0.0,0.0,0.0,0.0,3.0,0,0,64,0.0,0,0,0,0,0,0,13032,0.0,0
9441,35,0.0,21.883828750570903,1300.0,442.3428571428572,439.7987336684402,0.0,0,0,1128,227.65714285714293,4,0,0,0,0,0,14480,0.0,0
189157,3,0.0,10.327955589886445,0.0,0.0,35626.4281847058,10.0,0,0,76,4.0,4,0,0,0,0,0,16383,0.0,1
223224,5,0.0,718.7496213437738,0.0,0.0,48251.63754503859,2.0,0,0,168,481.88235294117646,4,0,0,0,0,0,10136,0.0,0
127,2,0.0,0.0,0.0,0.0,0.0,3.0,0,0,64,0.0,0,0,0,0,0,0,11584,0.0,0
2898,5,0.0,0.0,769.0,307.6,376.7213824565842,3.0,0,0,168,153.8,4,0,0,0,0,0,5792,0.0,0
400,2,0.0,0.0,0.0,0.0,0.0,5.0,0,0,64,0.0,0,0,0,0,0,0,30408,0.0,0
319,2,0.0,0.0,0.0,0.0,0.0,2.0,0,0,64,0.0,0,0,0,0,0,0,14480,0.0,0
338,2,0.0,0.0,0.0,0.0,0.0,3.0,0,0,64,0.0,0,0,0,0,0,0,14480,0.0,0
17508,2,0.0,0.0,0.0,0.0,3245.620125646253,7.0,0,0,40,0.0,0,0,0,0,0,0,16383,0.0,1
1132529,9,0.0,16.1877868914946,34.0,19.33333333333333,153912.8705413481,6.0,0,0,196,16.0,4,0,0,0,0,0,16383,0.0,1
32606,7,0.0,160.0833116432399,148.0,42.285714285714285,4786.468708766412,2.0,0,0,232,65.42857142857143,4,0,0,0,0,0,7240,0.0,0
20490,55,0.0,18.865591749571376,1300.0,690.6181818181817,535.4831337233481,1.0,0,0,1768,349.5818181818181,4,0,0,0,0,0,14480,0.0,0
3494,9,0.0,0.0,1448.0,910.2222222222222,1138.7564708927014,2.0,0,0,296,512.0,4,0,0,0,0,0,5792,0.0,0
351,2,0.0,0.0,0.0,0.0,0.0,3.0,0,0,64,0.0,0,0,0,0,0,0,5792,0.0,0
304,2,0.0,0.0,0.0,0.0,0.0,2.0,0,0,64,0.0,0,0,0,0,0,0,14480,0.0,0
160763,55,0.0,18.83709254785309,1300.0,733.1454545454545,4960.5138455132665,1.0,0,0,1768,357.97368421052624,4,0,0,0,0,0,14480,0.0,0
852093,5,0.0,126.51745597610896,0.0,0.0,160398.26689774427,8.0,0,0,116,40.833333333333336,4,0,0,0,0,0,16383,0.0,1
5459,21,0.0,80.76372296624533,1045.0,145.52380952380955,389.2531685674069,1.0,0,0,680,91.04761904761908,4,0,0,0,0,0,13032,0.0,0
3953639,5,0.0,118.77148928369412,0.0,0.0,237001.7920740263,1.0,0,0,116,38.333333333333336,4,0,0,0,460,0,16383,0.0,1
17940,15,0.0,99.13316607162618,277.0,46.66666666666666,2674.634758194769,1.0,0,0,488,46.66666666666666,4,0,0,0,0,0,10136,0.0,0
1061947,5,0.0,30.983866769659336,0.0,0.0,57681.30260578379,2.0,0,0,116,9.999999999999998,4,0,0,0,0,0,16383,0.0,1
18468,41,0.0,20.70123246671622,1300.0,529.4634146341464,591.7037102315265,1.0,0,0,1320,270.2682926829268,4,0,0,0,0,0,14480,0.0,0
799,5,0.0,0.0,0.0,0.0,0.0,1.0,0,0,160,0.0,0,0,0,0,0,0,10136,0.0,0
330,2,0.0,0.0,0.0,0.0,0.0,1.0,0,0,64,0.0,0,0,0,0,0,0,14480,0.0,0
975,2,37.0,0.0,53.0,53.0,0.0,4.0,0,0,16,43.4,0,0,0,0,0,0,0,0.0,0
55865,2,0.0,0.0,0.0,0.0,11116.425707033712,8.0,0,0,40,0.0,0,0,0,0,0,0,16383,0.0,1
16550,47,0.0,20.08417070838321,1300.0,633.8723404255318,507.5499925618115,1.0,0,0,1512,321.93617021276594,4,0,0,0,0,0,14480,0.0,0
299,2,0.0,0.0,0.0,0.0,0.0,2.0,0,0,64,0.0,0,0,0,0,0,0,14480,0.0,0
76379,2,0.0,0.0,0.0,0.0,53531.51886972758,3.0,0,0,40,0.0,0,0,0,0,0,0,16383,0.0,0
417,2,0.0,0.0,0.0,0.0,0.0,2.0,0,0,64,0.0,0,0,0,0,0,0,14480,0.0,0
361,2,0.0,0.0,0.0,0.0,0.0,3.0,0,0,64,0.0,0,0,0,0,0,0,7240,0.0,0
342,2,0.0,0.0,0.0,0.0,0.0,3.0,0,0,64,0.0,0,0,0,0,0,0,30408,0.0,0
63219,2,0.0,0.0,0.0,0.0,24919.15007579512,9.0,0,0,40,0.0,0,0,0,0,0,0,16383,0.0,1
116596,2,0.0,0.0,0.0,0.0,22535.49311641527,3.0,0,0,40,0.0,0,0,0,0,0,0,16383,0.0,1
1011,2,45.0,0.0,61.0,61.0,0.0,8.0,0,0,16,51.4,0,0,0,0,0,0,0,0.0,0
311,2,0.0,0.0,0.0,0.0,0.0,2.0,0,0,64,0.0,0,0,0,0,0,0,14480,0.0,0
77738,2,0.0,0.0,0.0,0.0,22739.84697617818,8.0,0,0,40,0.0,0,0,0,0,0,0,16383,0.0,1
378,2,0.0,0.0,0.0,0.0,0.0,2.0,0,0,64,0.0,0,0,0,0,0,0,8688,0.0,0
21138,55,0.0,18.865591749571376,1300.0,743.5272727272728,519.003588584622,1.0,0,0,1768,376.03636363636366,4,0,0,0,0,0,14480,0.0,0
409361,0,1341.0,0.0,0.0,0.0,236331.69317790057,0.0,0,0,0,1341.0,0,0,0,0,0,0,0,0.0,1
46204,2,0.0,0.0,0.0,0.0,20424.07226779224,9.0,0,0,40,0.0,0,0,0,0,0,0,16383,0.0,0
1356021,41,0.0,724.6502292493469,287.0,28.97560975609756,69446.29961239765,1.0,0,0,1320,384.8936170212765,4,0,0,0,0,0,31856,0.0,0
348,2,0.0,0.0,0.0,0.0,0.0,2.0,0,0,64,0.0,0,0,0,0,0,0,14480,0.0,0
311,2,0.0,0.0,0.0,0.0,0.0,1.0,0,0,64,0.0,0,0,0,0,0,0,14480,0.0,0
337492,27,0.0,185.2378429520773,192.0,55.99999999999999,13441.933873516862,2.0,0,0,872,78.81481481481482,4,0,0,0,0,0,14480,0.0,0
674820,7,0.0,233.82823366125584,194.0,55.428571428571416,155755.0387967318,6.0,0,0,156,108.125,4,0,0,0,0,0,16383,0.0,1
18429,43,0.0,20.337683508684545,1300.0,562.4186046511628,662.4840964497039,1.0,0,0,1384,286.48837209302314,4,0,0,0,0,0,14480,0.0,0
4978,4,114.0,0.0,52.0,52.0,2227.70741645606,7.0,0,0,32,86.44444444444444,0,0,0,0,0,0,0,0.0,0
98564,2,0.0,0.0,0.0,0.0,27181.184668810885,9.0,0,0,40,0.0,0,0,0,0,0,0,16383,0.0,1
24525,51,0.0,6.658307684726639,54.0,18.15686274509805,1068.5055644012632,1.0,0,0,1640,11.254901960784316,4,0,0,0,0,0,20272,0.0,0
1892,4,88.0,16.165807537309526,72.0,48.0,851.0142967855083,5.0,0,0,32,76.44444444444444,0,0,0,0,0,0,0,0.0,0
27493,59,0.0,18.32713418813508,1300.0,717.457627118644,658.8815954076402,1.0,0,0,1896,362.7118644067797,4,0,0,0,0,0,14480,0.0,0
585311,4,114.0,0.0,52.0,52.0,245935.9148931553,7.0,0,0,32,86.44444444444444,0,0,0,0,0,0,0,0.0,0
2966268,51,0.0,6.658307684726639,54.0,18.15686274509805,97073.9365133862,1.0,0,0,1640,11.254901960784316,4,0,0,0,0,0,20272,0.0,0
354,2,0.0,0.0,0.0,0.0,0.0,4.0,0,0,64,0.0,0,0,0,0,0,0,14480,0.0,0
228671,9,0.0,0.0,1448.0,910.2222222222222,21485.817042877377,5.0,0,0,296,512.0,4,0,0,0,0,0,5792,0.0,0
1051,2,45.0,0.0,61.0,61.0,0.0,8.0,0,0,16,51.4,0,0,0,0,0,0,0,0.0,0
538710,3,0.0,104.82874923734742,0.0,0.0,99463.22752655878,1.0,0,0,76,40.6,4,0,0,0,0,0,16383,0.0,1
124249,4,114.0,0.0,52.0,50.0,62932.91139247678,2.0,0,0,32,85.55555555555556,0,0,0,0,0,0,0,0.0,0
314,2,0.0,0.0,0.0,0.0,0.0,4.0,0,0,64,0.0,0,0,0,0,0,0,14480,0.0,0
11404,23,0.0,166.09084107103777,848.0,183.3913043478261,728.9748691061715,1.0,0,0,744,118.37735849056604,4,0,0,0,0,0,14480,0.0,0
345,2,0.0,0.0,0.0,0.0,0.0,4.0,0,0,64,0.0,0,0,0,0,0,0,13032,0.0,0
346,2,0.0,0.0,0.0,0.0,0.0,3.0,0,0,64,0.0,0,0,0,0,0,0,14480,0.0,0
328,2,0.0,0.0,0.0,0.0,0.0,3.0,0,0,64,0.0,0,0,0,0,0,0,14480,0.0,0
2043687,9,0.0,147.9871428349248,207.0,46.0,319133.1480525465,1.0,0,0,196,72.84210526315789,4,0,0,0,0,0,16383,0.0,1
1003849,3,0.0,716.7984374982971,0.0,0.0,243145.5672512753,7.0,0,0,76,589.2857142857142,4,0,0,0,0,0,16383,0.0,0
119,2,0.0,0.0,0.0,0.0,0.0,3.0,0,0,64,0.0,0,0,0,0,0,0,14480,0.0,0
1733653,15,0.0,122.41532220727564,1448.0,614.9333333333334,385217.5961625816,1.0,0,0,488,391.2307692307692,4,0,0,0,948,9224,8688,0.0,0
23522,43,0.0,20.337683508684545,1300.0,587.953488372093,929.6187423334154,1.0,0,0,1384,299.2558139534884,4,0,0,0,0,0,14480,0.0,0
345,2,0.0,0.0,0.0,0.0,0.0,2.0,0,0,64,0.0,0,0,0,0,0,0,5792,0.0,0
31794,123,0.0,27.088913667725382,1448.0,75.47967479674796,445.5842454071066,1.0,0,0,3944,44.0245901639344,4,0,0,0,0,0,47784,0.0,0
313,2,0.0,0.0,0.0,0.0,0.0,4.0,0,0,64,0.0,0,0,0,0,0,0,14480,0.0,0
2495689,5,0.0,29.277002188455995,0.0,0.0,764037.2767282366,4.0,0,0,116,9.23076923076923,4,0,0,0,120,0,16383,0.0,1
320,2,0.0,0.0,0.0,0.0,0.0,2.0,0,0,64,0.0,0,0,0,0,0,0,14480,0.0,0
1065,2,38.0,0.0,54.0,54.0,0.0,8.0,0,0,16,44.4,0,0,0,0,0,0,0,0.0,0
368469,27,0.0,287.305830083554,192.0,55.99999999999999,13414.871599335816,3.0,0,0,872,93.4814814814815,4,0,0,0,0,0,14480,0.0,0
236702,3,0.0,125.48466041712032,0.0,0.0,40167.49158212397,8.0,0,0,76,48.6,4,0,0,0,0,0,16383,0.0,1
483449,5,0.0,62.74352556240365,193.0,77.2,66714.25402723704,5.0,0,0,116,56.53333333333333,4,0,0,0,0,0,16383,0.0,1
12811,15,0.0,99.13316607162618,277.0,46.66666666666666,1862.204301083627,1.0,0,0,488,46.66666666666666,4,0,0,0,0,0,10136,0.0,0
366,2,0.0,0.0,0.0,0.0,0.0,2.0,0,0,64,0.0,0,0,0,0,0,0,14480,0.0,0
346,2,0.0,0.0,0.0,0.0,0.0,2.0,0,0,64,0.0,0,0,0,0,0,0,8688,0.0,0
721969,11,0.0,556.9259352935518,0.0,0.0,43596.483190085804,4.0,0,0,236,966.7352941176476,4,0,0,0,0,0,16383,0.0,1
330,2,0.0,0.0,0.0,0.0,0.0,2.0,0,0,64,0.0,0,0,0,0,0,0,14480,0.0,0
1667,4,88.0,23.09401076758504,72.0,48.0,743.6278190959058,2.0,0,0,32,79.11111111111111,0,0,0,0,0,0,0,0.0,0
48429,89,0.0,15.76186090355944,1300.0,887.865168539326,822.3260466332064,0.0,0,0,2856,446.6629213483148,4,0,0,0,0,0,14480,0.0,0
20792,37,0.0,719.8198255289234,287.0,32.108108108108105,600.9488168240094,2.0,0,0,1192,406.9545454545454,4,0,0,0,0,0,30408,0.0,0
1076,2,45.0,0.0,61.0,61.0,0.0,2.0,0,0,16,51.4,0,0,0,0,0,0,0,0.0,0
92180,2,0.0,0.0,0.0,0.0,30999.561287218243,4.0,0,0,40,0.0,0,0,0,0,0,0,16383,0.0,1
358,2,0.0,0.0,0.0,0.0,0.0,2.0,0,0,64,0.0,0,0,0,0,0,0,5792,0.0,0
1749,4,88.0,16.165807537309526,72.0,48.0,782.021099459599,2.0,0,0,32,76.44444444444444,0,0,0,0,0,0,0,0.0,0
310,2,0.0,0.0,0.0,0.0,0.0,4.0,0,0,64,0.0,0,0,0,0,0,0,14480,0.0,0
112668,15,0.0,57.982566534933774,776.0,108.53333333333332,8282.220577375834,3.0,0,0,488,68.66666666666667,4,0,0,0,0,0,10136,0.0,0
4500,4,114.0,0.0,48.0,48.0,2077.0205423474595,7.0,0,0,32,84.66666666666667,0,0,0,0,0,0,0,0.0,0
152,2,0.0,0.0,0.0,0.0,0.0,2.0,0,0,64,0.0,0,0,0,0,0,0,14480,0.0,0
170007,4,88.0,20.784609690826528,72.0,48.0,11542.386581639,4.0,0,0,32,78.22222222222223,0,0,0,0,0,0,0,0.0,0
348,2,0.0,0.0,0.0,0.0,0.0,4.0,0,0,64,0.0,0,0,0,0,0,0,8688,0.0,0
123,2,0.0,0.0,0.0,0.0,0.0,3.0,0,0,64,0.0,0,0,0,0,0,0,10136,0.0,0
305,2,0.0,0.0,0.0,0.0,0.0,3.0,0,0,64,0.0,0,0,0,0,0,0,59368,0.0,0
850949,7,0.0,667.1535192006545,232.0,66.28571428571428,139965.7555406776,3.0,0,0,156,394.0,4,0,0,0,0,0,16383,0.0,1
383,2,0.0,0.0,0.0,0.0,0.0,5.0,0,0,64,0.0,0,0,0,0,0,0,20272,0.0,0
4313,15,0.0,265.8440645691881,192.0,100.8,310.7348893004637,2.0,0,0,488,143.25,4,0,0,0,0,0,14480,0.0,0
360,2,0.0,0.0,0.0,0.0,0.0,5.0,0,0,64,0.0,0,0,0,0,0,0,30408,0.0,0
342,2,0.0,0.0,0.0,0.0,0.0,2.0,0,0,64,0.0,0,0,0,0,0,0,14480,0.0,0
344,2,0.0,0.0,0.0,0.0,0.0,2.0,0,0,64,0.0,0,0,0,0,0,0,30408,0.0,0
845324,51,0.0,6.658307684726639,54.0,18.15686274509805,42897.63716453588,1.0,0,0,1640,11.254901960784316,4,0,0,0,0,0,20272,0.0,0
364,2,0.0,0.0,0.0,0.0,0.0,2.0,0,0,64,0.0,0,0,0,0,0,0,8688,0.0,0
322,2,0.0,0.0,0.0,0.0,0.0,3.0,0,0,64,0.0,0,0,0,0,0,0,14480,0.0,0
120,2,0.0,0.0,0.0,0.0,0.0,3.0,0,0,64,0.0,0,0,0,0,0,0,14480,0.0,0
350,2,0.0,0.0,0.0,0.0,0.0,2.0,0,0,64,0.0,0,0,0,0,0,0,10136,0.0,0
318,2,0.0,0.0,0.0,0.0,0.0,2.0,0,0,64,0.0,0,0,0,0,0,0,14480,0.0,0
65982,2,0.0,0.0,0.0,0.0,21385.737490205946,9.0,0,0,40,0.0,0,0,0,0,0,0,16383,0.0,1
1037,2,45.0,0.0,61.0,61.0,0.0,7.0,0,0,16,51.4,0,0,0,0,0,0,0,0.0,0
9,0,56.0,0.0,0.0,0.0,0.0,0.0,0,0,0,56.0,0,0,0,0,0,0,0,0.0,1
305,2,0.0,0.0,0.0,0.0,0.0,2.0,0,0,64,0.0,0,0,0,0,0,0,14480,0.0,0
33545,77,0.0,16.80879051557521,1300.0,842.7012987012985,596.9824018412168,1.0,0,0,2472,424.5064935064935,4,0,0,0,0,0,14480,0.0,0
83776,2,0.0,0.0,0.0,0.0,58834.81972862669,1.0,0,0,40,0.0,0,0,0,0,0,0,16383,0.0,1
1072,2,45.0,0.0,61.0,61.0,0.0,8.0,0,0,16,51.4,0,0,0,0,0,0,0,0.0,0
348,2,0.0,0.0,0.0,0.0,0.0,4.0,0,0,64,0.0,0,0,0,0,0,0,8688,0.0,0
327,2,0.0,0.0,0.0,0.0,0.0,4.0,0,0,64,0.0,0,0,0,0,0,0,5792,0.0,0
35323,71,0.0,17.413875622106488,1300.0,808.1971830985913,789.4293913032168,1.0,0,0,2280,407.5211267605634,4,0,0,0,0,0,14480,0.0,0
5,0,504.0,0.0,0.0,0.0,0.0,0.0,0,0,0,504.0,0,0,0,0,0,0,0,0.0,1
92538,21,0.0,81.14771950555593,381.0,57.52380952380953,9935.8132655369,1.0,0,0,680,47.95454545454546,4,0,0,0,0,0,13032,0.0,0
367206,41,0.0,724.6502292493469,287.0,28.97560975609756,20233.63021448377,1.0,0,0,1320,384.8936170212765,4,0,0,0,0,0,31856,0.0,0
352,2,0.0,0.0,0.0,0.0,0.0,2.0,0,0,64,0.0,0,0,0,0,0,0,13032,0.0,0
51055,2,0.0,0.0,0.0,0.0,21124.815087948107,7.0,0,0,40,0.0,0,0,0,0,0,0,16383,0.0,1
319720,3,0.0,19.106717841289925,0.0,0.0,71712.46126511069,7.0,0,0,76,7.399999999999999,4,0,0,0,0,0,16383,0.0,1
766104,7,0.0,264.8331010817406,202.0,57.71428571428571,162700.9239011436,1.0,0,0,156,117.75,4,0,0,0,0,0,16383,0.0,1
32342,51,0.0,6.658307684726639,54.0,18.11764705882352,1636.2531561945,1.0,0,0,1640,11.235294117647058,4,0,0,0,0,0,20272,0.0,0
58157,65,0.0,17.85379628981024,1300.0,793.3846153846154,1682.041616893452,1.0,0,0,2088,394.3636363636364,4,0,0,0,0,0,14480,0.0,0
329,2,0.0,0.0,0.0,0.0,0.0,2.0,0,0,64,0.0,0,0,0,0,0,0,14480,0.0,0
346,2,0.0,0.0,0.0,0.0,0.0,3.0,0,0,64,0.0,0,0,0,0,0,0,8688,0.0,0
2,0,24.0,0.0,0.0,0.0,0.0,0.0,0,0,0,24.0,0,0,0,0,0,0,0,0.0,1
640118,3,0.0,80.55805360111427,0.0,0.0,124178.578510144,9.0,0,0,76,31.2,4,0,0,0,0,0,16383,0.0,1
6,0,56.0,0.0,0.0,0.0,0.0,0.0,0,0,0,56.0,0,0,0,0,0,0,0,0.0,1
980,2,45.0,0.0,61.0,61.0,0.0,6.0,0,0,16,51.4,0,0,0,0,0,0,0,0.0,0
88770,2,0.0,0.0,0.0,0.0,26830.45970534236,7.0,0,0,40,0.0,0,0,0,0,0,0,16383,0.0,0
24193,39,0.0,718.6423708235253,287.0,30.461538461538467,566.7472081617904,2.0,0,0,1256,397.0888888888891,4,0,0,0,0,0,30408,0.0,0
305,2,0.0,0.0,0.0,0.0,0.0,1.0,0,0,64,0.0,0,0,0,0,0,0,10136,0.0,0
327,2,0.0,0.0,0.0,0.0,0.0,2.0,0,0,64,0.0,0,0,0,0,0,0,14480,0.0,0
4815,4,114.0,0.0,48.0,48.0,2193.931934526077,2.0,0,0,32,84.66666666666667,0,0,0,0,0,0,0,0.0,0
339,2,0.0,0.0,0.0,0.0,0.0,2.0,0,0,64,0.0,0,0,0,0,0,0,8688,0.0,0
333,2,0.0,0.0,0.0,0.0,0.0,5.0,0,0,64,0.0,0,0,0,0,0,0,14480,0.0,0
341,2,0.0,0.0,0.0,0.0,0.0,2.0,0,0,64,0.0,0,0,0,0,0,0,14480,0.0,0
313,2,0.0,0.0,0.0,0.0,0.0,2.0,0,0,64,0.0,0,0,0,0,0,0,7240,0.0,0
338,2,0.0,0.0,0.0,0.0,0.0,2.0,0,0,64,0.0,0,0,0,0,0,0,8688,0.0,0
305,2,0.0,0.0,0.0,0.0,0.0,2.0,0,0,64,0.0,0,0,0,0,0,0,14480,0.0,0
1005458,15,0.0,122.41532220727564,1448.0,614.9333333333334,333046.1117106926,2.0,0,0,488,391.2307692307692,4,0,0,0,0,0,8688,0.0,0
143494,53,0.0,19.38877325417693,1300.0,712.6415094339625,6064.569196564,1.0,0,0,1704,354.22222222222223,4,0,0,0,0,0,14480,0.0,0
2533,5,0.0,0.0,717.0,286.8,387.6910281826668,5.0,0,0,168,143.39999999999998,4,0,0,0,0,0,5792,0.0,0
367,2,0.0,0.0,0.0,0.0,0.0,3.0,0,0,64,0.0,0,0,0,0,0,0,65160,0.0,0
320,2,0.0,0.0,0.0,0.0,0.0,4.0,0,0,64,0.0,0,0,0,0,0,0,14480,0.0,0
1052,2,37.0,0.0,53.0,53.0,0.0,7.0,0,0,16,43.4,0,0,0,0,0,0,0,0.0,0
5553,5,0.0,0.0,732.0,292.8,853.3260416355131,2.0,0,0,168,146.4,4,0,0,0,0,0,5792,0.0,0
323,2,0.0,0.0,0.0,0.0,0.0,2.0,0,0,64,0.0,0,0,0,0,0,0,10136,0.0,0
4870,4,114.0,0.0,48.0,48.0,2191.625272105917,8.0,0,0,32,84.66666666666667,0,0,0,0,0,0,0,0.0,0
355,2,0.0,0.0,0.0,0.0,0.0,1.0,0,0,64,0.0,0,0,0,0,0,0,10136,0.0,0
331,2,0.0,0.0,0.0,0.0,0.0,3.0,0,0,64,0.0,0,0,0,0,0,0,14480,0.0,0
1128,2,45.0,0.0,61.0,61.0,0.0,2.0,0,0,16,51.4,0,0,0,0,0,0,0,0.0,0
294,2,0.0,0.0,0.0,0.0,0.0,3.0,0,0,64,0.0,0,0,0,0,0,0,14480,0.0,0
44753,21,0.0,80.76372296624533,1045.0,145.52380952380955,2301.1001195588856,0.0,0,0,680,91.04761904761908,4,0,0,0,0,0,13032,0.0,0
21568,33,0.0,22.3064253725967,1300.0,366.3030303030303,1393.7530488900543,1.0,0,0,1064,190.03030303030303,4,0,0,0,0,0,14480,0.0,0
1179,2,0.0,0.0,0.0,0.0,0.0,2.0,0,0,64,0.0,0,0,0,0,0,0,26064,0.0,0
2715,5,0.0,0.0,747.0,298.8,443.4061343734433,7.0,0,0,168,149.4,4,0,0,0,0,0,5792,0.0,0
4513,4,114.0,0.0,48.0,48.0,2066.3387911956743,6.0,0,0,32,84.66666666666667,0,0,0,0,0,0,0,0.0,0
987264,123,0.0,27.087465963521392,1448.0,76.130081300813,17907.707301948994,1.0,0,0,3944,44.36885245901639,4,0,0,0,0,0,47784,0.0,0
208,2,0.0,0.0,0.0,0.0,0.0,4.0,0,0,64,0.0,0,0,0,0,0,0,5792,0.0,0
63510,2,0.0,0.0,0.0,0.0,35598.58379205555,1.0,0,0,40,0.0,0,0,0,0,0,0,16383,0.0,1
327,2,0.0,0.0,0.0,0.0,0.0,1.0,0,0,64,0.0,0,0,0,0,0,0,14480,0.0,0
352,2,0.0,0.0,0.0,0.0,0.0,5.0,0,0,64,0.0,0,0,0,0,0,0,30408,0.0,0
30372,33,0.0,22.3064253725967,1300.0,333.81818181818176,1592.7655795495614,1.0,0,0,1064,173.7878787878788,4,0,0,0,0,0,14480,0.0,0
1024,2,45.0,0.0,61.0,61.0,0.0,8.0,0,0,16,51.4,0,0,0,0,0,0,0,0.0,0
8,0,56.0,0.0,0.0,0.0,0.0,0.0,0,0,0,56.0,0,0,0,0,0,0,0,0.0,1
10,0,434.0,0.0,0.0,0.0,0.0,0.0,0,0,0,434.0,0,0,0,0,0,0,0,0.0,1
977080,3,0.0,336.6913522302981,0.0,0.0,248368.21921956923,4.0,0,0,76,130.4,4,0,0,0,0,0,16383,0.0,1
26707,45,0.0,19.65548687392932,1300.0,667.4222222222222,956.0238591122708,1.0,0,0,1448,331.3913043478262,4,0,0,0,0,0,14480,0.0,0
350,2,0.0,0.0,0.0,0.0,0.0,1.0,0,0,64,0.0,0,0,0,0,0,0,8688,0.0,0
124405,4,114.0,0.0,52.0,52.0,63499.292132537455,8.0,0,0,32,86.44444444444444,0,0,0,0,0,0,0,0.0,0
21357,45,0.0,19.989267733569253,1300.0,592.8444444444444,804.9060984006302,1.0,0,0,1448,301.46666666666664,4,0,0,0,0,0,14480,0.0,0
158714,83,0.0,16.26082202818231,1300.0,920.1204819277108,2433.231637715114,1.0,0,0,2664,462.9879518072292,4,0,0,0,0,0,14480,0.0,0
794489,123,0.0,27.09241369003177,1448.0,68.82926829268293,11819.993523970668,1.0,0,0,3944,40.66393442622952,4,0,0,0,0,0,47784,0.0,0
1832803,15,0.0,116.7156607081734,1448.0,614.9333333333334,338952.4420960182,5.0,0,0,488,363.28571428571433,4,0,0,0,948,9224,8688,0.0,0
24572,39,0.0,21.08021663617728,1300.0,504.87179487179486,1252.7625611162457,1.0,0,0,1256,258.2564102564103,4,0,0,0,0,0,14480,0.0,0
306,2,0.0,0.0,0.0,0.0,0.0,1.0,0,0,64,0.0,0,0,0,0,0,0,10136,0.0,0
66259,2,0.0,0.0,0.0,0.0,28226.288491404604,9.0,0,0,40,0.0,0,0,0,0,0,0,16383,0.0,1
323,2,0.0,0.0,0.0,0.0,0.0,2.0,0,0,64,0.0,0,0,0,0,0,0,14480,0.0,0
361,2,0.0,0.0,0.0,0.0,0.0,2.0,0,0,64,0.0,0,0,0,0,0,0,14480,0.0,0
1016,2,45.0,0.0,61.0,61.0,0.0,7.0,0,0,16,51.4,0,0,0,0,0,0,0,0.0,0
368,2,0.0,0.0,0.0,0.0,0.0,3.0,0,0,64,0.0,0,0,0,0,0,0,14480,0.0,0
85455,83,0.0,16.26082202818231,1300.0,938.3132530120484,1493.5799842808703,1.0,0,0,2664,472.0843373493975,4,0,0,0,0,0,14480,0.0,0
314,2,0.0,0.0,0.0,0.0,0.0,2.0,0,0,64,0.0,0,0,0,0,0,0,14480,0.0,0
118348,4,114.0,0.0,52.0,50.0,59433.014060649264,8.0,0,0,32,85.55555555555556,0,0,0,0,0,0,0,0.0,0
364,2,0.0,0.0,0.0,0.0,0.0,6.0,0,0,64,0.0,0,0,0,0,0,0,14480,0.0,0
449,2,0.0,0.0,0.0,0.0,0.0,2.0,0,0,64,0.0,0,0,0,0,0,0,14480,0.0,0
229,3,0.0,0.0,0.0,0.0,0.0,3.0,0,0,96,0.0,0,0,0,0,0,0,36200,0.0,0
75116,53,0.0,19.681667209175394,1300.0,619.2830188679247,2128.819362933361,1.0,0,0,1704,314.22641509433964,4,0,0,0,0,0,14480,0.0,0
398,2,0.0,0.0,0.0,0.0,0.0,2.0,0,0,64,0.0,0,0,0,0,0,0,47784,0.0,0
4357,15,0.0,256.64450120740946,192.0,100.8,324.7783126702773,2.0,0,0,488,141.5,4,0,0,0,0,0,14480,0.0,0
5,0,24.0,0.0,0.0,0.0,0.0,0.0,0,0,0,24.0,0,0,0,0,0,0,0,0.0,1
360,2,0.0,0.0,0.0,0.0,0.0,2.0,0,0,64,0.0,0,0,0,0,0,0,13032,0.0,0
132237,39,0.0,717.7119130988991,287.0,30.461538461538467,10968.636525897142,2.0,0,0,1256,396.4000000000002,4,0,0,0,0,0,30408,0.0,0
129,2,0.0,0.0,0.0,0.0,0.0,3.0,0,0,64,0.0,0,0,0,0,0,0,28960,0.0,0
65163,47,0.0,20.08417070838321,1300.0,612.595744680851,2092.218251067754,1.0,0,0,1512,311.2978723404256,4,0,0,0,0,0,14480,0.0,0
330,2,0.0,0.0,0.0,0.0,0.0,5.0,0,0,64,0.0,0,0,0,0,0,0,14480,0.0,0
324,2,0.0,0.0,0.0,0.0,0.0,5.0,0,0,64,0.0,0,0,0,0,0,0,7240,0.0,0
18515,15,0.0,99.13316607162618,277.0,46.66666666666666,2241.82649320616,1.0,0,0,488,46.66666666666666,4,0,0,0,0,0,10136,0.0,0
158487,3,0.0,46.35525346505532,0.0,0.0,28908.948402988764,7.0,0,0,76,17.272727272727273,4,0,0,0,0,0,16383,0.0,1
20376,43,0.0,20.337683508684545,1300.0,558.2790697674418,768.0123982739075,1.0,0,0,1384,284.4186046511628,4,0,0,0,0,0,14480,0.0,0
367,2,0.0,0.0,0.0,0.0,0.0,5.0,0,0,64,0.0,0,0,0,0,0,0,13032,0.0,0
317,2,0.0,0.0,0.0,0.0,0.0,5.0,0,0,64,0.0,0,0,0,0,0,0,20272,0.0,0
3605336,361,0.0,28.70164668817915,1448.0,1206.0110803324098,162258.83474058448,1.0,0,0,11560,776.772241992883,4,0,0,0,1176,435370,30408,0.0,0
3801,9,0.0,62.487687676142336,777.0,181.11111111111111,368.3323906473608,6.0,0,0,296,101.7,4,0,0,0,0,0,10136,0.0,0
416,2,0.0,0.0,0.0,0.0,0.0,3.0,0,0,64,0.0,0,0,0,0,0,0,5792,0.0,0
704374,3,0.0,24.8854518601876,0.0,0.0,129155.62719512716,10.0,0,0,76,9.272727272727272,4,0,0,0,0,0,16383,0.0,1
4898,15,0.0,345.50986478922226,192.0,100.8,353.2146251623387,2.0,0,0,488,158.25,4,0,0,0,0,0,14480,0.0,0
1069,2,45.0,0.0,61.0,61.0,0.0,7.0,0,0,16,51.4,0,0,0,0,0,0,0,0.0,0
87190,2,0.0,0.0,0.0,0.0,24139.918402927546,7.0,0,0,40,0.0,0,0,0,0,0,0,16383,0.0,1
1853,4,88.0,16.165807537309526,72.0,48.0,810.0230449396693,5.0,0,0,32,76.44444444444444,0,0,0,0,0,0,0,0.0,0
400949,27,0.0,297.8328286911197,192.0,55.99999999999999,13721.456129969103,1.0,0,0,872,94.96296296296296,4,0,0,0,0,0,14480,0.0,0
1003,2,45.0,0.0,61.0,61.0,0.0,8.0,0,0,16,51.4,0,0,0,0,0,0,0,0.0,0
31762,9,0.0,0.0,1448.0,910.2222222222222,2360.6230109867183,3.0,0,0,296,512.0,4,0,0,0,0,0,5792,0.0,0
5912,15,0.0,222.7434997180988,192.0,100.8,447.8585342121624,2.0,0,0,488,135.0,4,0,0,0,0,0,14480,0.0,0
316,2,0.0,0.0,0.0,0.0,0.0,2.0,0,0,64,0.0,0,0,0,0,0,0,5792,0.0,0
1165,2,45.0,0.0,61.0,61.0,0.0,8.0,0,0,16,51.4,0,0,0,0,0,0,0,0.0,0
120,2,0.0,0.0,0.0,0.0,0.0,4.0,0,0,64,0.0,0,0,0,0,0,0,14480,0.0,0
2,0,504.0,0.0,0.0,0.0,0.0,0.0,0,0,0,504.0,0,0,0,0,0,0,0,0.0,0
1122233,15,0.0,116.7156607081734,1448.0,614.9333333333334,299621.269165076,1.0,0,0,488,363.28571428571433,4,0,0,0,0,0,8688,0.0,0
342,2,0.0,0.0,0.0,0.0,0.0,2.0,0,0,64,0.0,0,0,0,0,0,0,14480,0.0,0
311,2,0.0,0.0,0.0,0.0,0.0,1.0,0,0,64,0.0,0,0,0,0,0,0,14480,0.0,0
1050,2,37.0,0.0,53.0,53.0,0.0,7.0,0,0,16,43.4,0,0,0,0,0,0,0,0.0,0
236647,3,0.0,543.7668618075213,0.0,0.0,42892.39658960548,8.0,0,0,76,210.6,4,0,0,0,0,0,16383,0.0,1
332,2,0.0,0.0,0.0,0.0,0.0,1.0,0,0,64,0.0,0,0,0,0,0,0,14480,0.0,0
1082,2,38.0,0.0,54.0,54.0,0.0,9.0,0,0,16,44.4,0,0,0,0,0,0,0,0.0,0
969,2,45.0,0.0,61.0,61.0,0.0,3.0,0,0,16,51.4,0,0,0,0,0,0,0,0.0,0
333,2,0.0,0.0,0.0,0.0,0.0,2.0,0,0,64,0.0,0,0,0,0,0,0,30408,0.0,0
5087,21,0.0,81.21193845345906,433.0,50.095238095238095,377.4868960972635,1.0,0,0,680,44.23809523809524,4,0,0,0,0,0,13032,0.0,0
26479,43,0.0,20.337683508684545,1300.0,562.4186046511628,1075.6773538158156,1.0,0,0,1384,286.48837209302314,4,0,0,0,0,0,14480,0.0,0
39593,2,0.0,0.0,0.0,0.0,27328.26287929769,1.0,0,0,40,0.0,0,0,0,0,0,0,16383,0.0,1
107071,2,0.0,0.0,0.0,0.0,43105.93648791312,6.0,0,0,40,0.0,0,0,0,0,0,0,16383,0.0,1
1131297,15,0.0,116.7156607081734,1448.0,614.9333333333334,299805.9003106389,3.0,0,0,488,363.28571428571433,4,0,0,0,0,0,8688,0.0,0
325078,3,0.0,158.0177205252626,0.0,0.0,69978.25598498437,7.0,0,0,76,61.2,4,0,0,0,0,0,16383,0.0,1
351422,15,0.0,99.13316607162618,277.0,46.66666666666666,40398.254478507566,1.0,0,0,488,46.66666666666666,4,0,0,0,0,0,10136,0.0,0
341,2,0.0,0.0,0.0,0.0,0.0,3.0,0,0,64,0.0,0,0,0,0,0,0,47784,0.0,0
1041,2,45.0,0.0,61.0,61.0,0.0,9.0,0,0,16,51.4,0,0,0,0,0,0,0,0.0,0
16443,41,0.0,20.70123246671622,1300.0,543.2682926829267,714.0668306233606,1.0,0,0,1320,277.1707317073171,4,0,0,0,0,0,14480,0.0,0
24525,43,0.0,20.337683508684545,1300.0,589.0697674418604,974.5101909139393,1.0,0,0,1384,299.81395348837214,4,0,0,0,0,0,14480,0.0,0
41476,2,0.0,0.0,0.0,0.0,10592.459582174482,5.0,0,0,40,0.0,0,0,0,0,0,0,16383,0.0,1
937,2,45.0,0.0,61.0,61.0,0.0,2.0,0,0,16,51.4,0,0,0,0,0,0,0,0.0,0
323,2,0.0,0.0,0.0,0.0,0.0,2.0,0,0,64,0.0,0,0,0,0,0,0,14480,0.0,0
128,2,0.0,0.0,0.0,0.0,0.0,3.0,0,0,64,0.0,0,0,0,0,0,0,14480,0.0,0
134,2,0.0,0.0,0.0,0.0,0.0,3.0,0,0,64,0.0,0,0,0,0,0,0,14480,0.0,0
1159354,15,0.0,116.7156607081734,1448.0,614.9333333333334,298913.82924752444,2.0,0,0,488,363.28571428571433,4,0,0,0,0,0,8688,0.0,0
342,2,0.0,0.0,0.0,0.0,0.0,2.0,0,0,64,0.0,0,0,0,0,0,0,14480,0.0,0
6507,33,0.0,22.739504336534345,1300.0,354.7272727272727,295.3164496243296,1.0,0,0,1064,190.0,4,0,0,0,0,0,14480,0.0,0
1674129,39,0.0,723.6262972692102,287.0,30.461538461538467,73366.62895638269,2.0,0,0,1256,393.8913043478262,4,0,0,0,0,0,31856,0.0,0
355,2,0.0,0.0,0.0,0.0,0.0,2.0,0,0,64,0.0,0,0,0,0,0,0,47784,0.0,0
321,2,0.0,0.0,0.0,0.0,0.0,2.0,0,0,64,0.0,0,0,0,0,0,0,14480,0.0,0
1549,4,88.0,13.856406460551018,72.0,48.0,674.6339748337613,2.0,0,0,32,75.55555555555556,0,0,0,0,0,0,0,0.0,0
322,2,0.0,0.0,0.0,0.0,0.0,2.0,0,0,64,0.0,0,0,0,0,0,0,5792,0.0,0
354,2,0.0,0.0,0.0,0.0,0.0,5.0,0,0,64,0.0,0,0,0,0,0,0,10136,0.0,0
261163,4,114.0,0.0,52.0,50.0,142015.46451472578,6.0,0,0,32,85.55555555555556,0,0,0,0,0,0,0,0.0,0
1004401,15,0.0,122.41532220727564,1448.0,614.9333333333334,333054.0239786349,2.0,0,0,488,391.2307692307692,4,0,0,0,0,0,8688,0.0,0
348,2,0.0,0.0,0.0,0.0,0.0,3.0,0,0,64,0.0,0,0,0,0,0,0,8688,0.0,0
30214,2,0.0,0.0,0.0,0.0,9515.53595442737,7.0,0,0,40,0.0,0,0,0,0,0,0,16383,0.0,1
311,2,0.0,0.0,0.0,0.0,0.0,4.0,0,0,64,0.0,0,0,0,0,0,0,10136,0.0,0
360,2,0.0,0.0,0.0,0.0,0.0,2.0,0,0,64,0.0,0,0,0,0,0,0,14480,0.0,0
9,0,826.0,0.0,0.0,0.0,0.0,0.0,0,0,0,826.0,0,0,0,0,0,0,0,0.0,1
58535,71,0.0,16.93905773703584,1300.0,819.549295774648,1262.099836221343,1.0,0,0,2280,413.0845070422535,4,0,0,0,0,0,14480,0.0,0
3,0,492.0,0.0,0.0,0.0,0.0,0.0,0,0,0,492.0,0,0,0,0,0,0,0,0.0,1
868699,5,0.0,227.1077466125464,11.0,4.4,147945.90794032023,2.0,0,0,116,83.14285714285714,4,0,0,0,0,0,16383,0.0,1
18513,15,0.0,99.13316607162618,277.0,46.66666666666666,2274.224204156053,1.0,0,0,488,46.66666666666666,4,0,0,0,0,0,10136,0.0,0
5083,15,0.0,310.84058079129034,192.0,100.8,381.6197559027023,2.0,0,0,488,151.74999999999997,4,0,0,0,0,0,14480,0.0,0
29882,39,0.0,718.3973501155618,287.0,30.461538461538467,910.6497988373186,2.0,0,0,1256,396.91111111111127,4,0,0,0,0,0,30408,0.0,0
339,2,0.0,0.0,0.0,0.0,0.0,3.0,0,0,64,0.0,0,0,0,0,0,0,20272,0.0,0
250116,57,0.0,119.24175012846632,848.0,87.47368421052629,7806.80822361808,0.0,0,0,1832,65.65811965811966,4,0,0,0,0,0,24616,0.0,0
1071,2,45.0,0.0,61.0,61.0,0.0,7.0,0,0,16,51.4,0,0,0,0,0,0,0,0.0,0
1078,2,37.0,0.0,53.0,53.0,0.0,8.0,0,0,16,43.4,0,0,0,0,0,0,0,0.0,0
1141535,15,0.0,116.7156607081734,1448.0,614.9333333333334,299462.2941944748,4.0,0,0,488,363.28571428571433,4,0,0,0,0,0,8688,0.0,0
491893,39,0.0,717.5377467138461,287.0,30.461538461538467,23970.198406094827,1.0,0,0,1256,396.26666666666654,4,0,0,0,0,0,30408,0.0,0
73863,5,0.0,0.0,769.0,307.6,372.9682738964983,5.0,0,0,168,153.8,4,0,0,0,0,0,5792,0.0,0
317,2,0.0,0.0,0.0,0.0,0.0,2.0,0,0,64,0.0,0,0,0,0,0,0,5792,0.0,0
363,2,0.0,0.0,0.0,0.0,0.0,5.0,0,0,64,0.0,0,0,0,0,0,0,14480,0.0,0
2564,5,0.0,0.0,736.0,294.4,414.2491198944583,5.0,0,0,168,147.2,4,0,0,0,0,0,5792,0.0,0
335,2,0.0,0.0,0.0,0.0,0.0,5.0,0,0,64,0.0,0,0,0,0,0,0,7240,0.0,0
326,2,0.0,0.0,0.0,0.0,0.0,3.0,0,0,64,0.0,0,0,0,0,0,0,7240,0.0,0
75695,2,0.0,0.0,0.0,0.0,29688.585314898384,7.0,0,0,40,0.0,0,0,0,0,0,0,16383,0.0,1
307,2,0.0,0.0,0.0,0.0,0.0,2.0,0,0,64,0.0,0,0,0,0,0,0,14480,0.0,0
334,2,0.0,0.0,0.0,0.0,0.0,2.0,0,0,64,0.0,0,0,0,0,0,0,8688,0.0,0
1132,2,45.0,0.0,61.0,61.0,0.0,7.0,0,0,16,51.4,0,0,0,0,0,0,0,0.0,0
1617,4,88.0,18.475208614068023,72.0,48.0,695.707074373499,4.0,0,0,32,77.33333333333333,0,0,0,0,0,0,0,0.0,0
352,2,0.0,0.0,0.0,0.0,0.0,3.0,0,0,64,0.0,0,0,0,0,0,0,13032,0.0,0
10,0,56.0,0.0,0.0,0.0,0.0,0.0,0,0,0,56.0,0,0,0,0,0,0,0,0.0,1
52310,43,0.0,20.774325260080392,1300.0,502.4186046511629,1909.8690010625105,1.0,0,0,1384,256.6744186046512,4,0,0,0,0,0,14480,0.0,0
1482055,7,0.0,104.47248441575418,1372.0,511.4285714285715,318447.9875911281,8.0,0,0,156,257.1764705882353,4,0,0,0,0,0,16383,0.0,1
357,2,0.0,0.0,0.0,0.0,0.0,3.0,0,0,64,0.0,0,0,0,0,0,0,10136,0.0,0
354,2,0.0,0.0,0.0,0.0,0.0,2.0,0,0,64,0.0,0,0,0,0,0,0,13032,0.0,0
20427,47,0.0,20.08417070838321,1300.0,649.2340425531914,593.2429553230312,1.0,0,0,1512,329.61702127659584,4,0,0,0,0,0,14480,0.0,0
332,2,0.0,0.0,0.0,0.0,0.0,2.0,0,0,64,0.0,0,0,0,0,0,0,11584,0.0,0
353,2,0.0,0.0,0.0,0.0,0.0,3.0,0,0,64,0.0,0,0,0,0,0,0,30408,0.0,0
1019476,5,0.0,0.0,362.0,144.8,428399.96214674594,4.0,0,0,116,65.81818181818183,4,0,0,0,0,0,16383,0.0,1
333,2,0.0,0.0,0.0,0.0,0.0,3.0,0,0,64,0.0,0,0,0,0,0,0,14480,0.0,0
337,2,0.0,0.0,0.0,0.0,0.0,2.0,0,0,64,0.0,0,0,0,0,0,0,14480,0.0,0
4,0,76.0,0.0,0.0,0.0,0.0,0.0,0,0,0,76.0,0,0,0,0,0,0,0,0.0,1
22460,43,0.0,19.989267733569253,1300.0,589.0697674418604,866.6230722062373,0.0,0,0,1384,293.0,4,0,0,0,0,0,14480,0.0,0
360,2,0.0,0.0,0.0,0.0,0.0,2.0,0,0,64,0.0,0,0,0,0,0,0,47784,0.0,0
32508,33,0.0,22.3064253725967,1300.0,392.0,1567.739855943574,1.0,0,0,1064,202.8787878787879,4,0,0,0,0,0,14480,0.0,0
332,2,0.0,0.0,0.0,0.0,0.0,2.0,0,0,64,0.0,0,0,0,0,0,0,5792,0.0,0
627563,5,0.0,29.277002188455995,0.0,0.0,203622.2678821417,2.0,0,0,116,9.23076923076923,4,0,0,0,0,0,16383,0.0,1
505265,39,0.0,723.6262972692102,287.0,30.461538461538467,27386.878684938336,2.0,0,0,1256,393.8913043478262,4,0,0,0,0,0,31856,0.0,0
1109855,15,0.0,122.41532220727564,1448.0,614.9333333333334,360521.9834436052,2.0,0,0,488,391.2307692307692,4,0,0,0,948,9224,8688,0.0,0
23476,55,0.0,18.865591749571376,1300.0,717.9272727272726,521.9130879828915,0.0,0,0,1768,363.2363636363636,4,0,0,0,0,0,14480,0.0,0
19668,2,0.0,0.0,0.0,0.0,3597.052195895967,3.0,0,0,40,0.0,0,0,0,0,0,0,16383,0.0,1
18433,43,0.0,20.337683508684545,1300.0,589.0697674418604,680.3119549865054,1.0,0,0,1384,299.81395348837214,4,0,0,0,0,0,14480,0.0,0
299,2,0.0,0.0,0.0,0.0,0.0,2.0,0,0,64,0.0,0,0,0,0,0,0,14480,0.0,0
54485,47,0.0,20.08417070838321,1300.0,637.3617021276598,1881.2292921106,1.0,0,0,1512,323.6808510638298,4,0,0,0,0,0,14480,0.0,0
18473,43,0.0,19.65548687392932,1300.0,642.6046511627908,597.3878982789165,0.0,0,0,1384,312.0666666666666,4,0,0,0,0,0,14480,0.0,0
19301,2,0.0,0.0,0.0,0.0,5418.559264232514,9.0,0,0,40,0.0,0,0,0,0,0,0,16383,0.0,1
62301,63,0.0,17.829381154819387,1300.0,775.0793650793652,1631.685217385351,1.0,0,0,2024,391.2698412698413,4,0,0,0,0,0,14480,0.0,0
3606,9,0.0,65.29726895769328,776.0,180.88888888888889,338.0901424833981,3.0,0,0,296,103.0,4,0,0,0,0,0,10136,0.0,0
117293,2,0.0,0.0,0.0,0.0,49299.484784326094,7.0,0,0,40,0.0,0,0,0,0,0,0,16383,0.0,0
20822614,855,0.0,19.72827841113012,1448.0,1228.261988304093,602988.9534222661,1.0,0,0,27368,805.5283307810101,4,0,0,0,928,525082,59368,6134127.0,0
1420240,15,0.0,89.23222347270269,800.0,222.9333333333333,113815.503723625,1.0,0,0,316,153.6363636363636,4,0,0,0,0,0,16383,0.0,1
1307,2,0.0,0.0,0.0,0.0,0.0,3.0,0,0,64,0.0,0,0,0,0,0,0,8688,0.0,0
971,2,45.0,0.0,61.0,61.0,0.0,5.0,0,0,16,51.4,0,0,0,0,0,0,0,0.0,0
1106392,15,0.0,122.41532220727564,1448.0,614.9333333333334,331100.20683930075,2.0,0,0,488,391.2307692307692,4,0,0,0,948,9224,8688,0.0,0
767178,5,0.0,76.12020568998558,0.0,0.0,232090.4235275553,5.0,0,0,116,24.0,4,0,0,0,0,0,16383,0.0,1
5,0,504.0,0.0,0.0,0.0,0.0,0.0,0,0,0,504.0,0,0,0,0,0,0,0,0.0,0
1016,2,45.0,0.0,61.0,61.0,0.0,7.0,0,0,16,51.4,0,0,0,0,0,0,0,0.0,0
500945,3,0.0,80.55805360111427,0.0,0.0,95203.41622914588,2.0,0,0,76,31.2,4,0,0,0,0,0,16383,0.0,1
81202,2,0.0,0.0,0.0,0.0,37717.78281527163,8.0,0,0,40,0.0,0,0,0,0,0,0,16383,0.0,1
218065,5,0.0,79.53585594530546,511.0,204.4,42688.211979421205,8.0,0,0,116,103.69230769230768,4,0,0,0,0,0,16383,0.0,1
785148,27,0.0,268.42611359839503,192.0,55.99999999999999,31695.861328308045,2.0,0,0,872,90.81481481481482,4,0,0,0,0,0,14480,0.0,0
53757,2,0.0,0.0,0.0,0.0,19425.637492756832,3.0,0,0,40,0.0,0,0,0,0,0,0,16383,0.0,1
487,2,0.0,0.0,0.0,0.0,0.0,2.0,0,0,64,0.0,0,0,0,0,0,0,20272,0.0,0
1029,2,45.0,0.0,61.0,61.0,0.0,7.0,0,0,16,51.4,0,0,0,0,0,0,0,0.0,0
705175,5,0.0,91.74927014112194,189.0,75.6,115838.0749946933,3.0,0,0,116,74.57142857142856,4,0,0,0,0,0,16383,0.0,1
69503,9,0.0,0.0,1448.0,910.2222222222222,25952.98012248488,2.0,0,0,296,455.1111111111111,4,0,0,0,0,0,5792,0.0,0
238569,83,0.0,16.26082202818231,1300.0,892.4819277108433,3789.45920618083,1.0,0,0,2664,449.1686746987952,4,0,0,0,0,0,14480,0.0,0
10422,37,0.0,21.474606635715823,1300.0,468.972972972973,447.1909054110481,1.0,0,0,1192,240.6216216216216,4,0,0,0,0,0,14480,0.0,0
41095,53,0.0,19.681667209175394,1300.0,715.3207547169811,1213.9970510672586,1.0,0,0,1704,362.24528301886784,4,0,0,0,0,0,14480,0.0,0
614098,5,0.0,29.277002188455995,0.0,0.0,199623.6526232968,2.0,0,0,116,9.23076923076923,4,0,0,0,0,0,16383,0.0,1
1505961,11,0.0,519.9144583728724,0.0,0.0,87420.84481065051,3.0,0,0,236,996.0909090909092,4,0,0,0,0,0,16383,0.0,1
2166075,121,0.0,23.938934335938463,1448.0,73.25619834710743,28338.343280543795,1.0,0,0,3880,42.09166666666666,4,0,0,0,0,0,47784,0.0,0
54726,7,0.0,165.24728943818312,148.0,42.285714285714285,15704.60558243982,4.0,0,0,232,66.85714285714285,4,0,0,0,0,0,7240,0.0,0
315,2,0.0,0.0,0.0,0.0,0.0,4.0,0,0,64,0.0,0,0,0,0,0,0,14480,0.0,0
316,2,0.0,0.0,0.0,0.0,0.0,2.0,0,0,64,0.0,0,0,0,0,0,0,14480,0.0,0
319,2,0.0,0.0,0.0,0.0,0.0,2.0,0,0,64,0.0,0,0,0,0,0,0,49232,0.0,0
229326,39,0.0,718.8283709890529,287.0,30.461538461538467,16335.194771055938,1.0,0,0,1256,397.2222222222224,4,0,0,0,0,0,30408,0.0,0
313,2,0.0,0.0,0.0,0.0,0.0,2.0,0,0,64,0.0,0,0,0,0,0,0,5792,0.0,0
121,2,0.0,0.0,0.0,0.0,0.0,3.0,0,0,64,0.0,0,0,0,0,0,0,5792,0.0,0
1356550,5,0.0,718.7496213437738,0.0,0.0,314642.72907256783,5.0,0,0,168,481.88235294117646,4,0,0,0,0,0,10136,0.0,0
374862,27,0.0,201.34293745135056,192.0,55.99999999999999,13905.945267762276,1.0,0,0,872,81.18518518518519,4,0,0,0,0,0,14480,0.0,0
1055,2,45.0,0.0,61.0,61.0,0.0,1.0,0,0,16,51.4,0,0,0,0,0,0,0,0.0,0
701950,17,0.0,466.6630012387378,129.0,61.76470588235294,46718.95124760905,3.0,0,0,356,148.21621621621622,4,0,0,0,0,0,16383,0.0,1
415742,13,0.0,348.6148099468606,1460.0,976.923076923077,72827.9716082456,2.0,0,0,276,662.909090909091,4,0,0,0,0,0,16383,0.0,1
1023,2,45.0,0.0,61.0,61.0,0.0,2.0,0,0,16,51.4,0,0,0,0,0,0,0,0.0,0
24408,55,0.0,18.865591749571376,1300.0,690.2181818181818,662.1962890669136,0.0,0,0,1768,349.3818181818182,4,0,0,0,0,0,14480,0.0,0
352,2,0.0,0.0,0.0,0.0,0.0,3.0,0,0,64,0.0,0,0,0,0,0,0,13032,0.0,0
66078,2,0.0,0.0,0.0,0.0,46719.95924655757,3.0,0,0,40,0.0,0,0,0,0,0,0,16383,0.0,0
467,2,0.0,0.0,0.0,0.0,0.0,3.0,0,0,64,0.0,0,0,0,0,0,0,14480,0.0,0
364,2,0.0,0.0,0.0,0.0,0.0,5.0,0,0,64,0.0,0,0,0,0,0,0,5792,0.0,0
11462,35,0.0,21.883828750570903,1300.0,412.9714285714285,408.896179032371,1.0,0,0,1128,212.97142857142853,4,0,0,0,0,0,14480,0.0,0
323,2,0.0,0.0,0.0,0.0,0.0,2.0,0,0,64,0.0,0,0,0,0,0,0,5792,0.0,0
335,2,0.0,0.0,0.0,0.0,0.0,2.0,0,0,64,0.0,0,0,0,0,0,0,8688,0.0,0
14143,35,0.0,21.883828750570903,1300.0,442.3428571428572,595.8044472760666,0.0,0,0,1128,227.65714285714293,4,0,0,0,0,0,14480,0.0,0
359,2,0.0,0.0,0.0,0.0,0.0,2.0,0,0,64,0.0,0,0,0,0,0,0,14480,0.0,0
1077,2,45.0,0.0,61.0,61.0,0.0,9.0,0,0,16,51.4,0,0,0,0,0,0,0,0.0,0
129,2,0.0,0.0,0.0,0.0,0.0,3.0,0,0,64,0.0,0,0,0,0,0,0,14480,0.0,0
1018161,3,0.0,42.86101569802875,0.0,0.0,251265.04664656403,1.0,0,0,76,16.599999999999998,4,0,0,0,0,0,16383,0.0,0
344,2,0.0,0.0,0.0,0.0,0.0,2.0,0,0,64,0.0,0,0,0,0,0,0,14480,0.0,0
89600,2,0.0,0.0,0.0,0.0,34922.58970924121,7.0,0,0,40,0.0,0,0,0,0,0,0,16383,0.0,1
6,0,56.0,0.0,0.0,0.0,0.0,0.0,0,0,0,56.0,0,0,0,0,0,0,0,0.0,1
349,2,0.0,0.0,0.0,0.0,0.0,4.0,0,0,64,0.0,0,0,0,0,0,0,8688,0.0,0
2418241,19,0.0,234.43641515033028,114.0,46.315789473684205,151671.89460971337,2.0,0,0,396,68.3076923076923,4,0,0,0,0,0,16383,0.0,1
100405,2,0.0,0.0,0.0,0.0,44513.78608925554,7.0,0,0,40,0.0,0,0,0,0,0,0,16383,0.0,1
58409,43,0.0,20.774325260080392,1300.0,560.372093023256,1970.2091863060832,1.0,0,0,1384,285.6511627906977,4,0,0,0,0,0,14480,0.0,0
119238,39,0.0,718.9220888218126,287.0,30.461538461538467,9351.772159168911,0.0,0,0,1256,397.28888888888895,4,0,0,0,0,0,30408,0.0,0
1424112,435,0.0,26.88165599245897,1448.0,1207.8896551724142,36849.80874885932,1.0,0,0,13928,790.8558558558556,4,0,0,0,0,0,34752,0.0,0
1148172,19,0.0,707.768864648457,136.0,54.210526315789465,60898.57959286548,3.0,0,0,396,553.0175438596492,4,0,0,0,0,0,16383,0.0,1
7,0,56.0,0.0,0.0,0.0,0.0,0.0,0,0,0,56.0,0,0,0,0,0,0,0,0.0,1
19730,41,0.0,20.337683508684545,1300.0,519.7073170731707,642.2971445921424,0.0,0,0,1320,259.07142857142856,4,0,0,0,0,0,14480,0.0,0
325,2,0.0,0.0,0.0,0.0,0.0,2.0,0,0,64,0.0,0,0,0,0,0,0,14480,0.0,0
364,2,0.0,0.0,0.0,0.0,0.0,2.0,0,0,64,0.0,0,0,0,0,0,0,8688,0.0,0
330,2,0.0,0.0,0.0,0.0,0.0,3.0,0,0,64,0.0,0,0,0,0,0,0,14480,0.0,0
1656,4,88.0,23.09401076758504,72.0,48.0,733.5236874157507,2.0,0,0,32,79.11111111111111,0,0,0,0,0,0,0,0.0,0
1029320,5,0.0,96.6141072219048,662.0,264.8,279254.3854901835,3.0,0,0,116,132.30769230769232,4,0,0,0,0,0,16383,0.0,1
391,2,0.0,0.0,0.0,0.0,0.0,5.0,0,0,64,0.0,0,0,0,0,0,0,14480,0.0,0
1816,4,88.0,18.475208614068023,72.0,48.0,787.2185211235823,2.0,0,0,32,77.33333333333333,0,0,0,0,0,0,0,0.0,0
366406,4,114.0,0.0,52.0,50.0,194548.56554941065,7.0,0,0,32,85.55555555555556,0,0,0,0,0,0,0,0.0,0
16499,47,0.0,19.65548687392932,1300.0,639.1914893617022,483.9098098203879,1.0,0,0,1512,324.4255319148936,4,0,0,0,0,0,14480,0.0,0
2901984,17,0.0,451.33964985603,127.0,57.76470588235294,241312.97317430368,3.0,0,0,356,124.32432432432437,4,0,0,0,0,0,16383,0.0,1
1021596,5,0.0,30.983866769659336,0.0,0.0,136505.17884571265,3.0,0,0,116,9.999999999999998,4,0,0,0,0,0,16383,0.0,1
228394,39,0.0,720.2172846737692,287.0,30.461538461538467,14909.931756825628,2.0,0,0,1256,398.1777777777778,4,0,0,0,0,0,30408,0.0,0
825068,7,0.0,88.8069066383165,1460.0,520.0,152174.5864091636,2.0,0,0,156,266.93333333333334,4,0,0,0,0,0,16383,0.0,1
899392,21,0.0,683.0255586180434,113.0,43.61904761904761,38067.3704697772,1.0,0,0,436,644.986301369863,4,0,0,0,0,0,16383,0.0,1
25815,39,0.0,716.915608843943,287.0,30.461538461538467,754.8248608639168,1.0,0,0,1256,395.77777777777794,4,0,0,0,0,0,30408,0.0,0
378,2,0.0,0.0,0.0,0.0,0.0,3.0,0,0,64,0.0,0,0,0,0,0,0,47784,0.0,0
757686,7,0.0,85.39125638299664,1460.0,546.2857142857142,163558.6719393584,2.0,0,0,156,278.26666666666665,4,0,0,0,0,0,16383,0.0,1
312,2,0.0,0.0,0.0,0.0,0.0,2.0,0,0,64,0.0,0,0,0,0,0,0,5792,0.0,0
399,2,0.0,0.0,0.0,0.0,0.0,2.0,0,0,64,0.0,0,0,0,0,0,0,10136,0.0,0
50829,63,0.0,61.84480161807852,1448.0,972.6666666666666,1883.6817879548032,1.0,0,0,2024,596.5961538461539,4,0,0,0,0,0,13032,0.0,0
356,2,0.0,0.0,0.0,0.0,0.0,2.0,0,0,64,0.0,0,0,0,0,0,0,14480,0.0,0
1137915,15,0.0,122.41532220727564,1448.0,614.9333333333334,331348.407653401,2.0,0,0,488,391.2307692307692,4,0,0,0,948,9224,8688,0.0,0
5746478,435,0.0,26.769982442915964,1448.0,1207.8896551724142,220855.70146921487,1.0,0,0,13928,788.488023952095,4,0,0,0,1278,525432,34752,0.0,0
1061,2,37.0,0.0,53.0,53.0,0.0,9.0,0,0,16,43.4,0,0,0,0,0,0,0,0.0,0
34537,123,0.0,26.88360636738544,1448.0,70.43902439024393,536.5923375377001,0.0,0,0,3944,41.49180327868853,4,0,0,0,0,0,47784,0.0,0
6140509,743,0.0,17.941016014969964,1448.0,1411.9650067294754,69099.29392219745,1.0,0,0,23784,961.1391941391936,4,0,0,0,0,0,7240,0.0,0
13154,33,0.0,21.883828750570903,1300.0,352.12121212121224,484.8230132395395,1.0,0,0,1064,177.55882352941177,4,0,0,0,0,0,14480,0.0,0
7070,5,0.0,718.7496213437738,0.0,0.0,793.1268358703908,3.0,0,0,168,481.88235294117646,4,0,0,0,0,0,10136,0.0,0
100762,2,0.0,0.0,0.0,0.0,70879.67663935834,3.0,0,0,40,0.0,0,0,0,0,0,0,16383,0.0,0
1008329,15,0.0,116.7156607081734,1448.0,614.9333333333334,301495.4126656294,3.0,0,0,488,363.28571428571433,4,0,0,0,948,9224,8688,0.0,0
57531,71,0.0,16.93905773703584,1300.0,815.9154929577468,1633.6080430378397,1.0,0,0,2280,411.2676056338029,4,0,0,0,0,0,14480,0.0,0
314,2,0.0,0.0,0.0,0.0,0.0,3.0,0,0,64,0.0,0,0,0,0,0,0,10136,0.0,0
3,0,80.0,0.0,0.0,0.0,0.0,0.0,0,0,0,80.0,0,0,0,0,0,0,0,0.0,1
1077558,15,0.0,122.41532220727564,1448.0,614.9333333333334,340914.077844322,2.0,0,0,488,391.2307692307692,4,0,0,0,948,9224,8688,0.0,0
1065,2,45.0,0.0,61.0,61.0,0.0,7.0,0,0,16,51.4,0,0,0,0,0,0,0,0.0,0
67902,39,0.0,721.9912374390534,287.0,30.461538461538467,2593.4101500982547,1.0,0,0,1256,399.3111111111112,4,0,0,0,0,0,30408,0.0,0
375,2,0.0,0.0,0.0,0.0,0.0,2.0,0,0,64,0.0,0,0,0,0,0,0,14480,0.0,0
77081,2,0.0,0.0,0.0,0.0,21275.428832340844,4.0,0,0,40,0.0,0,0,0,0,0,0,16383,0.0,1
696134,51,0.0,6.658307684726639,54.0,18.15686274509805,48140.6198797841,2.0,0,0,1640,11.254901960784316,4,0,0,0,0,0,20272,0.0,0
1373204,17,0.0,435.9332408479427,117.0,54.94117647058823,83573.35332778025,1.0,0,0,356,126.2051282051282,4,0,0,0,0,0,16383,0.0,1
84425,2,0.0,0.0,0.0,0.0,30216.79408044473,7.0,0,0,40,0.0,0,0,0,0,0,0,16383,0.0,1
616813,5,0.0,31.50026454915365,0.0,0.0,61990.87806443784,2.0,0,0,116,10.166666666666666,4,0,0,0,0,0,16383,0.0,1
14414,2,0.0,0.0,0.0,0.0,3663.520233327503,4.0,0,0,40,0.0,0,0,0,0,0,0,16383,0.0,1
320,2,0.0,0.0,0.0,0.0,0.0,5.0,0,0,64,0.0,0,0,0,0,0,0,14480,0.0,0
256690,21,0.0,327.3527559679723,192.0,72.0,12614.848508423564,1.0,0,0,680,118.0,4,0,0,0,0,0,14480,0.0,0
22285,15,0.0,99.13316607162618,277.0,46.66666666666666,2715.8191520546184,2.0,0,0,488,46.66666666666666,4,0,0,0,0,0,10136,0.0,0
124358,4,114.0,0.0,52.0,50.0,62922.519087631365,7.0,0,0,32,85.55555555555556,0,0,0,0,0,0,0,0.0,0
369,2,0.0,0.0,0.0,0.0,0.0,5.0,0,0,64,0.0,0,0,0,0,0,0,14480,0.0,0
9395,35,0.0,21.883828750570903,1300.0,442.3428571428572,404.9743772291294,1.0,0,0,1128,227.65714285714293,4,0,0,0,0,0,14480,0.0,0
443,2,0.0,0.0,0.0,0.0,0.0,3.0,0,0,64,0.0,0,0,0,0,0,0,14480,0.0,0
32040,43,0.0,20.337683508684545,1300.0,578.9302325581394,1567.5672456109164,1.0,0,0,1384,294.7441860465117,4,0,0,0,0,0,14480,0.0,0
1984587,13,0.0,95.93284688317716,1460.0,599.0769230769232,464230.6965178096,2.0,0,0,276,370.2608695652174,4,0,0,0,0,0,16383,0.0,1
343,2,0.0,0.0,0.0,0.0,0.0,3.0,0,0,64,0.0,0,0,0,0,0,0,5792,0.0,0
4257,15,0.0,261.8981990519726,192.0,100.8,319.1277994486729,2.0,0,0,488,142.49999999999997,4,0,0,0,0,0,14480,0.0,0
15402,41,0.0,20.70123246671622,1300.0,529.4634146341464,651.0588386129416,1.0,0,0,1320,270.2682926829268,4,0,0,0,0,0,14480,0.0,0
4096521,679,0.0,44.78484663058525,1448.0,73.75846833578792,20131.03635932538,0.0,0,0,21736,51.39473684210528,4,0,0,0,0,0,65160,0.0,0
127137,83,0.0,16.26082202818231,1300.0,877.3493975903615,2621.218019874739,0.0,0,0,2664,441.60240963855415,4,0,0,0,0,0,14480,0.0,0
5396,13,0.0,35.452381373177744,458.0,76.30769230769229,461.762735102576,2.0,0,0,424,39.696969696969695,4,0,0,0,0,0,11584,0.0,0
322,2,0.0,0.0,0.0,0.0,0.0,2.0,0,0,64,0.0,0,0,0,0,0,0,14480,0.0,0
12,0,803.0,0.0,0.0,0.0,0.0,0.0,0,0,0,803.0,0,0,0,0,0,0,0,0.0,1
369,2,0.0,0.0,0.0,0.0,0.0,5.0,0,0,64,0.0,0,0,0,0,0,0,13032,0.0,0
289929,9,0.0,0.0,1448.0,910.2222222222222,46759.01004940118,5.0,0,0,296,512.0,4,0,0,0,0,0,5792,0.0,0
2932914,171,0.0,48.2188626174572,1460.0,1266.713450292397,106733.93292181577,1.0,0,0,3436,1058.5658536585368,4,0,0,0,0,0,16383,0.0,1
118085908,0,29.0,0.0,0.0,0.0,22788236.47451091,0.0,0,0,0,29.0,0,0,0,0,69,0,0,3.0,1
329,2,0.0,0.0,0.0,0.0,0.0,2.0,0,0,64,0.0,0,0,0,0,0,0,14480,0.0,0
333,2,0.0,0.0,0.0,0.0,0.0,4.0,0,0,64,0.0,0,0,0,0,0,0,14480,0.0,0
42371,77,0.0,16.80879051557521,1300.0,885.4285714285718,734.2169470976582,0.0,0,0,2472,445.87012987012986,4,0,0,0,0,0,14480,0.0,0
325,2,0.0,0.0,0.0,0.0,0.0,2.0,0,0,64,0.0,0,0,0,0,0,0,10136,0.0,0
345,2,0.0,0.0,0.0,0.0,0.0,2.0,0,0,64,0.0,0,0,0,0,0,0,14480,0.0,0
1040578,7,0.0,665.7418290948345,183.0,52.285714285714285,120128.1932333428,3.0,0,0,156,662.9230769230769,4,0,0,0,0,0,16383,0.0,1
34434,65,0.0,18.08596645301772,1300.0,815.1076923076924,836.0738066332714,0.0,0,0,2088,411.2923076923076,4,0,0,0,0,0,14480,0.0,0
35790,55,0.0,18.865591749571376,1300.0,676.9090909090908,1146.2880659714988,0.0,0,0,1768,342.72727272727275,4,0,0,0,0,0,14480,0.0,0
10468,37,0.0,21.474606635715823,1300.0,487.2432432432432,413.67459098534295,1.0,0,0,1192,249.7567567567567,4,0,0,0,0,0,14480,0.0,0
52963,2,0.0,0.0,0.0,0.0,26498.82662496587,4.0,0,0,40,0.0,0,0,0,0,0,0,16383,0.0,1
17432,15,0.0,99.13316607162618,277.0,46.66666666666666,2103.853006832696,1.0,0,0,488,46.66666666666666,4,0,0,0,0,0,10136,0.0,0
117306,2,0.0,0.0,0.0,0.0,37737.58180514485,6.0,0,0,40,0.0,0,0,0,0,0,0,16383,0.0,0
5063,23,0.0,78.15280847072273,433.0,46.26086956521739,395.4970290659589,1.0,0,0,744,40.65217391304348,4,0,0,0,0,0,13032,0.0,0
23386,111,0.0,90.6960049779359,848.0,57.315315315315296,413.2641123504152,0.0,0,0,3560,46.98165137614676,4,0,0,0,0,0,41992,0.0,0
1928825,11,0.0,18.554148060646984,45.0,11.636363636363638,219367.9930649258,2.0,0,0,236,15.200000000000005,4,0,0,0,0,0,16383,0.0,1
321,2,0.0,0.0,0.0,0.0,0.0,4.0,0,0,64,0.0,0,0,0,0,0,0,14480,0.0,0
1019904,15,0.0,116.7156607081734,1448.0,614.9333333333334,302178.91569568217,1.0,0,0,488,363.28571428571433,4,0,0,0,948,9224,8688,0.0,0
301,2,0.0,0.0,0.0,0.0,0.0,4.0,0,0,64,0.0,0,0,0,0,0,0,14480,0.0,0
1050,2,37.0,0.0,53.0,53.0,0.0,9.0,0,0,16,43.4,0,0,0,0,0,0,0,0.0,0
34584,15,0.0,99.13316607162618,277.0,46.66666666666666,4120.532021599352,1.0,0,0,488,46.66666666666666,4,0,0,0,0,0,10136,0.0,0
107122,59,0.0,18.83709254785309,1300.0,740.6779661016948,2512.135357272404,1.0,0,0,1896,374.457627118644,4,0,0,0,0,0,14480,0.0,0
305,2,0.0,0.0,0.0,0.0,0.0,5.0,0,0,64,0.0,0,0,0,0,0,0,14480,0.0,0
290452,3,0.0,109.99272703229065,0.0,0.0,68048.7252951883,2.0,0,0,76,42.6,4,0,0,0,0,0,16383,0.0,1
117353,2,0.0,0.0,0.0,0.0,54182.76421520039,1.0,0,0,40,0.0,0,0,0,0,0,0,16383,0.0,1
25477,65,0.0,18.08596645301772,1300.0,792.769230769231,556.3348077648685,1.0,0,0,2088,400.123076923077,4,0,0,0,0,0,14480,0.0,0
5330887,7,0.0,64.51301086934768,187.0,53.42857142857142,1333469.5098808256,8.0,0,0,156,52.75,4,0,0,0,235,187,16383,0.0,1
541587,39,0.0,723.1133166926746,287.0,30.461538461538467,23158.16497256358,1.0,0,0,1256,394.217391304348,4,0,0,0,0,0,31856,0.0,0
25908,39,0.0,718.0958676263504,287.0,30.461538461538467,867.555293381828,1.0,0,0,1256,396.6888888888889,4,0,0,0,0,0,30408,0.0,0
348,2,0.0,0.0,0.0,0.0,0.0,3.0,0,0,64,0.0,0,0,0,0,0,0,20272,0.0,0
319,2,0.0,0.0,0.0,0.0,0.0,2.0,0,0,64,0.0,0,0,0,0,0,0,14480,0.0,0
724025,5,0.0,0.0,696.0,278.4,344.6781107062065,3.0,0,0,168,139.20000000000002,4,0,0,0,0,0,5792,0.0,0
24665,55,0.0,18.865591749571376,1300.0,736.7272727272726,532.3806032119714,1.0,0,0,1768,372.6363636363637,4,0,0,0,0,0,14480,0.0,0
457,2,0.0,0.0,0.0,0.0,0.0,2.0,0,0,64,0.0,0,0,0,0,0,0,14480,0.0,0
11507,31,0.0,22.73950433653435,1300.0,349.7419354838709,708.0071090762176,0.0,0,0,1000,182.1935483870968,4,0,0,0,0,0,14480,0.0,0
345,2,0.0,0.0,0.0,0.0,0.0,2.0,0,0,64,0.0,0,0,0,0,0,0,8688,0.0,0
4969,5,0.0,0.0,770.0,308.0,366.9064367564752,2.0,0,0,168,154.0,4,0,0,0,0,0,5792,0.0,0
369,2,0.0,0.0,0.0,0.0,0.0,3.0,0,0,64,0.0,0,0,0,0,0,0,8688,0.0,0
1295792,11,0.0,573.28320200338,0.0,0.0,68475.85045201902,1.0,0,0,236,952.7826086956526,4,0,0,0,0,0,16383,0.0,1
93707,13,0.0,35.452381373177744,458.0,76.30769230769229,13410.567409147689,1.0,0,0,424,39.696969696969695,4,0,0,0,0,0,11584,0.0,0
1821,4,88.0,18.475208614068023,72.0,48.0,801.0749028648944,3.0,0,0,32,77.33333333333333,0,0,0,0,0,0,0,0.0,0
360,2,0.0,0.0,0.0,0.0,0.0,4.0,0,0,64,0.0,0,0,0,0,0,0,47784,0.0,0
400,2,0.0,0.0,0.0,0.0,0.0,4.0,0,0,64,0.0,0,0,0,0,0,0,8688,0.0,0
16079587,435,0.0,26.443113225696,1448.0,1207.8896551724142,680753.1777061431,1.0,0,0,13928,781.4688427299709,4,0,0,0,1278,525432,34752,1456114.0,0
1097,2,45.0,0.0,61.0,61.0,0.0,7.0,0,0,16,51.4,0,0,0,0,0,0,0,0.0,0
15,0,56.0,0.0,0.0,0.0,0.0,0.0,0,0,0,56.0,0,0,0,0,0,0,0,0.0,1
340,2,0.0,0.0,0.0,0.0,0.0,6.0,0,0,64,0.0,0,0,0,0,0,0,14480,0.0,0
49399,71,0.0,17.20526450713744,1300.0,841.7183098591549,1076.599162427333,0.0,0,0,2280,418.3888888888889,4,0,0,0,0,0,14480,0.0,0
1034,2,38.0,0.0,54.0,54.0,0.0,8.0,0,0,16,44.4,0,0,0,0,0,0,0,0.0,0
1370555,7,0.0,64.51301086934768,208.0,59.42857142857144,251487.24667711896,1.0,0,0,156,55.375,4,0,0,0,0,0,16383,0.0,1
325,2,0.0,0.0,0.0,0.0,0.0,4.0,0,0,64,0.0,0,0,0,0,0,0,41992,0.0,0
246006,9,0.0,112.22850838908133,1460.0,841.3333333333334,53407.354465154574,2.0,0,0,196,472.4705882352941,4,0,0,0,0,0,16383,0.0,1
318,2,0.0,0.0,0.0,0.0,0.0,2.0,0,0,64,0.0,0,0,0,0,0,0,14480,0.0,0
1414804,15,0.0,33.2601577753037,1.0,0.6666666666666666,142259.07409741898,1.0,0,0,316,12.258064516129034,4,0,0,0,0,0,16383,0.0,1
10409,57,0.0,119.24175012846632,848.0,87.47368421052629,313.3821188096006,0.0,0,0,1832,65.65811965811966,4,0,0,0,0,0,24616,0.0,0
4270,9,0.0,0.0,1448.0,910.2222222222222,1240.0154434522176,3.0,0,0,296,512.0,4,0,0,0,0,0,5792,0.0,0
9375,35,0.0,21.883828750570903,1300.0,423.9428571428572,421.1254469222378,0.0,0,0,1128,218.45714285714288,4,0,0,0,0,0,14480,0.0,0
351,2,0.0,0.0,0.0,0.0,0.0,21.0,0,0,64,0.0,0,0,0,0,0,0,10136,0.0,0
43552,37,0.0,21.474606635715823,1300.0,487.2432432432432,1846.073790598885,1.0,0,0,1192,249.7567567567567,4,0,0,0,0,0,14480,0.0,0
319,2,0.0,0.0,0.0,0.0,0.0,3.0,0,0,64,0.0,0,0,0,0,0,0,14480,0.0,0
341,2,0.0,0.0,0.0,0.0,0.0,3.0,0,0,64,0.0,0,0,0,0,0,0,14480,0.0,0
516038,5,0.0,301.5763032246842,0.0,0.0,57048.90762494932,7.0,0,0,116,97.33333333333334,4,0,0,0,0,0,16383,0.0,0
1005068,15,0.0,122.41532220727564,1448.0,614.9333333333334,333012.0758450226,2.0,0,0,488,391.2307692307692,4,0,0,0,0,0,8688,0.0,0
556739,27,0.0,200.3300661024585,192.0,55.99999999999999,29887.970036565992,1.0,0,0,872,81.03703703703704,4,0,0,0,0,0,14480,0.0,0
771421,7,0.0,89.29485667479078,704.0,201.1428571428572,222657.33693136336,8.0,0,0,156,118.26666666666668,4,0,0,0,0,0,16383,0.0,1
348,2,0.0,0.0,0.0,0.0,0.0,2.0,0,0,64,0.0,0,0,0,0,0,0,14480,0.0,0
407,2,0.0,0.0,0.0,0.0,0.0,1.0,0,0,64,0.0,0,0,0,0,0,0,8688,0.0,0
19465,47,0.0,20.08417070838321,1300.0,637.3617021276598,686.6897208545303,1.0,0,0,1512,323.6808510638298,4,0,0,0,0,0,14480,0.0,0
2346533,743,0.0,18.47827157702741,1448.0,1411.9650067294754,8993.915996516887,1.0,0,0,23784,979.0708955223884,4,0,0,0,0,0,7240,0.0,0
45904,5,0.0,0.0,726.0,290.4,360.5555897962661,2.0,0,0,168,145.2,4,0,0,0,0,0,5792,0.0,0
32134,77,0.0,16.80879051557521,1300.0,822.0779220779223,550.3257750993848,1.0,0,0,2472,414.1948051948052,4,0,0,0,0,0,14480,0.0,0
357,2,0.0,0.0,0.0,0.0,0.0,3.0,0,0,64,0.0,0,0,0,0,0,0,8688,0.0,0
317,2,0.0,0.0,0.0,0.0,0.0,3.0,0,0,64,0.0,0,0,0,0,0,0,14480,0.0,0
4855,4,114.0,0.0,52.0,52.0,2168.528533360813,6.0,0,0,32,86.44444444444444,0,0,0,0,0,0,0,0.0,0
167295,3,0.0,80.55805360111427,0.0,0.0,30410.85411822562,2.0,0,0,76,31.2,4,0,0,0,0,0,16383,0.0,0
114593,71,0.0,16.93905773703584,1300.0,815.9154929577468,2366.833566542767,1.0,0,0,2280,411.2676056338029,4,0,0,0,0,0,14480,0.0,0
510120,9,0.0,712.0721317378744,45.0,14.222222222222223,39997.79945564314,8.0,0,0,196,627.7297297297298,4,0,0,0,0,0,16383,0.0,1
1080,2,45.0,0.0,61.0,61.0,0.0,8.0,0,0,16,51.4,0,0,0,0,0,0,0,0.0,0
314,2,0.0,0.0,0.0,0.0,0.0,2.0,0,0,64,0.0,0,0,0,0,0,0,14480,0.0,0
91430,2,0.0,0.0,0.0,0.0,64086.50179249918,7.0,0,0,40,0.0,0,0,0,0,0,0,16383,0.0,0
615043,5,0.0,30.983866769659336,0.0,0.0,29263.420420381484,2.0,0,0,116,9.999999999999998,4,0,0,0,0,0,16383,0.0,1
1005,2,37.0,0.0,53.0,53.0,0.0,9.0,0,0,16,43.4,0,0,0,0,0,0,0,0.0,0
373,2,0.0,0.0,0.0,0.0,0.0,4.0,0,0,64,0.0,0,0,0,0,0,0,8688,0.0,0
341,2,0.0,0.0,0.0,0.0,0.0,3.0,0,0,64,0.0,0,0,0,0,0,0,13032,0.0,0
52507,45,0.0,19.760220445550136,1300.0,688.088888888889,1953.1854432127448,1.0,0,0,1448,334.40425531914906,4,0,0,0,0,0,14480,0.0,0
964,2,45.0,0.0,61.0,61.0,0.0,8.0,0,0,16,51.4,0,0,0,0,0,0,0,0.0,0
10599,57,0.0,119.24175012846632,848.0,87.47368421052629,323.8083051927432,1.0,0,0,1832,65.65811965811966,4,0,0,0,0,0,24616,0.0,0
117387,2,0.0,0.0,0.0,0.0,40218.112393547264,7.0,0,0,40,0.0,0,0,0,0,0,0,16383,0.0,1
135,2,0.0,0.0,0.0,0.0,0.0,3.0,0,0,64,0.0,0,0,0,0,0,0,14480,0.0,0
1337896,435,0.0,26.99473547012916,1448.0,1207.8896551724142,8694.848616981397,0.0,0,0,13928,793.2379518072291,4,0,0,0,0,0,34752,0.0,0
1726,4,88.0,23.09401076758504,72.0,48.0,777.1134623292363,2.0,0,0,32,79.11111111111111,0,0,0,0,0,0,0,0.0,0
363,2,0.0,0.0,0.0,0.0,0.0,2.0,0,0,64,0.0,0,0,0,0,0,0,8688,0.0,0
26042,59,0.0,18.83709254785309,1300.0,776.3389830508477,589.1143713076461,1.0,0,0,1896,392.2881355932204,4,0,0,0,0,0,14480,0.0,0
946277,51,0.0,6.658307684726639,54.0,18.11764705882352,42663.55926310648,1.0,0,0,1640,11.235294117647058,4,0,0,0,0,0,20272,0.0,0
128,2,0.0,0.0,0.0,0.0,0.0,4.0,0,0,64,0.0,0,0,0,0,0,0,50680,0.0,0
1038,2,37.0,0.0,53.0,53.0,0.0,10.0,0,0,16,43.4,0,0,0,0,0,0,0,0.0,0
905199,21,0.0,686.8464891137197,112.0,38.47619047619048,38396.69234781368,3.0,0,0,436,641.4520547945202,4,0,0,0,0,0,16383,0.0,1
342,2,0.0,0.0,0.0,0.0,0.0,5.0,0,0,64,0.0,0,0,0,0,0,0,14480,0.0,0
38777,13,0.0,35.452381373177744,458.0,76.30769230769229,7971.056344163555,1.0,0,0,424,39.696969696969695,4,0,0,0,0,0,11584,0.0,0
1004394,15,0.0,122.41532220727564,1448.0,614.9333333333334,333019.3425182354,2.0,0,0,488,391.2307692307692,4,0,0,0,0,0,8688,0.0,0
985757,25,0.0,166.09084107103777,848.0,168.71999999999997,60346.72057951767,2.0,0,0,808,114.07272727272728,4,0,0,0,0,0,14480,0.0,0
347,2,0.0,0.0,0.0,0.0,0.0,2.0,0,0,64,0.0,0,0,0,0,0,0,13032,0.0,0
57316,53,0.0,19.38877325417693,1300.0,710.0,2265.5583246732745,1.0,0,0,1704,352.9259259259258,4,0,0,0,0,0,14480,0.0,0
310,2,0.0,0.0,0.0,0.0,0.0,3.0,0,0,64,0.0,0,0,0,0,0,0,14480,0.0,0
41804,2,0.0,0.0,0.0,0.0,16955.713506072225,28.0,0,0,40,0.0,0,0,0,0,0,0,16383,0.0,1
3,0,24.0,0.0,0.0,0.0,0.0,0.0,0,0,0,24.0,0,0,0,0,0,0,0,0.0,1
358,2,0.0,0.0,0.0,0.0,0.0,1.0,0,0,64,0.0,0,0,0,0,0,0,8688,0.0,0
348,2,0.0,0.0,0.0,0.0,0.0,2.0,0,0,64,0.0,0,0,0,0,0,0,11584,0.0,0
609249,5,0.0,611.2151830574892,185.0,74.0,96080.41437254524,7.0,0,0,116,330.0,4,0,0,0,0,0,16383,0.0,1
347,2,0.0,0.0,0.0,0.0,0.0,2.0,0,0,64,0.0,0,0,0,0,0,0,10136,0.0,0
784456,5,0.0,30.25290226140453,0.0,0.0,148830.86512906748,2.0,0,0,116,9.538461538461538,4,0,0,0,0,0,16383,0.0,0
1004434,15,0.0,122.41532220727564,1448.0,614.9333333333334,332983.98020813253,2.0,0,0,488,391.2307692307692,4,0,0,0,0,0,8688,0.0,0
113580,2,0.0,0.0,0.0,0.0,34505.39670834115,7.0,0,0,40,0.0,0,0,0,0,0,0,16383,0.0,1
74295,7,0.0,161.11610720222853,148.0,42.285714285714285,28921.50436612868,2.0,0,0,232,65.71428571428571,4,0,0,0,0,0,7240,0.0,0
70422,95,0.0,15.161455630713863,1300.0,912.863157894737,1083.5452775131516,1.0,0,0,3048,454.2083333333331,4,0,0,0,0,0,14480,0.0,0
131,2,0.0,0.0,0.0,0.0,0.0,4.0,0,0,64,0.0,0,0,0,0,0,0,5792,0.0,0
136666,23,0.0,77.92059450247443,433.0,45.65217391304349,13071.633591392432,1.0,0,0,744,40.04347826086958,4,0,0,0,0,0,13032,0.0,0
328,2,0.0,0.0,0.0,0.0,0.0,3.0,0,0,64,0.0,0,0,0,0,0,0,15928,0.0,0
355,2,0.0,0.0,0.0,0.0,0.0,5.0,0,0,64,0.0,0,0,0,0,0,0,30408,0.0,0
777419,123,0.0,27.09241369003177,1448.0,68.81300813008131,12109.618380875478,1.0,0,0,3944,40.655737704918,4,0,0,0,0,0,47784,0.0,0
316,2,0.0,0.0,0.0,0.0,0.0,4.0,0,0,64,0.0,0,0,0,0,0,0,14480,0.0,0
24341,59,0.0,18.32713418813508,1300.0,734.4745762711865,540.9215704364252,1.0,0,0,1896,371.2203389830509,4,0,0,0,0,0,14480,0.0,0
27472,39,0.0,21.08021663617728,1300.0,503.6410256410257,1336.3834532925923,0.0,0,0,1256,257.6410256410257,4,0,0,0,0,0,14480,0.0,0
325,2,0.0,0.0,0.0,0.0,0.0,5.0,0,0,64,0.0,0,0,0,0,0,0,14480,0.0,0
22811,39,0.0,718.0958676263504,287.0,30.461538461538467,701.5265067164963,2.0,0,0,1256,396.6888888888889,4,0,0,0,0,0,30408,0.0,0
283920,3,0.0,143.5585826994216,0.0,0.0,51403.44605860584,5.0,0,0,76,55.6,4,0,0,0,0,0,16383,0.0,1
1806570,351,0.0,55.44833172299221,848.0,88.78062678062676,12776.681568393044,1.0,0,0,11240,58.87352941176474,4,0,0,0,0,0,65160,0.0,0
161346,2,0.0,0.0,0.0,0.0,113479.3246719419,3.0,0,0,40,0.0,0,0,0,0,0,0,16383,0.0,0
25080,2,0.0,0.0,0.0,0.0,12551.14536606122,6.0,0,0,40,0.0,0,0,0,0,0,0,16383,0.0,1
26483,53,0.0,19.681667209175394,1300.0,612.8301886792452,880.0670206207672,1.0,0,0,1704,311.0000000000001,4,0,0,0,0,0,14480,0.0,0
305,2,0.0,0.0,0.0,0.0,0.0,2.0,0,0,64,0.0,0,0,0,0,0,0,14480,0.0,0
704612,13,0.0,88.31895660184226,1460.0,776.6153846153846,200317.2752187556,2.0,0,0,276,498.0,4,0,0,0,0,0,16383,0.0,1
330,2,0.0,0.0,0.0,0.0,0.0,2.0,0,0,64,0.0,0,0,0,0,0,0,5792,0.0,0
373,2,0.0,0.0,0.0,0.0,0.0,2.0,0,0,64,0.0,0,0,0,0,0,0,5792,0.0,0
310,2,0.0,0.0,0.0,0.0,0.0,2.0,0,0,64,0.0,0,0,0,0,0,0,14480,0.0,0
302800,5,0.0,84.90330634652238,1294.0,517.6,62939.05113361656,4.0,0,0,116,225.8461538461538,4,0,0,0,0,0,16383,0.0,1
614623,5,0.0,30.983866769659336,0.0,0.0,29724.65582643473,7.0,0,0,116,9.999999999999998,4,0,0,0,0,0,16383,0.0,1
4467,15,0.0,261.8981990519726,192.0,100.8,324.54425188034287,2.0,0,0,488,142.49999999999997,4,0,0,0,0,0,14480,0.0,0
337,2,0.0,0.0,0.0,0.0,0.0,2.0,0,0,64,0.0,0,0,0,0,0,0,14480,0.0,0
60905,2,0.0,0.0,0.0,0.0,27391.90248960448,3.0,0,0,40,0.0,0,0,0,0,0,0,16383,0.0,1
1090,2,45.0,0.0,61.0,61.0,0.0,8.0,0,0,16,51.4,0,0,0,0,0,0,0,0.0,0
314,2,0.0,0.0,0.0,0.0,0.0,2.0,0,0,64,0.0,0,0,0,0,0,0,10136,0.0,0
80685,2,0.0,0.0,0.0,0.0,42412.97184235031,7.0,0,0,40,0.0,0,0,0,0,0,0,16383,0.0,1
59554,71,0.0,16.93905773703584,1300.0,819.549295774648,1365.52015983118,1.0,0,0,2280,413.0845070422535,4,0,0,0,0,0,14480,0.0,0
31367,2,0.0,0.0,0.0,0.0,8300.72650434888,1.0,0,0,40,0.0,0,0,0,0,0,0,16383,0.0,1
1116369,15,0.0,122.41532220727564,1448.0,614.9333333333334,330566.29041464586,2.0,0,0,488,391.2307692307692,4,0,0,0,0,0,8688,0.0,0
668362,7,0.0,0.0,1460.0,475.1428571428572,280385.45811673853,2.0,0,0,156,255.84615384615387,4,0,0,0,0,0,16383,0.0,1
18324,15,0.0,99.13316607162618,277.0,46.66666666666666,2243.467497035874,1.0,0,0,488,46.66666666666666,4,0,0,0,0,0,10136,0.0,0
308,2,0.0,0.0,0.0,0.0,0.0,2.0,0,0,64,0.0,0,0,0,0,0,0,14480,0.0,0
2334512,15,0.0,83.35717306059267,322.0,92.66666666666666,163491.6278008467,3.0,0,0,316,95.29411764705884,4,0,0,0,0,0,16383,0.0,1
1518782,29,0.0,12.307936224958556,1460.0,736.6896551724138,115885.76538785583,2.0,0,0,596,459.5744680851065,4,0,0,0,0,0,16383,0.0,1
1672,4,88.0,20.784609690826528,72.0,48.0,742.7612896034185,2.0,0,0,32,78.22222222222223,0,0,0,0,0,0,0,0.0,0
321,2,0.0,0.0,0.0,0.0,0.0,2.0,0,0,64,0.0,0,0,0,0,0,0,14480,0.0,0
123,2,0.0,0.0,0.0,0.0,0.0,4.0,0,0,64,0.0,0,0,0,0,0,0,20272,0.0,0
334,2,0.0,0.0,0.0,0.0,0.0,2.0,0,0,64,0.0,0,0,0,0,0,0,10136,0.0,0
371772,5,0.0,66.19020212344768,209.0,83.6,51548.13276559149,2.0,0,0,116,64.71428571428572,4,0,0,0,0,0,16383,0.0,1
318,2,0.0,0.0,0.0,0.0,0.0,2.0,0,0,64,0.0,0,0,0,0,0,0,14480,0.0,0
1043,2,45.0,0.0,61.0,61.0,0.0,7.0,0,0,16,51.4,0,0,0,0,0,0,0,0.0,0
1123388,15,0.0,496.39225448038894,0.0,0.0,45202.47193637033,1.0,0,0,316,1044.4554455445548,4,0,0,0,0,0,16383,0.0,1
103878,2,0.0,0.0,0.0,0.0,28321.747906864788,1.0,0,0,40,0.0,0,0,0,0,0,0,16383,0.0,1
391,2,0.0,0.0,0.0,0.0,0.0,4.0,0,0,64,0.0,0,0,0,0,0,0,14480,0.0,0
4450985,35,0.0,12.770809185461273,1460.0,883.3142857142859,545150.2698033063,1.0,0,0,716,566.5090909090909,4,0,0,0,242,30916,16383,0.0,1
36073,45,0.0,19.989267733569253,1300.0,636.4,1429.02093658886,1.0,0,0,1448,323.2444444444443,4,0,0,0,0,0,14480,0.0,0
11,0,504.0,0.0,0.0,0.0,0.0,0.0,0,0,0,504.0,0,0,0,0,0,0,0,0.0,1
1097,2,45.0,0.0,61.0,61.0,0.0,9.0,0,0,16,51.4,0,0,0,0,0,0,0,0.0,0
142,2,0.0,0.0,0.0,0.0,0.0,7.0,0,0,64,0.0,0,0,0,0,0,0,28960,0.0,0
62620,47,0.0,20.08417070838321,1300.0,654.5957446808511,2425.8985682910084,1.0,0,0,1512,332.29787234042567,4,0,0,0,0,0,14480,0.0,0
342,2,0.0,0.0,0.0,0.0,0.0,2.0,0,0,64,0.0,0,0,0,0,0,0,8688,0.0,0
353,2,0.0,0.0,0.0,0.0,0.0,5.0,0,0,64,0.0,0,0,0,0,0,0,14480,0.0,0
371,2,0.0,0.0,0.0,0.0,0.0,2.0,0,0,64,0.0,0,0,0,0,0,0,14480,0.0,0
113846285,0,29.0,0.0,0.0,0.0,4470905.945819222,0.0,0,0,0,29.0,0,0,0,0,62,0,0,1.0,1
4112,15,0.0,261.8981990519726,192.0,100.8,301.4871868082022,2.0,0,0,488,142.49999999999997,4,0,0,0,0,0,14480,0.0,0
1672924,5,0.0,20.139513400278567,0.0,0.0,127469.85679053696,2.0,0,0,116,6.5,4,0,0,0,0,0,16383,0.0,1
20028,41,0.0,20.337683508684545,1300.0,567.5121951219512,768.0566694984008,0.0,0,0,1320,282.4047619047619,4,0,0,0,0,0,14480,0.0,0
331,2,0.0,0.0,0.0,0.0,0.0,2.0,0,0,64,0.0,0,0,0,0,0,0,47784,0.0,0
357,2,0.0,0.0,0.0,0.0,0.0,3.0,0,0,64,0.0,0,0,0,0,0,0,14480,0.0,0
341,2,0.0,0.0,0.0,0.0,0.0,2.0,0,0,64,0.0,0,0,0,0,0,0,8688,0.0,0
312,2,0.0,0.0,0.0,0.0,0.0,4.0,0,0,64,0.0,0,0,0,0,0,0,10136,0.0,0
454,2,0.0,0.0,0.0,0.0,0.0,5.0,0,0,64,0.0,0,0,0,0,0,0,14480,0.0,0
436559,7,0.0,0.0,1460.0,603.1428571428572,160672.9214032346,2.0,0,0,156,324.7692307692308,4,0,0,0,0,0,16383,0.0,1
353,2,0.0,0.0,0.0,0.0,0.0,3.0,0,0,64,0.0,0,0,0,0,0,0,47784,0.0,0
372,2,0.0,0.0,0.0,0.0,0.0,2.0,0,0,64,0.0,0,0,0,0,0,0,14480,0.0,0
133,2,0.0,0.0,0.0,0.0,0.0,5.0,0,0,64,0.0,0,0,0,0,0,0,14480,0.0,0
157282,3,0.0,94.50079364746097,0.0,0.0,34687.62939867756,8.0,0,0,76,36.6,4,0,0,0,0,0,16383,0.0,1
387,2,0.0,0.0,0.0,0.0,0.0,3.0,0,0,64,0.0,0,0,0,0,0,0,10136,0.0,0
21350,37,0.0,717.6827518095289,287.0,32.108108108108105,711.1103771830468,2.0,0,0,1192,405.3863636363635,4,0,0,0,0,0,30408,0.0,0
329,2,0.0,0.0,0.0,0.0,0.0,2.0,0,0,64,0.0,0,0,0,0,0,0,5792,0.0,0
1437562,15,0.0,122.41532220727564,1448.0,614.9333333333334,341042.8473524665,2.0,0,0,488,391.2307692307692,4,0,0,0,948,9224,8688,0.0,0
95459,47,0.0,19.760220445550136,1300.0,593.5744680851064,3079.250561476205,2.0,0,0,1512,295.5,4,0,0,0,0,0,14480,0.0,0
1016,2,45.0,0.0,61.0,61.0,0.0,3.0,0,0,16,51.4,0,0,0,0,0,0,0,0.0,0
87154,65,0.0,18.326898218404924,1300.0,807.3538461538462,2885.47763886182,1.0,0,0,2088,413.7812500000001,4,0,0,0,0,0,14480,0.0,0
342,2,0.0,0.0,0.0,0.0,0.0,2.0,0,0,64,0.0,0,0,0,0,0,0,47784,0.0,0
1501017,37,0.0,369.0161408327852,1113.0,204.10810810810813,45167.11770746501,2.0,0,0,756,211.6962025316456,4,0,0,0,0,0,16383,0.0,1
1134,2,45.0,0.0,61.0,61.0,0.0,7.0,0,0,16,51.4,0,0,0,0,0,0,0,0.0,0
4796,4,114.0,0.0,52.0,52.0,2128.404645111764,8.0,0,0,32,86.44444444444444,0,0,0,0,0,0,0,0.0,0
328,2,0.0,0.0,0.0,0.0,0.0,4.0,0,0,64,0.0,0,0,0,0,0,0,14480,0.0,0
1004410,15,0.0,122.41532220727564,1448.0,614.9333333333334,333011.2937503021,2.0,0,0,488,391.2307692307692,4,0,0,0,0,0,8688,0.0,0
1299,2,0.0,0.0,0.0,0.0,0.0,8.0,0,0,64,0.0,0,0,0,0,0,0,34752,0.0,0
161830,39,0.0,65.05333065168149,1360.0,500.56410256410254,22264.658341004622,1.0,0,0,1256,277.56756756756755,4,0,0,0,0,0,15928,0.0,0
16456,33,0.0,22.3064253725967,1300.0,404.7272727272728,576.3571715935456,0.0,0,0,1064,209.24242424242425,4,0,0,0,0,0,14480,0.0,0
20108,2,0.0,0.0,0.0,0.0,2708.9260787256635,9.0,0,0,40,0.0,0,0,0,0,0,0,16383,0.0,1
14231,2,0.0,0.0,0.0,0.0,5409.366876077089,10.0,0,0,40,0.0,0,0,0,0,0,0,16383,0.0,1
1004320,15,0.0,122.41532220727564,1448.0,614.9333333333334,332977.4525639837,1.0,0,0,488,391.2307692307692,4,0,0,0,0,0,8688,0.0,0
283415,5,0.0,0.0,779.0,311.6,367.7843571079843,3.0,0,0,168,155.8,4,0,0,0,0,0,5792,0.0,0
1103,2,37.0,0.0,53.0,53.0,0.0,8.0,0,0,16,43.4,0,0,0,0,0,0,0,0.0,0
322,2,0.0,0.0,0.0,0.0,0.0,2.0,0,0,64,0.0,0,0,0,0,0,0,14480,0.0,0
328,2,0.0,0.0,0.0,0.0,0.0,2.0,0,0,64,0.0,0,0,0,0,0,0,14480,0.0,0
10,0,56.0,0.0,0.0,0.0,0.0,0.0,0,0,0,56.0,0,0,0,0,0,0,0,0.0,1
6,0,56.0,0.0,0.0,0.0,0.0,0.0,0,0,0,56.0,0,0,0,0,0,0,0,0.0,1
122690,2,0.0,0.0,0.0,0.0,44534.999292691136,6.0,0,0,40,0.0,0,0,0,0,0,0,16383,0.0,1
4616,4,114.0,0.0,52.0,50.0,2071.2470478755868,7.0,0,0,32,85.55555555555556,0,0,0,0,0,0,0,0.0,0
318,2,0.0,0.0,0.0,0.0,0.0,3.0,0,0,64,0.0,0,0,0,0,0,0,65160,0.0,0
5071,4,114.0,0.0,52.0,52.0,2295.546630616188,8.0,0,0,32,86.44444444444444,0,0,0,0,0,0,0,0.0,0
321,2,0.0,0.0,0.0,0.0,0.0,2.0,0,0,64,0.0,0,0,0,0,0,0,5792,0.0,0
22818,39,0.0,718.6423708235253,287.0,30.461538461538467,698.3285401585703,2.0,0,0,1256,397.0888888888891,4,0,0,0,0,0,30408,0.0,0
360,2,0.0,0.0,0.0,0.0,0.0,3.0,0,0,64,0.0,0,0,0,0,0,0,8688,0.0,0
315,2,0.0,0.0,0.0,0.0,0.0,3.0,0,0,64,0.0,0,0,0,0,0,0,14480,0.0,0
310,2,0.0,0.0,0.0,0.0,0.0,3.0,0,0,64,0.0,0,0,0,0,0,0,5792,0.0,0
341,2,0.0,0.0,0.0,0.0,0.0,2.0,0,0,64,0.0,0,0,0,0,0,0,14480,0.0,0
320,2,0.0,0.0,0.0,0.0,0.0,2.0,0,0,64,0.0,0,0,0,0,0,0,14480,0.0,0
17195,35,0.0,21.08021663617728,1300.0,507.7714285714286,739.4895711406793,0.0,0,0,1128,246.2972972972973,4,0,0,0,0,0,14480,0.0,0
352,2,0.0,0.0,0.0,0.0,0.0,2.0,0,0,64,0.0,0,0,0,0,0,0,10136,0.0,0
363,2,0.0,0.0,0.0,0.0,0.0,4.0,0,0,64,0.0,0,0,0,0,0,0,8688,0.0,0
344,2,0.0,0.0,0.0,0.0,0.0,2.0,0,0,64,0.0,0,0,0,0,0,0,30408,0.0,0
7,0,56.0,0.0,0.0,0.0,0.0,0.0,0,0,0,56.0,0,0,0,0,0,0,0,0.0,1
38522,71,0.0,17.413875622106488,1300.0,840.2816901408451,792.924235433156,1.0,0,0,2280,423.5633802816902,4,0,0,0,0,0,14480,0.0,0
9496,35,0.0,21.883828750570903,1300.0,403.37142857142857,351.072345345894,1.0,0,0,1128,208.1714285714285,4,0,0,0,0,0,14480,0.0,0
310,2,0.0,0.0,0.0,0.0,0.0,3.0,0,0,64,0.0,0,0,0,0,0,0,14480,0.0,0
37062,123,0.0,26.88691954421388,1448.0,69.8211382113821,636.9326102333241,1.0,0,0,3944,41.16393442622952,4,0,0,0,0,0,47784,0.0,0
4859,4,114.0,0.0,52.0,50.0,2202.0148349485144,3.0,0,0,32,85.55555555555556,0,0,0,0,0,0,0,0.0,0
559482,5,0.0,71.40778268908389,189.0,75.6,91731.04768963502,7.0,0,0,116,65.14285714285714,4,0,0,0,0,0,16383,0.0,1
685624,3,0.0,505.5162377873402,0.0,0.0,138186.73715182173,2.0,0,0,76,188.3636363636364,4,0,0,0,0,0,16383,0.0,1
417,2,0.0,0.0,0.0,0.0,0.0,4.0,0,0,64,0.0,0,0,0,0,0,0,14480,0.0,0
18392,51,0.0,19.449568485848584,1300.0,669.3725490196077,539.4098453796677,1.0,0,0,1640,339.29411764705884,4,0,0,0,0,0,14480,0.0,0
316,2,0.0,0.0,0.0,0.0,0.0,2.0,0,0,64,0.0,0,0,0,0,0,0,14480,0.0,0
2003,1,0.0,81.06293851076458,0.0,0.0,755.0423277318077,0.0,0,0,32,42.285714285714285,0,0,0,0,0,0,7240,0.0,0
160690,59,0.0,18.83709254785309,1300.0,754.9491525423728,3621.2278006859983,1.0,0,0,1896,381.59322033898303,4,0,0,0,0,0,14480,0.0,0
358,2,0.0,0.0,0.0,0.0,0.0,2.0,0,0,64,0.0,0,0,0,0,0,0,14480,0.0,0
345028,3,0.0,52.15617572892654,0.0,0.0,53149.78268346918,1.0,0,0,76,20.2,4,0,0,0,0,0,16383,0.0,1
415,2,0.0,0.0,0.0,0.0,0.0,6.0,0,0,64,0.0,0,0,0,0,0,0,5792,0.0,0
997,2,45.0,0.0,61.0,61.0,0.0,5.0,0,0,16,51.4,0,0,0,0,0,0,0,0.0,0
336,2,0.0,0.0,0.0,0.0,0.0,1.0,0,0,64,0.0,0,0,0,0,0,0,14480,0.0,0
33027,123,0.0,27.08374294023374,1448.0,74.21138211382113,461.2493326538964,1.0,0,0,3944,43.401639344262286,4,0,0,0,0,0,47784,0.0,0
3797792,435,0.0,27.58229175117899,1448.0,1207.8896551724142,183919.0906961769,1.0,0,0,13928,805.3669724770646,4,0,0,0,1278,525432,34752,0.0,0
59515,2,0.0,0.0,0.0,0.0,26883.49271393135,9.0,0,0,40,0.0,0,0,0,0,0,0,16383,0.0,1
336,2,0.0,0.0,0.0,0.0,0.0,2.0,0,0,64,0.0,0,0,0,0,0,0,14480,0.0,0
5362,4,114.0,0.0,52.0,50.0,2471.638323056187,2.0,0,0,32,85.55555555555556,0,0,0,0,0,0,0,0.0,0
41757,71,0.0,17.20526450713744,1300.0,840.056338028169,820.4334043821942,1.0,0,0,2280,417.5694444444446,4,0,0,0,0,0,14480,0.0,0
345,2,0.0,0.0,0.0,0.0,0.0,2.0,0,0,64,0.0,0,0,0,0,0,0,30408,0.0,0
43929,95,0.0,15.305237207431617,1300.0,916.0842105263162,633.7465643357655,1.0,0,0,3048,460.6,4,0,0,0,0,0,14480,0.0,0
12405,39,0.0,21.08021663617728,1300.0,518.974358974359,432.2691732452572,0.0,0,0,1256,265.3076923076923,4,0,0,0,0,0,14480,0.0,0
9,0,766.0,0.0,0.0,0.0,0.0,0.0,0,0,0,766.0,0,0,0,0,0,0,0,0.0,1
331,2,0.0,0.0,0.0,0.0,0.0,5.0,0,0,64,0.0,0,0,0,0,0,0,14480,0.0,0
1004381,15,0.0,122.41532220727564,1448.0,614.9333333333334,332999.734885405,1.0,0,0,488,391.2307692307692,4,0,0,0,0,0,8688,0.0,0
128403,89,0.0,15.76186090355944,1300.0,913.2134831460672,2157.271168493488,1.0,0,0,2856,459.3370786516855,4,0,0,0,0,0,14480,0.0,0
340,2,0.0,0.0,0.0,0.0,0.0,2.0,0,0,64,0.0,0,0,0,0,0,0,10136,0.0,0
45978,5,0.0,0.0,725.0,290.0,430.9922659785595,8.0,0,0,168,145.0,4,0,0,0,0,0,5792,0.0,0
15676,2,0.0,0.0,0.0,0.0,3054.7012947258854,7.0,0,0,40,0.0,0,0,0,0,0,0,16383,0.0,1
968,2,37.0,0.0,53.0,53.0,0.0,6.0,0,0,16,43.4,0,0,0,0,0,0,0,0.0,0
2275462,27,0.0,623.0224946593346,117.0,32.370370370370374,67635.4767354588,2.0,0,0,556,814.6194690265486,4,0,0,0,0,0,16383,0.0,1
33439,67,0.0,17.367976855311046,1300.0,808.9253731343284,778.9983978456911,1.0,0,0,2152,407.9701492537314,4,0,0,0,0,0,14480,0.0,0
660548,3,0.0,137.87820712498404,0.0,0.0,120776.47160560705,14.0,0,0,76,53.4,4,0,0,0,0,0,16383,0.0,1
1797,4,88.0,16.165807537309526,72.0,48.0,771.7000712712161,2.0,0,0,32,76.44444444444444,0,0,0,0,0,0,0,0.0,0
350,2,0.0,0.0,0.0,0.0,0.0,2.0,0,0,64,0.0,0,0,0,0,0,0,14480,0.0,0
352,2,0.0,0.0,0.0,0.0,0.0,1.0,0,0,64,0.0,0,0,0,0,0,0,13032,0.0,0
27491,43,0.0,20.774325260080392,1314.0,616.0930232558139,895.8599717725925,1.0,0,0,1384,313.5116279069767,4,0,0,0,0,0,14480,0.0,0
1012429,5,0.0,29.76495222493026,0.0,0.0,206412.03260921265,1.0,0,0,116,9.384615384615383,4,0,0,0,0,0,16383,0.0,1
11179,39,0.0,21.08021663617728,1300.0,482.4102564102564,423.72308794217867,1.0,0,0,1256,247.025641025641,4,0,0,0,0,0,14480,0.0,0
13221,43,0.0,20.337683508684545,1300.0,586.0930232558138,464.9857852534901,1.0,0,0,1384,298.3255813953489,4,0,0,0,0,0,14480,0.0,0
341,2,0.0,0.0,0.0,0.0,0.0,2.0,0,0,64,0.0,0,0,0,0,0,0,10136,0.0,0
367,2,0.0,0.0,0.0,0.0,0.0,3.0,0,0,64,0.0,0,0,0,0,0,0,10136,0.0,0
47260,43,0.0,19.989267733569253,1311.0,675.2093023255813,1809.064648526156,1.0,0,0,1384,335.090909090909,4,0,0,0,0,0,14480,0.0,0
35140,4,88.0,18.475208614068023,72.0,48.0,10956.087394686116,3.0,0,0,32,77.33333333333333,0,0,0,0,0,0,0,0.0,0
342,2,0.0,0.0,0.0,0.0,0.0,1.0,0,0,64,0.0,0,0,0,0,0,0,30408,0.0,0
1129,2,45.0,0.0,61.0,61.0,0.0,9.0,0,0,16,51.4,0,0,0,0,0,0,0,0.0,0
7794,23,0.0,80.76372296624533,1045.0,132.8695652173913,368.9016810647488,1.0,0,0,744,86.90909090909092,4,0,0,0,0,0,13032,0.0,0
386,2,0.0,0.0,0.0,0.0,0.0,5.0,0,0,64,0.0,0,0,0,0,0,0,14480,0.0,0
315,2,0.0,0.0,0.0,0.0,0.0,3.0,0,0,64,0.0,0,0,0,0,0,0,14480,0.0,0
324,2,0.0,0.0,0.0,0.0,0.0,5.0,0,0,64,0.0,0,0,0,0,0,0,14480,0.0,0
1463705,23,0.0,654.6968188042689,135.0,46.26086956521739,53428.48160454464,1.0,0,0,476,755.6344086021508,4,0,0,0,0,0,16383,0.0,1
44372,67,0.0,18.08596645301772,1300.0,771.9999999999999,923.9083917433836,1.0,0,0,2152,395.530303030303,4,0,0,0,0,0,14480,0.0,0
315,2,0.0,0.0,0.0,0.0,0.0,2.0,0,0,64,0.0,0,0,0,0,0,0,14480,0.0,0
379,2,0.0,0.0,0.0,0.0,0.0,2.0,0,0,64,0.0,0,0,0,0,0,0,8688,0.0,0
1020489,15,0.0,116.7156607081734,1448.0,614.9333333333334,300875.967644416,1.0,0,0,488,363.28571428571433,4,0,0,0,0,0,8688,0.0,0
11414,33,0.0,22.3064253725967,1300.0,354.7272727272727,580.5774100257933,1.0,0,0,1064,184.24242424242425,4,0,0,0,0,0,14480,0.0,0
699398,7,0.0,64.86634610599596,187.0,53.42857142857142,166460.15392880063,1.0,0,0,156,53.00000000000001,4,0,0,0,0,0,16383,0.0,0
4800,4,114.0,0.0,52.0,52.0,2142.548949265804,7.0,0,0,32,86.44444444444444,0,0,0,0,0,0,0,0.0,0
966257,15,0.0,709.8674062483651,100.0,37.46666666666666,59677.45289324362,1.0,0,0,316,599.1764705882354,4,0,0,0,0,0,16383,0.0,1
128,2,0.0,0.0,0.0,0.0,0.0,3.0,0,0,64,0.0,0,0,0,0,0,0,5792,0.0,0
1819672,233,0.0,153.9613126861086,1232.0,73.69957081545066,20759.05085092191,0.0,0,0,7464,63.81857451403888,4,0,0,0,0,0,65160,0.0,0
318,2,0.0,0.0,0.0,0.0,0.0,2.0,0,0,64,0.0,0,0,0,0,0,0,5792,0.0,0
1662,4,88.0,16.165807537309526,72.0,48.0,736.9877882299,2.0,0,0,32,76.44444444444444,0,0,0,0,0,0,0,0.0,0
2988512,123,0.0,27.08101239785908,1448.0,74.79674796747967,41092.47006337382,1.0,0,0,3944,43.71311475409835,4,0,0,0,0,0,47784,0.0,0
99877,21,0.0,80.76372296624533,1045.0,145.52380952380955,11757.366193207115,1.0,0,0,680,91.04761904761908,4,0,0,0,0,0,13032,0.0,0
228316,5,0.0,718.7496213437738,0.0,0.0,54489.64815204199,3.0,0,0,168,481.88235294117646,4,0,0,0,0,0,10136,0.0,0
1247234,11,0.0,101.21396478088715,1460.0,604.3636363636364,160148.2408994866,1.0,0,0,236,391.1111111111112,4,0,0,0,0,0,16383,0.0,1
38412,2,0.0,0.0,0.0,0.0,14026.877218397543,7.0,0,0,40,0.0,0,0,0,0,0,0,16383,0.0,1
128,2,0.0,0.0,0.0,0.0,0.0,3.0,0,0,64,0.0,0,0,0,0,0,0,10136,0.0,0
311,2,0.0,0.0,0.0,0.0,0.0,2.0,0,0,64,0.0,0,0,0,0,0,0,14480,0.0,0
1258757,19,0.0,17.667825185450123,104.0,39.36842105263158,89979.4326945116,1.0,0,0,396,26.256410256410245,4,0,0,0,0,0,16383,0.0,1
64602,2,0.0,0.0,0.0,0.0,32241.947901763007,9.0,0,0,40,0.0,0,0,0,0,0,0,16383,0.0,1
410,2,0.0,0.0,0.0,0.0,0.0,2.0,0,0,64,0.0,0,0,0,0,0,0,8688,0.0,0
329,2,0.0,0.0,0.0,0.0,0.0,2.0,0,0,64,0.0,0,0,0,0,0,0,14480,0.0,0
29516,55,0.0,18.865591749571376,1300.0,720.1818181818182,794.1086586126607,1.0,0,0,1768,364.3636363636364,4,0,0,0,0,0,14480,0.0,0
785841,27,0.0,185.2378429520773,192.0,55.99999999999999,44101.49899032156,2.0,0,0,872,78.81481481481482,4,0,0,0,0,0,14480,0.0,0
347,2,0.0,0.0,0.0,0.0,0.0,2.0,0,0,64,0.0,0,0,0,0,0,0,14480,0.0,0
21239,2,0.0,0.0,0.0,0.0,3324.8160851391463,7.0,0,0,40,0.0,0,0,0,0,0,0,16383,0.0,1
351162,27,0.0,246.53502793720813,192.0,55.99999999999999,13492.337085298948,2.0,0,0,872,87.70370370370371,4,0,0,0,0,0,14480,0.0,0
315,2,0.0,0.0,0.0,0.0,0.0,2.0,0,0,64,0.0,0,0,0,0,0,0,10136,0.0,0
118253,37,0.0,716.915608843943,287.0,32.108108108108105,10223.52224460261,2.0,0,0,1192,404.7727272727272,4,0,0,0,0,0,30408,0.0,0
934000,11,0.0,556.9959499957683,0.0,0.0,51332.24110791984,6.0,0,0,236,966.7058823529416,4,0,0,0,0,0,16383,0.0,1
2667,4,88.0,18.475208614068023,72.0,48.0,1265.841353935529,3.0,0,0,32,77.33333333333333,0,0,0,0,0,0,0,0.0,0
1040,2,38.0,0.0,54.0,54.0,0.0,6.0,0,0,16,44.4,0,0,0,0,0,0,0,0.0,0
3503,9,0.0,0.0,1448.0,910.2222222222222,1056.5676977837245,5.0,0,0,296,512.0,4,0,0,0,0,0,5792,0.0,0
435241,11,0.0,87.34305652889371,1460.0,613.6363636363636,115541.50792449727,2.0,0,0,236,374.10526315789474,4,0,0,0,0,0,16383,0.0,1
19467,43,0.0,20.774325260080392,1300.0,552.5581395348836,848.5688841923867,0.0,0,0,1384,281.74418604651163,4,0,0,0,0,0,14480,0.0,0
1063,2,45.0,0.0,61.0,61.0,0.0,7.0,0,0,16,51.4,0,0,0,0,0,0,0,0.0,0
7415,33,0.0,22.3064253725967,1300.0,347.81818181818176,327.7487695079549,1.0,0,0,1064,180.7878787878788,4,0,0,0,0,0,14480,0.0,0
35714,59,0.0,18.83709254785309,1300.0,760.4406779661017,1023.4466305768452,1.0,0,0,1896,384.3389830508474,4,0,0,0,0,0,14480,0.0,0
1090,2,45.0,0.0,61.0,61.0,0.0,12.0,0,0,16,51.4,0,0,0,0,0,0,0,0.0,0
259483,3,0.0,40.49985302736413,0.0,0.0,48066.120280297226,8.0,0,0,76,15.09090909090909,4,0,0,0,0,0,16383,0.0,1
1070,2,45.0,0.0,61.0,61.0,0.0,8.0,0,0,16,51.4,0,0,0,0,0,0,0,0.0,0
1099,2,38.0,0.0,54.0,54.0,0.0,8.0,0,0,16,44.4,0,0,0,0,0,0,0,0.0,0
28423,43,0.0,20.337683508684545,1300.0,558.2790697674418,1273.071352875476,1.0,0,0,1384,284.4186046511628,4,0,0,0,0,0,14480,0.0,0
654516,5,0.0,29.277002188455995,0.0,0.0,212280.28337436327,8.0,0,0,116,9.23076923076923,4,0,0,0,0,0,16383,0.0,1
18400,47,0.0,19.65548687392932,1300.0,632.3829787234044,632.2909579897182,0.0,0,0,1512,321.0212765957446,4,0,0,0,0,0,14480,0.0,0
1628,4,88.0,20.784609690826528,72.0,48.0,719.6672842362643,2.0,0,0,32,78.22222222222223,0,0,0,0,0,0,0,0.0,0
340,2,0.0,0.0,0.0,0.0,0.0,2.0,0,0,64,0.0,0,0,0,0,0,0,13032,0.0,0
340,2,0.0,0.0,0.0,0.0,0.0,5.0,0,0,64,0.0,0,0,0,0,0,0,14480,0.0,0
1713,4,88.0,20.784609690826528,72.0,48.0,766.4326454425072,1.0,0,0,32,78.22222222222223,0,0,0,0,0,0,0,0.0,0
941278,5,0.0,23.2379000772445,0.0,0.0,221118.01009528825,2.0,0,0,116,7.5,4,0,0,0,0,0,16383,0.0,1
339,2,0.0,0.0,0.0,0.0,0.0,5.0,0,0,64,0.0,0,0,0,0,0,0,14480,0.0,0
795694,7,0.0,501.8203292585334,195.0,55.71428571428572,198741.9780300219,7.0,0,0,156,181.75,4,0,0,0,0,0,16383,0.0,1
1102398,15,0.0,116.7156607081734,1448.0,614.9333333333334,325652.6513745198,2.0,0,0,488,363.28571428571433,4,0,0,0,948,9224,8688,0.0,0
117868677,0,29.0,0.0,0.0,0.0,1779824.4197432522,0.0,0,0,0,29.0,0,0,0,0,59,0,0,3.0,1
511655,99,0.0,230.3280120331605,864.0,120.4646464646464,18727.996210708487,1.0,0,0,3176,107.76649746192894,4,0,0,0,0,0,36200,0.0,0
971,2,37.0,0.0,53.0,53.0,0.0,5.0,0,0,16,43.4,0,0,0,0,0,0,0,0.0,0
9,0,4.0,0.0,0.0,0.0,0.0,0.0,0,0,0,4.0,0,0,0,0,0,0,0,0.0,1
1037,2,37.0,0.0,53.0,53.0,0.0,8.0,0,0,16,43.4,0,0,0,0,0,0,0,0.0,0
307,2,0.0,0.0,0.0,0.0,0.0,2.0,0,0,64,0.0,0,0,0,0,0,0,14480,0.0,0
676418,5,0.0,96.6141072219048,839.0,335.6,146495.74972492093,4.0,0,0,116,159.53846153846155,4,0,0,0,0,0,16383,0.0,1
16461,47,0.0,19.65548687392932,1300.0,639.1914893617022,524.4382054285627,1.0,0,0,1512,324.4255319148936,4,0,0,0,0,0,14480,0.0,0
19915,39,0.0,716.915608843943,287.0,30.461538461538467,568.8156473289553,2.0,0,0,1256,395.77777777777794,4,0,0,0,0,0,30408,0.0,0
341361,4,114.0,0.0,52.0,50.0,188154.41130093124,3.0,0,0,32,85.55555555555556,0,0,0,0,0,0,0,0.0,0
1231951,15,0.0,433.46797503404673,314.0,114.93333333333332,87606.39390610726,3.0,0,0,316,187.9428571428572,4,0,0,0,0,0,16383,0.0,1
7331,15,0.0,252.71011060106005,192.0,100.8,359.9391747556933,1.0,0,0,488,140.75,4,0,0,0,0,0,14480,0.0,0
12495,33,0.0,22.3064253725967,1300.0,404.7272727272728,646.3383198108511,1.0,0,0,1064,209.24242424242425,4,0,0,0,0,0,14480,0.0,0
1024,2,38.0,0.0,54.0,54.0,0.0,7.0,0,0,16,44.4,0,0,0,0,0,0,0,0.0,0
345,2,0.0,0.0,0.0,0.0,0.0,2.0,0,0,64,0.0,0,0,0,0,0,0,8688,0.0,0
257250,37,0.0,68.36386605377274,1460.0,1222.108108108108,32519.23594428381,2.0,0,0,756,929.7142857142858,4,0,0,0,0,0,16383,0.0,1
28730,37,0.0,21.883828750570903,1300.0,448.3783783783784,1111.8261655261065,1.0,0,0,1192,236.72222222222223,4,0,0,0,0,0,14480,0.0,0
325,2,0.0,0.0,0.0,0.0,0.0,4.0,0,0,64,0.0,0,0,0,0,0,0,7240,0.0,0
348,2,0.0,0.0,0.0,0.0,0.0,2.0,0,0,64,0.0,0,0,0,0,0,0,8688,0.0,0
1035,2,45.0,0.0,61.0,61.0,0.0,7.0,0,0,16,51.4,0,0,0,0,0,0,0,0.0,0
216093,4,88.0,20.784609690826528,72.0,48.0,107937.65355210078,3.0,0,0,32,78.22222222222223,0,0,0,0,0,0,0,0.0,0
9,0,24.0,0.0,0.0,0.0,0.0,0.0,0,0,0,24.0,0,0,0,0,0,0,0,0.0,1
1244630,17,0.0,292.81736176828923,119.0,52.352941176470594,89136.66265756851,2.0,0,0,356,83.4285714285714,4,0,0,0,0,0,16383,0.0,1
9776,2,934.0,0.0,25.0,25.0,0.0,2.0,0,0,16,570.4,0,0,0,0,0,0,0,0.0,1
491849,5,0.0,96.6141072219048,447.0,178.8,107498.7926908949,1.0,0,0,116,99.23076923076924,4,0,0,0,0,0,16383,0.0,1
1050,2,45.0,0.0,61.0,61.0,0.0,8.0,0,0,16,51.4,0,0,0,0,0,0,0,0.0,0
39138,2,0.0,0.0,0.0,0.0,14494.274800761852,2.0,0,0,40,0.0,0,0,0,0,0,0,16383,0.0,1
48488,2,0.0,0.0,0.0,0.0,23629.38730691086,2.0,0,0,40,0.0,0,0,0,0,0,0,16383,0.0,1
360,2,0.0,0.0,0.0,0.0,0.0,5.0,0,0,64,0.0,0,0,0,0,0,0,8688,0.0,0
11,0,24.0,0.0,0.0,0.0,0.0,0.0,0,0,0,24.0,0,0,0,0,0,0,0,0.0,1
79623,2,0.0,0.0,0.0,0.0,29357.65934130308,4.0,0,0,40,0.0,0,0,0,0,0,0,16383,0.0,1
313,2,0.0,0.0,0.0,0.0,0.0,2.0,0,0,64,0.0,0,0,0,0,0,0,14480,0.0,0
355,2,0.0,0.0,0.0,0.0,0.0,2.0,0,0,64,0.0,0,0,0,0,0,0,47784,0.0,0
61734,2,0.0,0.0,0.0,0.0,17597.76646338961,7.0,0,0,40,0.0,0,0,0,0,0,0,16383,0.0,1
357,2,0.0,0.0,0.0,0.0,0.0,2.0,0,0,64,0.0,0,0,0,0,0,0,7240,0.0,0
130,2,0.0,0.0,0.0,0.0,0.0,5.0,0,0,64,0.0,0,0,0,0,0,0,28960,0.0,0
390,2,0.0,0.0,0.0,0.0,0.0,5.0,0,0,64,0.0,0,0,0,0,0,0,10136,0.0,0
55870,21,0.0,80.76372296624533,1045.0,145.52380952380955,5160.9869539828605,1.0,0,0,680,91.04761904761908,4,0,0,0,0,0,13032,0.0,0
169419,2,0.0,0.0,0.0,0.0,83414.55854945227,7.0,0,0,40,0.0,0,0,0,0,0,0,16383,0.0,1
4,0,24.0,0.0,0.0,0.0,0.0,0.0,0,0,0,24.0,0,0,0,0,0,0,0,0.0,1
54972,2,0.0,0.0,0.0,0.0,12047.685337856396,2.0,0,0,40,0.0,0,0,0,0,0,0,16383,0.0,1
379,2,0.0,0.0,0.0,0.0,0.0,3.0,0,0,64,0.0,0,0,0,0,0,0,30408,0.0,0
303,2,0.0,0.0,0.0,0.0,0.0,4.0,0,0,64,0.0,0,0,0,0,0,0,5792,0.0,0
61514,43,0.0,20.337683508684545,1300.0,576.1395348837209,2314.847880741974,1.0,0,0,1384,293.3488372093023,4,0,0,0,0,0,14480,0.0,0
47627,7,0.0,718.7496213437738,0.0,0.0,14039.46348650435,1.0,0,0,232,431.1578947368421,4,0,0,0,0,0,10136,0.0,0
602,2,0.0,0.0,0.0,0.0,0.0,3.0,0,0,64,0.0,0,0,0,0,0,0,14480,0.0,0
1050,2,37.0,0.0,53.0,53.0,0.0,7.0,0,0,16,43.4,0,0,0,0,0,0,0,0.0,0
346,2,0.0,0.0,0.0,0.0,0.0,5.0,0,0,64,0.0,0,0,0,0,0,0,5792,0.0,0
492742,3,0.0,13.662601021279464,0.0,0.0,92183.19339156496,12.0,0,0,76,5.090909090909091,4,0,0,0,0,0,16383,0.0,1
8678204,743,0.0,18.2037005161649,1448.0,1411.9650067294754,50328.41080720017,1.0,0,0,23784,970.0221811460262,4,0,0,0,0,0,7240,0.0,0
19408,47,0.0,20.08417070838321,1300.0,654.5957446808511,629.4399129705743,0.0,0,0,1512,332.29787234042567,4,0,0,0,0,0,14480,0.0,0
845141,51,0.0,6.658307684726639,54.0,18.15686274509805,42860.7787222505,2.0,0,0,1640,11.254901960784316,4,0,0,0,0,0,20272,0.0,0
2436697,231,0.0,154.5567264305393,1232.0,74.33766233766235,26309.69959490006,0.0,0,0,7400,64.37472766884531,4,0,0,0,0,0,65160,0.0,0
352,2,0.0,0.0,0.0,0.0,0.0,2.0,0,0,64,0.0,0,0,0,0,0,0,8688,0.0,0
14723,39,0.0,21.08021663617728,1300.0,489.7948717948718,582.8410973367825,0.0,0,0,1256,250.7179487179487,4,0,0,0,0,0,14480,0.0,0
77441,71,0.0,17.413875622106488,1300.0,808.1971830985913,1708.256635252461,1.0,0,0,2280,407.5211267605634,4,0,0,0,0,0,14480,0.0,0
334,2,0.0,0.0,0.0,0.0,0.0,1.0,0,0,64,0.0,0,0,0,0,0,0,5792,0.0,0
578940,23,0.0,85.105000505911,1460.0,1096.0869565217392,127020.0632447348,1.0,0,0,476,775.6363636363636,4,0,0,0,0,0,16383,0.0,1
1126,2,45.0,0.0,61.0,61.0,0.0,9.0,0,0,16,51.4,0,0,0,0,0,0,0,0.0,0
6,0,23.0,0.0,0.0,0.0,0.0,0.0,0,0,0,23.0,0,0,0,0,0,0,0,0.0,1
3960,9,0.0,0.0,1448.0,910.2222222222222,1283.175475139702,3.0,0,0,296,512.0,4,0,0,0,0,0,5792,0.0,0
25141,39,0.0,21.08021663617728,1300.0,542.6153846153848,945.5725794475024,1.0,0,0,1256,277.12820512820514,4,0,0,0,0,0,14480,0.0,0
154536,89,0.0,15.76186090355944,1306.0,969.4382022471908,2392.7027708400537,1.0,0,0,2856,487.4494382022472,4,0,0,0,0,0,14480,0.0,0
846241,51,0.0,6.658307684726639,54.0,18.15686274509805,48968.61406852012,1.0,0,0,1640,11.254901960784316,4,0,0,0,0,0,20272,0.0,0
1046443,123,0.0,27.08374294023374,1448.0,74.22764227642278,15260.85693261558,1.0,0,0,3944,43.40983606557377,4,0,0,0,0,0,47784,0.0,0
9,0,24.0,0.0,0.0,0.0,0.0,0.0,0,0,0,24.0,0,0,0,0,0,0,0,0.0,0
992,2,45.0,0.0,61.0,61.0,0.0,2.0,0,0,16,51.4,0,0,0,0,0,0,0,0.0,0
3,0,801.0,0.0,0.0,0.0,0.0,0.0,0,0,0,801.0,0,0,0,0,0,0,0,0.0,1
945,2,45.0,0.0,61.0,61.0,0.0,5.0,0,0,16,51.4,0,0,0,0,0,0,0,0.0,0
315,2,0.0,0.0,0.0,0.0,0.0,4.0,0,0,64,0.0,0,0,0,0,0,0,14480,0.0,0
104301,63,0.0,17.829381154819387,1300.0,754.8571428571429,2388.740965674784,1.0,0,0,2024,381.1587301587302,4,0,0,0,0,0,14480,0.0,0
1289216,5,0.0,600.5706175518968,0.0,0.0,324350.4015554783,2.0,0,0,116,193.8333333333333,4,0,0,0,0,0,16383,0.0,1
21228,35,0.0,21.883828750570903,1300.0,442.3428571428572,1062.026186688502,1.0,0,0,1128,227.65714285714293,4,0,0,0,0,0,14480,0.0,0
235254,7,0.0,207.8667155380376,1460.0,661.7142857142857,55692.92807409812,4.0,0,0,156,365.6,4,0,0,0,0,0,16383,0.0,1
57516,95,0.0,15.305237207431617,1300.0,948.0,861.0715764097633,0.0,0,0,3048,476.5578947368422,4,0,0,0,0,0,14480,0.0,0
2460994,29,0.0,596.3789137057677,105.0,28.827586206896555,68840.41165807283,2.0,0,0,596,864.7633587786262,4,0,0,0,0,0,16383,0.0,1
345,2,0.0,0.0,0.0,0.0,0.0,3.0,0,0,64,0.0,0,0,0,0,0,0,5792,0.0,0
358,2,0.0,0.0,0.0,0.0,0.0,3.0,0,0,64,0.0,0,0,0,0,0,0,47784,0.0,0
447489,435,0.0,26.881655992458967,1448.0,1207.8896551724142,2925.794734356381,1.0,0,0,13928,790.855855855856,4,0,0,0,0,0,34752,0.0,0
25305,2,0.0,0.0,0.0,0.0,9048.845478844249,6.0,0,0,40,0.0,0,0,0,0,0,0,16383,0.0,1
10,0,504.0,0.0,0.0,0.0,0.0,0.0,0,0,0,504.0,0,0,0,0,0,0,0,0.0,1
4342,15,0.0,224.03809199925504,192.0,100.8,319.51004157407425,2.0,0,0,488,135.24999999999997,4,0,0,0,0,0,14480,0.0,0
376,2,0.0,0.0,0.0,0.0,0.0,2.0,0,0,64,0.0,0,0,0,0,0,0,14480,0.0,0
46987,2,0.0,0.0,0.0,0.0,23951.827999131925,1.0,0,0,40,0.0,0,0,0,0,0,0,16383,0.0,0
49680,2,0.0,0.0,0.0,0.0,21551.90758378478,5.0,0,0,40,0.0,0,0,0,0,0,0,16383,0.0,1
128532,43,0.0,20.337683508684545,1300.0,589.0697674418604,4902.635867820393,1.0,0,0,1384,299.81395348837214,4,0,0,0,0,0,14480,0.0,0
402,2,0.0,0.0,0.0,0.0,0.0,5.0,0,0,64,0.0,0,0,0,0,0,0,13032,0.0,0
5,0,804.0,0.0,0.0,0.0,0.0,0.0,0,0,0,804.0,0,0,0,0,0,0,0,0.0,1
1252237,123,0.0,27.088913667725382,1448.0,68.17886178861794,19596.14994761487,1.0,0,0,3944,40.34426229508198,4,0,0,0,0,0,47784,0.0,0
28328585,39,0.0,720.1838722131441,287.0,30.461538461538467,2418064.717310051,1.0,0,0,1256,398.15555555555545,4,0,0,0,6929,237,30408,724.0,0
361,2,0.0,0.0,0.0,0.0,0.0,2.0,0,0,64,0.0,0,0,0,0,0,0,14480,0.0,0
1129970,123,0.0,27.08101239785908,1448.0,72.09756097560972,16615.282475979377,1.0,0,0,3944,42.35245901639343,4,0,0,0,0,0,47784,0.0,0
767790,3,0.0,25.819888974716115,0.0,0.0,154968.75245416412,1.0,0,0,76,10.0,4,0,0,0,0,0,16383,0.0,1
319,2,0.0,0.0,0.0,0.0,0.0,3.0,0,0,64,0.0,0,0,0,0,0,0,14480,0.0,0
1118,2,45.0,0.0,61.0,61.0,0.0,9.0,0,0,16,51.4,0,0,0,0,0,0,0,0.0,0
1691,4,88.0,23.09401076758504,72.0,48.0,749.6894912784447,2.0,0,0,32,79.11111111111111,0,0,0,0,0,0,0,0.0,0
1012,2,45.0,0.0,61.0,61.0,0.0,5.0,0,0,16,51.4,0,0,0,0,0,0,0,0.0,0
1054,2,45.0,0.0,61.0,61.0,0.0,6.0,0,0,16,51.4,0,0,0,0,0,0,0,0.0,0
1028,2,45.0,0.0,61.0,61.0,0.0,9.0,0,0,16,51.4,0,0,0,0,0,0,0,0.0,0
1,0,56.0,0.0,0.0,0.0,0.0,0.0,0,0,0,56.0,0,0,0,0,0,0,0,0.0,1
18454,53,0.0,19.681667209175394,1300.0,647.2830188679245,501.8178561832109,1.0,0,0,1704,328.2264150943396,4,0,0,0,0,0,14480,0.0,0
47149,2,0.0,0.0,0.0,0.0,13199.562284409283,7.0,0,0,40,0.0,0,0,0,0,0,0,16383,0.0,1
322,2,0.0,0.0,0.0,0.0,0.0,4.0,0,0,64,0.0,0,0,0,0,0,0,14480,0.0,0
340,2,0.0,0.0,0.0,0.0,0.0,2.0,0,0,64,0.0,0,0,0,0,0,0,10136,0.0,0
372704,5,0.0,374.904787912878,0.0,0.0,31281.03428916633,2.0,0,0,116,121.0,4,0,0,0,0,0,16383,0.0,1
68691,2,0.0,0.0,0.0,0.0,30568.93325747564,9.0,0,0,40,0.0,0,0,0,0,0,0,16383,0.0,1
1634,4,88.0,23.09401076758504,72.0,48.0,715.9143337951359,2.0,0,0,32,79.11111111111111,0,0,0,0,0,0,0,0.0,0
353,2,0.0,0.0,0.0,0.0,0.0,2.0,0,0,64,0.0,0,0,0,0,0,0,8688,0.0,0
372209,3,0.0,11.877148928369412,0.0,0.0,84716.21846022166,4.0,0,0,76,4.6,4,0,0,0,0,0,16383,0.0,1
325,2,0.0,0.0,0.0,0.0,0.0,2.0,0,0,64,0.0,0,0,0,0,0,0,14480,0.0,0
326,2,0.0,0.0,0.0,0.0,0.0,5.0,0,0,64,0.0,0,0,0,0,0,0,5792,0.0,0
323,2,0.0,0.0,0.0,0.0,0.0,2.0,0,0,64,0.0,0,0,0,0,0,0,14480,0.0,0
75343,2,0.0,0.0,0.0,0.0,53271.30357425093,6.0,0,0,40,0.0,0,0,0,0,0,0,16383,0.0,0
17460,45,0.0,19.989267733569253,1300.0,621.4666666666667,726.5698138184379,0.0,0,0,1448,315.7777777777778,4,0,0,0,0,0,14480,0.0,0
17825,15,0.0,99.13316607162618,277.0,46.66666666666666,2138.3015845915343,1.0,0,0,488,46.66666666666666,4,0,0,0,0,0,10136,0.0,0
4913,4,114.0,0.0,52.0,50.0,2226.2662314587024,7.0,0,0,32,85.55555555555556,0,0,0,0,0,0,0,0.0,0
394,2,0.0,0.0,0.0,0.0,0.0,2.0,0,0,64,0.0,0,0,0,0,0,0,14480,0.0,0
3,0,82.0,0.0,0.0,0.0,0.0,0.0,0,0,0,82.0,0,0,0,0,0,0,0,0.0,1
31465,63,0.0,17.594388309912908,1300.0,824.7619047619049,737.5720989343836,1.0,0,0,2024,409.60937500000034,4,0,0,0,0,0,14480,0.0,0
4673,4,114.0,0.0,52.0,50.0,2081.061988504908,6.0,0,0,32,85.55555555555556,0,0,0,0,0,0,0,0.0,0
543,2,0.0,0.0,0.0,0.0,0.0,5.0,0,0,64,0.0,0,0,0,0,0,0,14480,0.0,0
976,2,45.0,0.0,61.0,61.0,0.0,7.0,0,0,16,51.4,0,0,0,0,0,0,0,0.0,0
74515,17,0.0,211.1328175975177,192.0,88.94117647058823,507.4034461282828,2.0,0,0,552,124.9411764705882,4,0,0,0,0,0,14480,0.0,0
2603452,123,0.0,27.07977115121619,1448.0,75.34959349593498,43303.155943347774,1.0,0,0,3944,43.99180327868855,4,0,0,0,0,0,47784,0.0,0
320,2,0.0,0.0,0.0,0.0,0.0,2.0,0,0,64,0.0,0,0,0,0,0,0,5792,0.0,0
13409,39,0.0,21.08021663617728,1300.0,536.6666666666666,572.8681841893966,0.0,0,0,1256,274.1538461538462,4,0,0,0,0,0,14480,0.0,0
173377,9,0.0,0.0,1448.0,910.2222222222222,1584.076765816607,2.0,0,0,296,512.0,4,0,0,0,0,0,5792,0.0,0
1348480,5,0.0,0.0,402.0,160.8,580793.8335844026,2.0,0,0,116,73.0909090909091,4,0,0,0,0,804,16383,0.0,1
350,2,0.0,0.0,0.0,0.0,0.0,2.0,0,0,64,0.0,0,0,0,0,0,0,13032,0.0,0
1011553,15,0.0,116.7156607081734,1448.0,614.9333333333334,301093.4340380981,2.0,0,0,488,363.28571428571433,4,0,0,0,0,0,8688,0.0,0
327,2,0.0,0.0,0.0,0.0,0.0,4.0,0,0,64,0.0,0,0,0,0,0,0,14480,0.0,0
127,2,0.0,0.0,0.0,0.0,0.0,4.0,0,0,64,0.0,0,0,0,0,0,0,5792,0.0,0
5,0,56.0,0.0,0.0,0.0,0.0,0.0,0,0,0,56.0,0,0,0,0,0,0,0,0.0,1
95256,59,0.0,18.32713418813508,1300.0,717.457627118644,2377.1009663844666,1.0,0,0,1896,362.7118644067797,4,0,0,0,0,0,14480,0.0,0
4394,13,0.0,35.452381373177744,458.0,76.30769230769229,385.77530796474537,3.0,0,0,424,39.696969696969695,4,0,0,0,0,0,11584,0.0,0
340,2,0.0,0.0,0.0,0.0,0.0,3.0,0,0,64,0.0,0,0,0,0,0,0,10136,0.0,0
9137,21,0.0,81.21193845345906,433.0,50.095238095238095,1137.37443108733,1.0,0,0,680,44.23809523809524,4,0,0,0,0,0,13032,0.0,0
11,0,504.0,0.0,0.0,0.0,0.0,0.0,0,0,0,504.0,0,0,0,0,0,0,0,0.0,1
75589,2,0.0,0.0,0.0,0.0,42786.3242228168,7.0,0,0,40,0.0,0,0,0,0,0,0,16383,0.0,1
2192950,5,0.0,29.277002188455995,0.0,0.0,578905.4015667845,5.0,0,0,116,9.23076923076923,4,0,0,0,120,0,16383,0.0,1
55371,59,0.0,18.83709254785309,1300.0,785.7288135593224,1951.5125906854944,1.0,0,0,1896,396.9830508474578,4,0,0,0,0,0,14480,0.0,0
3782070,426,0.0,26.75312711477792,1448.0,1213.0140845070428,154759.33368336665,1.0,0,0,13640,786.02124430956,4,0,0,0,1244,516744,34752,0.0,0
327,2,0.0,0.0,0.0,0.0,0.0,2.0,0,0,64,0.0,0,0,0,0,0,0,14480,0.0,0
111525,95,0.0,15.305237207431617,1300.0,949.621052631579,1736.4595228839362,0.0,0,0,3048,477.3684210526314,4,0,0,0,0,0,14480,0.0,0
19098,15,0.0,99.13316607162618,277.0,46.66666666666666,2294.2588490984767,1.0,0,0,488,46.66666666666666,4,0,0,0,0,0,10136,0.0,0
309,2,0.0,0.0,0.0,0.0,0.0,2.0,0,0,64,0.0,0,0,0,0,0,0,20272,0.0,0
20462,55,0.0,18.865591749571376,1300.0,755.1636363636364,535.3415387721919,0.0,0,0,1768,381.8545454545454,4,0,0,0,0,0,14480,0.0,0
310,2,0.0,0.0,0.0,0.0,0.0,3.0,0,0,64,0.0,0,0,0,0,0,0,20272,0.0,0
3065613,5,0.0,30.983866769659336,0.0,0.0,640004.2416039131,1.0,0,0,116,9.999999999999998,4,0,0,0,60,0,16383,0.0,1
740231,39,0.0,718.3669621056482,287.0,30.461538461538467,38111.28819948874,1.0,0,0,1256,396.8888888888888,4,0,0,0,0,0,30408,0.0,0
29824713,677,0.0,417.505730747292,131.0,1.4505169867060563,27400.190174625262,1.0,0,0,13556,1120.6619910383804,4,0,0,0,0,0,16383,0.0,1
387,2,0.0,0.0,0.0,0.0,0.0,6.0,0,0,64,0.0,0,0,0,0,0,0,14480,0.0,0
4397013,691,0.0,22.0672835344544,1448.0,1226.7756874095512,160545.3778776735,1.0,0,0,22120,813.5249042145588,4,0,0,0,1618,847702,49232,0.0,0
44801,5,0.0,0.0,713.0,285.2,351.37776442645503,3.0,0,0,168,142.60000000000002,4,0,0,0,0,0,5792,0.0,0
1042,2,38.0,0.0,54.0,54.0,0.0,7.0,0,0,16,44.4,0,0,0,0,0,0,0,0.0,0
80532,2,0.0,0.0,0.0,0.0,26360.94080263449,8.0,0,0,40,0.0,0,0,0,0,0,0,16383,0.0,1
22683,2,0.0,0.0,0.0,0.0,8150.819866737333,8.0,0,0,40,0.0,0,0,0,0,0,0,16383,0.0,1
315,2,0.0,0.0,0.0,0.0,0.0,2.0,0,0,64,0.0,0,0,0,0,0,0,14480,0.0,0
344,2,0.0,0.0,0.0,0.0,0.0,5.0,0,0,64,0.0,0,0,0,0,0,0,20272,0.0,0
10,0,428.0,0.0,0.0,0.0,0.0,0.0,0,0,0,428.0,0,0,0,0,0,0,0,0.0,0
9580,9,0.0,0.0,1448.0,910.2222222222222,3746.990699214504,3.0,0,0,296,512.0,4,0,0,0,0,0,5792,0.0,0
34798,2,0.0,0.0,0.0,0.0,21009.5566826147,5.0,0,0,40,0.0,0,0,0,0,0,0,16383,0.0,1
1807796,27,0.0,624.5472294617888,123.0,36.96296296296296,53963.72321418117,1.0,0,0,556,825.4358974358976,4,0,0,0,0,0,16383,0.0,1
31884,123,0.0,27.095282647292944,1448.0,70.26016260162598,447.2465222280268,1.0,0,0,3944,41.37704918032787,4,0,0,0,0,0,47784,0.0,0
342630,25,0.0,271.56598858076126,192.0,60.48,13322.613936086267,3.0,0,0,808,94.7692307692308,4,0,0,0,0,0,14480,0.0,0
48706,23,0.0,166.09084107103777,848.0,183.3913043478261,4530.757964783567,1.0,0,0,744,118.37735849056604,4,0,0,0,0,0,14480,0.0,0
502665,3,0.0,107.92713591431335,0.0,0.0,115089.43517673548,4.0,0,0,76,41.8,4,0,0,0,0,0,16383,0.0,1
2365328,123,0.0,27.08374294023374,1448.0,69.5609756097561,37189.3621042532,1.0,0,0,3944,41.057377049180296,4,0,0,0,0,0,47784,0.0,0
5,0,0.0,0.0,0.0,0.0,0.0,0.0,0,0,0,0.0,2,0,0,0,0,0,0,0.0,0
344,2,0.0,0.0,0.0,0.0,0.0,2.0,0,0,64,0.0,0,0,0,0,0,0,8688,0.0,0
1049,2,37.0,0.0,53.0,53.0,0.0,24.0,0,0,16,43.4,0,0,0,0,0,0,0,0.0,0
324,2,0.0,0.0,0.0,0.0,0.0,3.0,0,0,64,0.0,0,0,0,0,0,0,5792,0.0,0
525932,13,0.0,692.2004429368494,45.0,13.076923076923077,56724.60944700583,5.0,0,0,276,631.7674418604653,4,0,0,0,0,0,16383,0.0,1
344,2,0.0,0.0,0.0,0.0,0.0,4.0,0,0,64,0.0,0,0,0,0,0,0,8688,0.0,0
58053,2,0.0,0.0,0.0,0.0,20197.09099103136,3.0,0,0,40,0.0,0,0,0,0,0,0,16383,0.0,1
406279,3,0.0,279.37119870642834,0.0,0.0,87861.63328950811,7.0,0,0,76,108.2,4,0,0,0,0,0,16383,0.0,1
391,2,0.0,0.0,0.0,0.0,0.0,2.0,0,0,64,0.0,0,0,0,0,0,0,14480,0.0,0
355,2,0.0,0.0,0.0,0.0,0.0,2.0,0,0,64,0.0,0,0,0,0,0,0,10136,0.0,0
1675,4,88.0,16.165807537309526,72.0,48.0,713.8937829490696,5.0,0,0,32,76.44444444444444,0,0,0,0,0,0,0,0.0,0
1001,2,37.0,0.0,53.0,53.0,0.0,5.0,0,0,16,43.4,0,0,0,0,0,0,0,0.0,0
333,2,0.0,0.0,0.0,0.0,0.0,1.0,0,0,64,0.0,0,0,0,0,0,0,8688,0.0,0
312,2,0.0,0.0,0.0,0.0,0.0,2.0,0,0,64,0.0,0,0,0,0,0,0,14480,0.0,0
4494,15,0.0,251.3998143727769,192.0,100.8,326.7470552204535,2.0,0,0,488,140.5,4,0,0,0,0,0,14480,0.0,0
1101,2,45.0,0.0,61.0,61.0,0.0,6.0,0,0,16,51.4,0,0,0,0,0,0,0,0.0,0
98431,23,0.0,84.16331242230629,381.0,53.130434782608695,11238.50298557264,0.0,0,0,744,48.27272727272727,4,0,0,0,0,0,13032,0.0,0
1134,2,38.0,0.0,54.0,54.0,0.0,5.0,0,0,16,44.4,0,0,0,0,0,0,0,0.0,0
164588,2,0.0,0.0,0.0,0.0,68054.78504851808,2.0,0,0,40,0.0,0,0,0,0,0,0,16383,0.0,1
2137236,19,0.0,94.7938552860891,778.0,149.26315789473685,186132.34055933385,2.0,0,0,396,125.35135135135133,4,0,0,0,0,0,16383,0.0,1
116,2,0.0,0.0,0.0,0.0,0.0,3.0,0,0,64,0.0,0,0,0,0,0,0,10136,0.0,0
312,2,0.0,0.0,0.0,0.0,0.0,2.0,0,0,64,0.0,0,0,0,0,0,0,14480,0.0,0
13227,15,0.0,99.13316607162618,277.0,46.66666666666666,1909.919474071066,1.0,0,0,488,46.66666666666666,4,0,0,0,0,0,10136,0.0,0
335116,13,0.0,35.452381373177744,458.0,76.30769230769229,35048.116358669686,3.0,0,0,424,39.696969696969695,4,0,0,0,0,0,11584,0.0,0
1314,2,45.0,0.0,61.0,61.0,0.0,6.0,0,0,16,51.4,0,0,0,0,0,0,0,0.0,0
11465,37,0.0,21.474606635715823,1300.0,468.972972972973,414.3402937098885,0.0,0,0,1192,240.6216216216216,4,0,0,0,0,0,14480,0.0,0
376,2,0.0,0.0,0.0,0.0,0.0,5.0,0,0,64,0.0,0,0,0,0,0,0,30408,0.0,0
30290,2,0.0,0.0,0.0,0.0,8770.952513837936,4.0,0,0,40,0.0,0,0,0,0,0,0,16383,0.0,1
335,2,0.0,0.0,0.0,0.0,0.0,6.0,0,0,64,0.0,0,0,0,0,0,0,5792,0.0,0
313,2,0.0,0.0,0.0,0.0,0.0,2.0,0,0,64,0.0,0,0,0,0,0,0,5792,0.0,0
592472,39,0.0,717.8290922735617,287.0,30.461538461538467,24939.831446297463,1.0,0,0,1256,396.4888888888889,4,0,0,0,0,0,30408,0.0,0
2925,5,0.0,0.0,715.0,286.0,345.5444978580906,4.0,0,0,168,143.0,4,0,0,0,0,0,5792,0.0,0
1055,2,45.0,0.0,61.0,61.0,0.0,9.0,0,0,16,51.4,0,0,0,0,0,0,0,0.0,0
1049,2,45.0,0.0,61.0,61.0,0.0,8.0,0,0,16,51.4,0,0,0,0,0,0,0,0.0,0
39529,2,0.0,0.0,0.0,0.0,20232.446330090683,4.0,0,0,40,0.0,0,0,0,0,0,0,16383,0.0,0
1756,4,88.0,20.784609690826528,72.0,48.0,764.4124105045216,2.0,0,0,32,78.22222222222223,0,0,0,0,0,0,0,0.0,0
1006211,15,0.0,122.41532220727564,1448.0,614.9333333333334,333367.63418596896,2.0,0,0,488,391.2307692307692,4,0,0,0,948,9224,8688,0.0,0
30416,2,0.0,0.0,0.0,0.0,7587.962868912841,7.0,0,0,40,0.0,0,0,0,0,0,0,16383,0.0,1
324,2,0.0,0.0,0.0,0.0,0.0,2.0,0,0,64,0.0,0,0,0,0,0,0,14480,0.0,0
318,2,0.0,0.0,0.0,0.0,0.0,2.0,0,0,64,0.0,0,0,0,0,0,0,41992,0.0,0
1140833,29,0.0,13.11992198685558,1460.0,734.2068965517241,89538.98320021939,2.0,0,0,596,458.2978723404256,4,0,0,0,0,0,16383,0.0,1
366,2,0.0,0.0,0.0,0.0,0.0,3.0,0,0,64,0.0,0,0,0,0,0,0,8688,0.0,0
29229,39,0.0,718.6732378885017,287.0,30.461538461538467,857.6997526210781,1.0,0,0,1256,397.1111111111112,4,0,0,0,0,0,30408,0.0,0
323,2,0.0,0.0,0.0,0.0,0.0,4.0,0,0,64,0.0,0,0,0,0,0,0,14480,0.0,0
4638,9,0.0,62.487687676142336,777.0,181.11111111111111,576.7452740258138,1.0,0,0,296,101.7,4,0,0,0,0,0,10136,0.0,0
16853608,757,0.0,20.351676148747504,1448.0,1233.1149273447827,448573.2010845904,1.0,0,0,24232,795.1989795918366,4,0,0,0,843,466734,59368,629146.0,0
327,2,0.0,0.0,0.0,0.0,0.0,5.0,0,0,64,0.0,0,0,0,0,0,0,14480,0.0,0
1006,2,45.0,0.0,61.0,61.0,0.0,7.0,0,0,16,51.4,0,0,0,0,0,0,0,0.0,0
17,0,0.0,0.0,0.0,0.0,0.0,0.0,0,0,0,0.0,2,0,0,0,0,0,0,0.0,0
996,2,37.0,0.0,53.0,53.0,0.0,8.0,0,0,16,43.4,0,0,0,0,0,0,0,0.0,0
315,2,0.0,0.0,0.0,0.0,0.0,2.0,0,0,64,0.0,0,0,0,0,0,0,14480,0.0,0
91409,2,0.0,0.0,0.0,0.0,27303.51414195616,3.0,0,0,40,0.0,0,0,0,0,0,0,16383,0.0,1
781296,123,0.0,27.088913667725382,1448.0,69.49593495934957,12262.986094201886,1.0,0,0,3944,41.008196721311485,4,0,0,0,0,0,47784,0.0,0
544793,23,0.0,166.09084107103777,848.0,183.3913043478261,31071.16915972717,1.0,0,0,744,118.37735849056604,4,0,0,0,0,0,14480,0.0,0
7658,23,0.0,166.09084107103777,848.0,183.3913043478261,463.1386424348568,1.0,0,0,744,118.37735849056604,4,0,0,0,0,0,14480,0.0,0
337,2,0.0,0.0,0.0,0.0,0.0,4.0,0,0,64,0.0,0,0,0,0,0,0,14480,0.0,0
1018,2,45.0,0.0,61.0,61.0,0.0,9.0,0,0,16,51.4,0,0,0,0,0,0,0,0.0,0
986,2,45.0,0.0,61.0,61.0,0.0,2.0,0,0,16,51.4,0,0,0,0,0,0,0,0.0,0
334,2,0.0,0.0,0.0,0.0,0.0,3.0,0,0,64,0.0,0,0,0,0,0,0,14480,0.0,0
134263,2,0.0,192.6163717513822,0.0,0.0,49703.4212132324,2.0,0,0,40,82.88888888888889,4,0,0,0,0,0,27157,0.0,0
318,2,0.0,0.0,0.0,0.0,0.0,2.0,0,0,64,0.0,0,0,0,0,0,0,5792,0.0,0
2307,5,0.0,0.0,765.0,306.0,336.5966923980884,2.0,0,0,168,153.0,4,0,0,0,0,0,5792,0.0,0
1005581,15,0.0,116.7156607081734,1448.0,614.9333333333334,301068.72791776,2.0,0,0,488,363.28571428571433,4,0,0,0,0,0,8688,0.0,0
12,0,792.0,0.0,0.0,0.0,0.0,0.0,0,0,0,792.0,0,0,0,0,0,0,0,0.0,1
54768,2,0.0,0.0,0.0,0.0,38192.25146544781,3.0,0,0,40,0.0,0,0,0,0,0,0,16383,0.0,0
66516,2,0.0,0.0,0.0,0.0,30736.517564616846,7.0,0,0,40,0.0,0,0,0,0,0,0,16383,0.0,1
15632,45,0.0,19.989267733569253,1300.0,619.5555555555555,460.4539733486247,1.0,0,0,1448,314.82222222222214,4,0,0,0,0,0,14480,0.0,0
309,2,0.0,0.0,0.0,0.0,0.0,2.0,0,0,64,0.0,0,0,0,0,0,0,34752,0.0,0
97465,2,0.0,0.0,0.0,0.0,68915.3340012221,9.0,0,0,40,0.0,0,0,0,0,0,0,16383,0.0,0
252714,23,0.0,166.09084107103777,848.0,183.3913043478261,15837.748708453371,2.0,0,0,744,118.37735849056604,4,0,0,0,0,0,14480,0.0,0
324,2,0.0,0.0,0.0,0.0,0.0,4.0,0,0,64,0.0,0,0,0,0,0,0,14480,0.0,0
325,2,0.0,0.0,0.0,0.0,0.0,3.0,0,0,64,0.0,0,0,0,0,0,0,14480,0.0,0
27062,2,0.0,0.0,0.0,0.0,6441.742776609448,30.0,0,0,40,0.0,0,0,0,0,0,0,16383,0.0,1
2068184,743,0.0,18.15024059709488,1448.0,1411.9650067294754,6878.027184657652,1.0,0,0,23784,968.2324723247234,4,0,0,0,0,0,7240,0.0,0
18053,47,0.0,20.08417070838321,1300.0,660.8510638297872,551.5989979554482,1.0,0,0,1512,335.42553191489367,4,0,0,0,0,0,14480,0.0,0
325,2,0.0,0.0,0.0,0.0,0.0,5.0,0,0,64,0.0,0,0,0,0,0,0,14480,0.0,0
470,2,0.0,0.0,0.0,0.0,0.0,5.0,0,0,64,0.0,0,0,0,0,0,0,14480,0.0,0
459299,39,0.0,723.6698424118049,287.0,30.461538461538467,23563.24855921325,2.0,0,0,1256,400.3111111111112,4,0,0,0,0,0,30408,0.0,0
97156,2,0.0,0.0,0.0,0.0,68085.1906401091,2.0,0,0,40,0.0,0,0,0,0,0,0,16383,0.0,1
315,2,0.0,0.0,0.0,0.0,0.0,3.0,0,0,64,0.0,0,0,0,0,0,0,14480,0.0,0
960,2,37.0,0.0,53.0,53.0,0.0,4.0,0,0,16,43.4,0,0,0,0,0,0,0,0.0,0
308,2,0.0,0.0,0.0,0.0,0.0,2.0,0,0,64,0.0,0,0,0,0,0,0,14480,0.0,0
5030,4,114.0,0.0,52.0,50.0,2242.7185140657607,0.0,0,0,32,85.55555555555556,0,0,0,0,0,0,0,0.0,0
353,2,0.0,0.0,0.0,0.0,0.0,4.0,0,0,64,0.0,0,0,0,0,0,0,30408,0.0,0
45494,43,0.0,20.337683508684545,1300.0,586.0930232558138,1893.3735761282,1.0,0,0,1384,298.3255813953489,4,0,0,0,0,0,14480,0.0,0
380,2,0.0,0.0,0.0,0.0,0.0,3.0,0,0,64,0.0,0,0,0,0,0,0,14480,0.0,0
993,2,37.0,0.0,53.0,53.0,0.0,2.0,0,0,16,43.4,0,0,0,0,0,0,0,0.0,0
345,2,0.0,0.0,0.0,0.0,0.0,4.0,0,0,64,0.0,0,0,0,0,0,0,30408,0.0,0
2891696,35,0.0,587.9321271295787,108.0,25.885714285714283,61484.576073501405,1.0,0,0,716,911.5359116022098,4,0,0,0,0,0,16383,0.0,1
933,2,37.0,0.0,53.0,53.0,0.0,9.0,0,0,16,43.4,0,0,0,0,0,0,0,0.0,0
1173120,743,0.0,17.889830679800866,1448.0,1411.9650067294754,4911.294792802685,1.0,0,0,23784,959.382084095064,4,0,0,0,0,0,7240,0.0,0
351,2,0.0,0.0,0.0,0.0,0.0,2.0,0,0,64,0.0,0,0,0,0,0,0,14480,0.0,0
313,2,0.0,0.0,0.0,0.0,0.0,2.0,0,0,64,0.0,0,0,0,0,0,0,14480,0.0,0
341,2,0.0,0.0,0.0,0.0,0.0,5.0,0,0,64,0.0,0,0,0,0,0,0,5792,0.0,0
221362,5,0.0,718.7496213437738,0.0,0.0,55185.85252892669,5.0,0,0,168,481.88235294117646,4,0,0,0,0,0,10136,0.0,0
9,0,103.0,0.0,0.0,0.0,0.0,0.0,0,0,0,103.0,0,0,0,0,0,0,0,0.0,1
382,2,0.0,0.0,0.0,0.0,0.0,5.0,0,0,64,0.0,0,0,0,0,0,0,30408,0.0,0
29455,59,0.0,18.32713418813508,1300.0,770.813559322034,764.1160802425329,1.0,0,0,1896,389.3898305084745,4,0,0,0,0,0,14480,0.0,0
615854,5,0.0,149.64028296456237,199.0,79.6,94190.49043421578,2.0,0,0,116,96.85714285714286,4,0,0,0,0,0,16383,0.0,1
328,2,0.0,0.0,0.0,0.0,0.0,5.0,0,0,64,0.0,0,0,0,0,0,0,14480,0.0,0
351,2,0.0,0.0,0.0,0.0,0.0,2.0,0,0,64,0.0,0,0,0,0,0,0,5792,0.0,0
1045,2,37.0,0.0,53.0,53.0,0.0,7.0,0,0,16,43.4,0,0,0,0,0,0,0,0.0,0
2871613,21,0.0,709.0946410675724,115.0,41.90476190476191,182136.6460266353,2.0,0,0,436,579.4202898550724,4,0,0,0,39100,880,16383,0.0,1
327,2,0.0,0.0,0.0,0.0,0.0,2.0,0,0,64,0.0,0,0,0,0,0,0,14480,0.0,0
7,0,524.0,0.0,0.0,0.0,0.0,0.0,0,0,0,524.0,0,0,0,0,0,0,0,0.0,1
335,2,0.0,0.0,0.0,0.0,0.0,2.0,0,0,64,0.0,0,0,0,0,0,0,8688,0.0,0
358,2,0.0,0.0,0.0,0.0,0.0,5.0,0,0,64,0.0,0,0,0,0,0,0,30408,0.0,0
10,0,543.0,0.0,0.0,0.0,0.0,0.0,0,0,0,543.0,0,0,0,0,0,0,0,0.0,1
1010,2,45.0,0.0,61.0,61.0,0.0,5.0,0,0,16,51.4,0,0,0,0,0,0,0,0.0,0
314,2,0.0,0.0,0.0,0.0,0.0,2.0,0,0,64,0.0,0,0,0,0,0,0,14480,0.0,0
988574,25,0.0,625.3377918164501,132.0,41.36,34137.012102111665,1.0,0,0,516,798.2970297029703,4,0,0,0,0,0,16383,0.0,1
15469,45,0.0,19.989267733569253,1300.0,625.5555555555557,539.0819900781124,1.0,0,0,1448,317.8222222222223,4,0,0,0,0,0,14480,0.0,0
1035,2,37.0,0.0,53.0,53.0,0.0,7.0,0,0,16,43.4,0,0,0,0,0,0,0,0.0,0
16423,47,0.0,20.08417070838321,1300.0,612.595744680851,536.8767253120759,1.0,0,0,1512,311.2978723404256,4,0,0,0,0,0,14480,0.0,0
1181626,15,0.0,122.41532220727564,1448.0,614.9333333333334,380857.3327549963,2.0,0,0,488,391.2307692307692,4,0,0,0,948,9224,8688,0.0,0
2670347,11,0.0,17.031165728176273,45.0,11.636363636363637,475593.6210649516,1.0,0,0,236,15.166666666666668,4,0,0,0,236,128,16383,0.0,1
6,0,56.0,0.0,0.0,0.0,0.0,0.0,0,0,0,56.0,0,0,0,0,0,0,0,0.0,1
318,2,0.0,0.0,0.0,0.0,0.0,3.0,0,0,64,0.0,0,0,0,0,0,0,14480,0.0,0
31439,53,0.0,19.681667209175394,1300.0,612.8301886792452,1049.0897189618115,1.0,0,0,1704,311.0000000000001,4,0,0,0,0,0,14480,0.0,0
1016,2,37.0,0.0,53.0,53.0,0.0,9.0,0,0,16,43.4,0,0,0,0,0,0,0,0.0,0
9,0,56.0,0.0,0.0,0.0,0.0,0.0,0,0,0,56.0,0,0,0,0,0,0,0,0.0,1
51424,59,0.0,18.32713418813508,1300.0,762.7118644067798,2016.4937782930883,0.0,0,0,1896,385.3389830508476,4,0,0,0,0,0,14480,0.0,0
333,2,0.0,0.0,0.0,0.0,0.0,2.0,0,0,64,0.0,0,0,0,0,0,0,31856,0.0,0
963186,5,0.0,30.983866769659336,0.0,0.0,78307.57509334585,8.0,0,0,116,9.999999999999998,4,0,0,0,0,0,16383,0.0,1
310,2,0.0,0.0,0.0,0.0,0.0,2.0,0,0,64,0.0,0,0,0,0,0,0,14480,0.0,0
351,2,0.0,0.0,0.0,0.0,0.0,4.0,0,0,64,0.0,0,0,0,0,0,0,34752,0.0,0
4070247,11,0.0,683.4520067295475,433.0,82.72727272727272,640593.7096553366,3.0,0,0,236,640.9499999999999,4,0,0,0,24728,910,16383,0.0,1
323,2,0.0,0.0,0.0,0.0,0.0,4.0,0,0,64,0.0,0,0,0,0,0,0,14480,0.0,0
28840,2,0.0,0.0,0.0,0.0,5584.0222510301655,8.0,0,0,40,0.0,0,0,0,0,0,0,16383,0.0,1
449424,5,0.0,98.11557810392122,0.0,0.0,45216.65228983676,7.0,0,0,116,31.666666666666668,4,0,0,0,0,0,16383,0.0,1
202625,21,0.0,271.40523207926555,192.0,72.0,11829.38866918108,3.0,0,0,680,112.76190476190472,4,0,0,0,0,0,14480,0.0,0
55903,71,0.0,17.413875622106488,1300.0,809.7464788732393,1372.2326871711064,1.0,0,0,2280,408.2957746478872,4,0,0,0,0,0,14480,0.0,0
163364,5,0.0,556.0558909373714,0.0,0.0,18776.369985525245,9.0,0,0,116,952.1875,4,0,0,0,0,0,16383,0.0,1
50635,45,0.0,19.989267733569253,1300.0,625.5555555555557,1854.062380010473,0.0,0,0,1448,317.8222222222223,4,0,0,0,0,0,14480,0.0,0
4587,4,88.0,23.09401076758504,72.0,48.0,2362.8064527873066,5.0,0,0,32,79.11111111111111,0,0,0,0,0,0,0,0.0,0
1126541,15,0.0,116.7156607081734,1448.0,614.9333333333334,314782.3027002226,2.0,0,0,488,363.28571428571433,4,0,0,0,948,9224,8688,0.0,0
390,2,0.0,0.0,0.0,0.0,0.0,3.0,0,0,64,0.0,0,0,0,0,0,0,8688,0.0,0
1702026,5,0.0,21.957751641342,0.0,0.0,389079.0164583111,1.0,0,0,116,6.923076923076923,4,0,0,0,0,0,16383,0.0,1
375,2,0.0,0.0,0.0,0.0,0.0,5.0,0,0,64,0.0,0,0,0,0,0,0,20272,0.0,0
81111,4,88.0,13.856406460551018,72.0,48.0,38093.282089278335,2.0,0,0,32,75.55555555555556,0,0,0,0,0,0,0,0.0,0
36476,71,0.0,16.93905773703584,1300.0,819.549295774648,830.9998656083472,1.0,0,0,2280,413.0845070422535,4,0,0,0,0,0,14480,0.0,0
235634,23,0.0,166.09084107103777,848.0,183.3913043478261,15063.198950346668,1.0,0,0,744,118.37735849056604,4,0,0,0,0,0,14480,0.0,0
346,2,0.0,0.0,0.0,0.0,0.0,2.0,0,0,64,0.0,0,0,0,0,0,0,14480,0.0,0
367253,15,0.0,99.13316607162618,277.0,46.66666666666666,36152.38026192141,2.0,0,0,488,46.66666666666666,4,0,0,0,0,0,10136,0.0,0
12390,39,0.0,21.523615004105377,1300.0,541.7435897435898,500.4200202796613,0.0,0,0,1256,276.89743589743586,4,0,0,0,0,0,14480,0.0,0
291058,435,0.0,27.225231766046107,1448.0,1207.8896551724142,1848.9129517801025,0.0,0,0,13928,798.045454545455,4,0,0,0,0,0,34752,0.0,0
123832,2,0.0,0.0,0.0,0.0,39343.42130521951,2.0,0,0,40,0.0,0,0,0,0,0,0,16383,0.0,1
1011,2,45.0,0.0,61.0,61.0,0.0,2.0,0,0,16,51.4,0,0,0,0,0,0,0,0.0,0
42303,2,0.0,0.0,0.0,0.0,10024.652836881683,8.0,0,0,40,0.0,0,0,0,0,0,0,16383,0.0,0
83095,2,0.0,0.0,0.0,0.0,34108.0026973143,5.0,0,0,40,0.0,0,0,0,0,0,0,16383,0.0,1
119998,2,0.0,0.0,0.0,0.0,49296.65635720135,7.0,0,0,40,0.0,0,0,0,0,0,0,16383,0.0,0
3914222,743,0.0,17.543394308445357,1448.0,1411.9650067294754,15378.134100987048,1.0,0,0,23784,947.259927797833,4,0,0,0,0,0,7240,0.0,0
354,2,0.0,0.0,0.0,0.0,0.0,4.0,0,0,64,0.0,0,0,0,0,0,0,10136,0.0,0
14056182,45,0.0,512.2330334149963,45.0,3.777777777777779,630057.4665433828,1.0,0,0,916,1043.8785942492011,4,0,0,0,326564,170,16383,1133005.0,1
3399,5,0.0,0.0,715.0,286.0,349.0114611298603,3.0,0,0,168,143.0,4,0,0,0,0,0,5792,0.0,0
333,2,0.0,0.0,0.0,0.0,0.0,5.0,0,0,64,0.0,0,0,0,0,0,0,65160,0.0,0
1143333,15,0.0,116.7156607081734,1448.0,614.9333333333334,299993.4310360812,1.0,0,0,488,363.28571428571433,4,0,0,0,948,9224,8688,0.0,0
223049,5,0.0,718.7496213437738,0.0,0.0,55538.54360351917,2.0,0,0,168,481.88235294117646,4,0,0,0,0,0,10136,0.0,0
19350,33,0.0,21.883828750570903,1300.0,368.5454545454545,858.5644797620565,1.0,0,0,1064,185.52941176470588,4,0,0,0,0,0,14480,0.0,0
365932,27,0.0,271.56598858076126,192.0,55.99999999999999,13439.161995575963,2.0,0,0,872,91.25925925925928,4,0,0,0,0,0,14480,0.0,0
1013,2,45.0,0.0,61.0,61.0,0.0,7.0,0,0,16,51.4,0,0,0,0,0,0,0,0.0,0
1123510,15,0.0,116.7156607081734,1448.0,614.9333333333334,331993.30548505177,3.0,0,0,488,363.28571428571433,4,0,0,0,948,9224,8688,0.0,0
347,2,0.0,0.0,0.0,0.0,0.0,2.0,0,0,64,0.0,0,0,0,0,0,0,14480,0.0,0
363,2,0.0,0.0,0.0,0.0,0.0,5.0,0,0,64,0.0,0,0,0,0,0,0,8688,0.0,0
1090350,15,0.0,122.41532220727564,1448.0,614.9333333333334,330742.442311612,3.0,0,0,488,391.2307692307692,4,0,0,0,0,0,8688,0.0,0
86348,83,0.0,16.26082202818231,1300.0,917.6626506024096,1700.2155049497717,1.0,0,0,2664,461.7590361445784,4,0,0,0,0,0,14480,0.0,0
506240,39,0.0,718.8907963959874,287.0,30.461538461538467,22871.60375124385,1.0,0,0,1256,397.2666666666669,4,0,0,0,0,0,30408,0.0,0
1731,4,88.0,20.784609690826528,72.0,48.0,748.8232991389445,2.0,0,0,32,78.22222222222223,0,0,0,0,0,0,0,0.0,0
322,2,0.0,0.0,0.0,0.0,0.0,2.0,0,0,64,0.0,0,0,0,0,0,0,5792,0.0,0
144297,2,0.0,0.0,0.0,0.0,76345.61205793035,7.0,0,0,40,0.0,0,0,0,0,0,0,16383,0.0,1
600752,9,0.0,716.3774770713917,45.0,14.222222222222223,42041.00268644616,2.0,0,0,196,666.9500000000002,4,0,0,0,0,0,16383,0.0,1
42341,37,0.0,21.474606635715823,1300.0,468.4324324324324,1895.008114215128,1.0,0,0,1192,240.35135135135133,4,0,0,0,0,0,14480,0.0,0
340,2,0.0,0.0,0.0,0.0,0.0,2.0,0,0,64,0.0,0,0,0,0,0,0,47784,0.0,0
14463,39,0.0,21.08021663617728,1300.0,521.8974358974358,740.7514223203824,1.0,0,0,1256,266.7692307692308,4,0,0,0,0,0,14480,0.0,0
324,2,0.0,0.0,0.0,0.0,0.0,2.0,0,0,64,0.0,0,0,0,0,0,0,5792,0.0,0
19899,2,0.0,0.0,0.0,0.0,8942.07235488508,6.0,0,0,40,0.0,0,0,0,0,0,0,16383,0.0,1
1730808,743,0.0,18.36695978278276,1448.0,1411.9650067294754,6613.425125566685,1.0,0,0,23784,975.4312267657996,4,0,0,0,0,0,7240,0.0,0
15375,47,0.0,20.08417070838321,1300.0,612.595744680851,504.83198825315776,1.0,0,0,1512,311.2978723404256,4,0,0,0,0,0,14480,0.0,0
325,2,0.0,0.0,0.0,0.0,0.0,5.0,0,0,64,0.0,0,0,0,0,0,0,10136,0.0,0
1005402,15,0.0,122.41532220727564,1448.0,614.9333333333334,333000.93494555104,2.0,0,0,488,391.2307692307692,4,0,0,0,0,0,8688,0.0,0
342,2,0.0,0.0,0.0,0.0,0.0,1.0,0,0,64,0.0,0,0,0,0,0,0,8688,0.0,0
123,2,0.0,0.0,0.0,0.0,0.0,3.0,0,0,64,0.0,0,0,0,0,0,0,28960,0.0,0
482653,39,0.0,723.869574845933,287.0,30.461538461538467,23054.08845335036,2.0,0,0,1256,393.73913043478257,4,0,0,0,0,0,31856,0.0,0
3521,7,0.0,160.0833116432399,148.0,42.285714285714285,289.7969979140571,4.0,0,0,232,65.42857142857143,4,0,0,0,0,0,7240,0.0,0
322,2,0.0,0.0,0.0,0.0,0.0,2.0,0,0,64,0.0,0,0,0,0,0,0,14480,0.0,0
1029,2,45.0,0.0,61.0,61.0,0.0,1.0,0,0,16,51.4,0,0,0,0,0,0,0,0.0,0
1517211,11,0.0,26.778213668441875,45.0,15.454545454545457,214434.9854435553,2.0,0,0,236,18.60869565217392,4,0,0,0,0,0,16383,0.0,0
1453692,7,0.0,380.5877034272127,332.0,189.7142857142857,232260.79171140943,3.0,0,0,156,225.64705882352945,4,0,0,0,0,0,16383,0.0,1
1143045,15,0.0,116.7156607081734,1448.0,614.9333333333334,298998.8385500702,4.0,0,0,488,363.28571428571433,4,0,0,0,0,0,8688,0.0,0
1020,2,45.0,0.0,61.0,61.0,0.0,9.0,0,0,16,51.4,0,0,0,0,0,0,0,0.0,0
1509671,9,0.0,83.43945623709959,1460.0,424.0,411739.1004757341,4.0,0,0,196,244.58823529411765,4,0,0,0,0,0,16383,0.0,1
993,2,45.0,0.0,61.0,61.0,0.0,2.0,0,0,16,51.4,0,0,0,0,0,0,0,0.0,0
1083470,7,0.0,95.63820714895624,445.0,127.14285714285715,212615.4032732969,2.0,0,0,156,85.46666666666667,4,0,0,0,0,0,16383,0.0,1
309,2,0.0,0.0,0.0,0.0,0.0,2.0,0,0,64,0.0,0,0,0,0,0,0,59368,0.0,0
36162,4,88.0,20.784609690826528,72.0,48.0,11523.334413267716,8.0,0,0,32,78.22222222222223,0,0,0,0,0,0,0,0.0,0
299500,3,0.0,99.14837366290988,0.0,0.0,45701.56904636864,7.0,0,0,76,38.400000000000006,4,0,0,0,0,0,16383,0.0,1
1152,2,45.0,0.0,61.0,61.0,0.0,7.0,0,0,16,51.4,0,0,0,0,0,0,0,0.0,0
1049,2,37.0,0.0,53.0,53.0,0.0,13.0,0,0,16,43.4,0,0,0,0,0,0,0,0.0,0
332,2,0.0,0.0,0.0,0.0,0.0,4.0,0,0,64,0.0,0,0,0,0,0,0,5792,0.0,0
312,2,0.0,0.0,0.0,0.0,0.0,2.0,0,0,64,0.0,0,0,0,0,0,0,14480,0.0,0
353,2,0.0,0.0,0.0,0.0,0.0,2.0,0,0,64,0.0,0,0,0,0,0,0,7240,0.0,0
61128,7,0.0,162.1489027612172,148.0,42.285714285714285,21827.79099450973,1.0,0,0,232,65.99999999999999,4,0,0,0,0,0,7240,0.0,0
702855,5,0.0,215.6739161216259,0.0,0.0,173503.75572611293,1.0,0,0,116,68.0,4,0,0,0,0,0,16383,0.0,1
291,2,0.0,0.0,0.0,0.0,0.0,3.0,0,0,64,0.0,0,0,0,0,0,0,14480,0.0,0
1041,2,45.0,0.0,61.0,61.0,0.0,5.0,0,0,16,51.4,0,0,0,0,0,0,0,0.0,0
5111498,435,0.0,26.659686001692044,1448.0,1207.8896551724142,285868.44343021733,1.0,0,0,13928,786.1343283582097,4,0,0,0,1278,525432,34752,0.0,0
809581,5,0.0,37.1806401235912,0.0,0.0,101134.33749474012,9.0,0,0,116,12.0,4,0,0,0,0,0,16383,0.0,1
1084,2,38.0,0.0,54.0,54.0,0.0,8.0,0,0,16,44.4,0,0,0,0,0,0,0,0.0,0
31354,43,0.0,20.774325260080392,1300.0,544.4651162790697,1453.4554785230885,0.0,0,0,1384,277.6976744186046,4,0,0,0,0,0,14480,0.0,0
352,2,0.0,0.0,0.0,0.0,0.0,5.0,0,0,64,0.0,0,0,0,0,0,0,10136,0.0,0
1008325,15,0.0,116.7156607081734,1448.0,614.9333333333334,301117.7269831368,2.0,0,0,488,363.28571428571433,4,0,0,0,0,0,8688,0.0,0
17647,15,0.0,99.13316607162618,277.0,46.66666666666666,2134.603013593166,1.0,0,0,488,46.66666666666666,4,0,0,0,0,0,10136,0.0,0
9,0,56.0,0.0,0.0,0.0,0.0,0.0,0,0,0,56.0,0,0,0,0,0,0,0,0.0,1
984,2,45.0,0.0,61.0,61.0,0.0,4.0,0,0,16,51.4,0,0,0,0,0,0,0,0.0,0
31466,51,0.0,19.15157448957825,1300.0,649.0196078431372,977.502003608598,1.0,0,0,1640,322.78846153846155,4,0,0,0,0,0,14480,0.0,0
68365,83,0.0,16.26082202818231,1300.0,943.3975903614456,1241.661911375433,1.0,0,0,2664,474.6265060240962,4,0,0,0,0,0,14480,0.0,0
112,2,0.0,0.0,0.0,0.0,0.0,3.0,0,0,64,0.0,0,0,0,0,0,0,5792,0.0,0
368,2,0.0,0.0,0.0,0.0,0.0,2.0,0,0,64,0.0,0,0,0,0,0,0,47784,0.0,0
324,2,0.0,0.0,0.0,0.0,0.0,1.0,0,0,64,0.0,0,0,0,0,0,0,8688,0.0,0
95345,63,0.0,17.829381154819387,1300.0,754.5079365079365,2417.9097690704093,0.0,0,0,2024,380.9841269841272,4,0,0,0,0,0,14480,0.0,0
357,2,0.0,0.0,0.0,0.0,0.0,3.0,0,0,64,0.0,0,0,0,0,0,0,30408,0.0,0
1014,2,45.0,0.0,61.0,61.0,0.0,8.0,0,0,16,51.4,0,0,0,0,0,0,0,0.0,0
613346,5,0.0,30.983866769659336,0.0,0.0,30009.783608016904,6.0,0,0,116,9.999999999999998,4,0,0,0,0,0,16383,0.0,1
333,2,0.0,0.0,0.0,0.0,0.0,2.0,0,0,64,0.0,0,0,0,0,0,0,14480,0.0,0
2158525,43,0.0,124.462047105094,1460.0,1103.3488372093022,196337.73121649807,1.0,0,0,876,784.0317460317461,4,0,0,0,0,0,16383,0.0,1
1332,2,37.0,0.0,53.0,53.0,0.0,1.0,0,0,16,43.4,0,0,0,0,0,0,0,0.0,0
359,2,0.0,0.0,0.0,0.0,0.0,6.0,0,0,64,0.0,0,0,0,0,0,0,30408,0.0,0
313,2,0.0,0.0,0.0,0.0,0.0,2.0,0,0,64,0.0,0,0,0,0,0,0,14480,0.0,0
221950,9,0.0,0.0,1448.0,910.2222222222222,20987.252326114536,4.0,0,0,296,512.0,4,0,0,0,0,0,5792,0.0,0
320,2,0.0,0.0,0.0,0.0,0.0,3.0,0,0,64,0.0,0,0,0,0,0,0,14480,0.0,0
313,2,0.0,0.0,0.0,0.0,0.0,2.0,0,0,64,0.0,0,0,0,0,0,0,11584,0.0,0
4463,15,0.0,352.19653604202296,192.0,100.8,328.9057615792098,1.0,0,0,488,159.5,4,0,0,0,0,0,14480,0.0,0
330,2,0.0,0.0,0.0,0.0,0.0,2.0,0,0,64,0.0,0,0,0,0,0,0,14480,0.0,0
99053,2,0.0,0.0,0.0,0.0,69568.70066703847,7.0,0,0,40,0.0,0,0,0,0,0,0,16383,0.0,0
352,2,0.0,0.0,0.0,0.0,0.0,2.0,0,0,64,0.0,0,0,0,0,0,0,8688,0.0,0
351,2,0.0,0.0,0.0,0.0,0.0,3.0,0,0,64,0.0,0,0,0,0,0,0,8688,0.0,0
2352697,217,0.0,37.21095097634188,1448.0,1175.9447004608294,191711.0239443608,1.0,0,0,6952,766.9221556886228,4,0,0,0,972,255180,21720,0.0,0
348,2,0.0,0.0,0.0,0.0,0.0,6.0,0,0,64,0.0,0,0,0,0,0,0,30408,0.0,0
344,2,0.0,0.0,0.0,0.0,0.0,1.0,0,0,64,0.0,0,0,0,0,0,0,8688,0.0,0
487273,39,0.0,720.724809777332,287.0,30.461538461538467,23374.237785255515,1.0,0,0,1256,398.5111111111112,4,0,0,0,0,0,30408,0.0,0
314,2,0.0,0.0,0.0,0.0,0.0,3.0,0,0,64,0.0,0,0,0,0,0,0,14480,0.0,0
4509425,855,0.0,19.85554977461813,1448.0,1228.261988304093,143551.21637970247,0.0,0,0,27368,809.2461538461536,4,0,0,0,1856,1050164,59368,0.0,0
332,2,0.0,0.0,0.0,0.0,0.0,2.0,0,0,64,0.0,0,0,0,0,0,0,14480,0.0,0
309,2,0.0,0.0,0.0,0.0,0.0,2.0,0,0,64,0.0,0,0,0,0,0,0,14480,0.0,0
368,2,0.0,0.0,0.0,0.0,0.0,2.0,0,0,64,0.0,0,0,0,0,0,0,30408,0.0,0
982717,9,0.0,24.384421256203723,45.0,18.888888888888893,124106.75742798572,2.0,0,0,196,19.619047619047617,4,0,0,0,0,0,16383,0.0,0
312,2,0.0,0.0,0.0,0.0,0.0,2.0,0,0,64,0.0,0,0,0,0,0,0,14480,0.0,0
213491,5,0.0,67.21553816959715,185.0,74.0,33344.24758985174,4.0,0,0,116,62.00000000000001,4,0,0,0,0,0,16383,0.0,1
313,2,0.0,0.0,0.0,0.0,0.0,2.0,0,0,64,0.0,0,0,0,0,0,0,7240,0.0,0
328,2,0.0,0.0,0.0,0.0,0.0,2.0,0,0,64,0.0,0,0,0,0,0,0,14480,0.0,0
345,2,0.0,0.0,0.0,0.0,0.0,3.0,0,0,64,0.0,0,0,0,0,0,0,8688,0.0,0
226212,5,0.0,87.83100656536799,531.0,212.4,43702.847103668966,3.0,0,0,116,109.38461538461536,4,0,0,0,0,0,16383,0.0,1
353,2,0.0,0.0,0.0,0.0,0.0,3.0,0,0,64,0.0,0,0,0,0,0,0,30408,0.0,0
358,2,0.0,0.0,0.0,0.0,0.0,3.0,0,0,64,0.0,0,0,0,0,0,0,10136,0.0,0
315,2,0.0,0.0,0.0,0.0,0.0,2.0,0,0,64,0.0,0,0,0,0,0,0,14480,0.0,0
3694,9,0.0,62.487687676142336,777.0,181.11111111111111,355.4184544699076,3.0,0,0,296,101.7,4,0,0,0,0,0,10136,0.0,0
305,2,0.0,0.0,0.0,0.0,0.0,3.0,0,0,64,0.0,0,0,0,0,0,0,65160,0.0,0
317,2,0.0,0.0,0.0,0.0,0.0,1.0,0,0,64,0.0,0,0,0,0,0,0,7240,0.0,0
321,2,0.0,0.0,0.0,0.0,0.0,4.0,0,0,64,0.0,0,0,0,0,0,0,5792,0.0,0
2112875,175,0.0,41.14516099885377,1448.0,1131.0857142857144,182581.6619042455,1.0,0,0,5608,736.5851851851847,4,0,0,0,938,197940,20272,0.0,0
716497,17,0.0,579.2044091847433,117.0,53.294117647058826,46864.930580367145,1.0,0,0,356,211.17948717948724,4,0,0,0,0,0,16383,0.0,1
468,2,0.0,0.0,0.0,0.0,0.0,3.0,0,0,64,0.0,0,0,0,0,0,0,5792,0.0,0
305,2,0.0,0.0,0.0,0.0,0.0,2.0,0,0,64,0.0,0,0,0,0,0,0,7240,0.0,0
3620,9,0.0,62.487687676142336,777.0,181.11111111111111,358.4909343344682,5.0,0,0,296,101.7,4,0,0,0,0,0,10136,0.0,0
324,2,0.0,0.0,0.0,0.0,0.0,2.0,0,0,64,0.0,0,0,0,0,0,0,14480,0.0,0
1274658,125,0.0,90.29554152562336,848.0,53.96800000000001,18966.66191439717,0.0,0,0,4008,51.54216867469876,4,0,0,0,0,0,55024,0.0,0
374,2,0.0,0.0,0.0,0.0,0.0,6.0,0,0,64,0.0,0,0,0,0,0,0,30408,0.0,0
39712,2,0.0,0.0,0.0,0.0,27666.967027486044,5.0,0,0,40,0.0,0,0,0,0,0,0,16383,0.0,0
300,2,0.0,0.0,0.0,0.0,0.0,2.0,0,0,64,0.0,0,0,0,0,0,0,14480,0.0,0
877760,71,0.0,164.67318282846526,1460.0,1228.1126760563384,68949.20081647625,1.0,0,0,1436,1013.0114942528734,4,0,0,0,0,0,16383,0.0,1
341,2,0.0,0.0,0.0,0.0,0.0,3.0,0,0,64,0.0,0,0,0,0,0,0,47784,0.0,0
373,2,0.0,0.0,0.0,0.0,0.0,5.0,0,0,64,0.0,0,0,0,0,0,0,7240,0.0,0
315,2,0.0,0.0,0.0,0.0,0.0,2.0,0,0,64,0.0,0,0,0,0,0,0,14480,0.0,0
976,2,45.0,0.0,61.0,61.0,0.0,8.0,0,0,16,51.4,0,0,0,0,0,0,0,0.0,0
157,3,0.0,0.0,0.0,0.0,0.0,3.0,0,0,96,0.0,0,0,0,0,0,0,10136,0.0,0
9,0,56.0,0.0,0.0,0.0,0.0,0.0,0,0,0,56.0,0,0,0,0,0,0,0,0.0,1
69426,61,0.0,17.594388309912908,1300.0,797.8032786885249,2664.412707191727,1.0,0,0,1960,389.968253968254,4,0,0,0,0,0,14480,0.0,0
135574,59,0.0,18.32713418813508,1300.0,762.7118644067798,2982.752993322265,1.0,0,0,1896,385.3389830508476,4,0,0,0,0,0,14480,0.0,0
4214,9,0.0,0.0,1448.0,910.2222222222222,1342.2604814267609,2.0,0,0,296,512.0,4,0,0,0,0,0,5792,0.0,0
18490,51,0.0,19.449568485848584,1300.0,649.0196078431372,478.8174509774516,0.0,0,0,1640,329.1176470588235,4,0,0,0,0,0,14480,0.0,0
134,2,0.0,0.0,0.0,0.0,0.0,5.0,0,0,64,0.0,0,0,0,0,0,0,5792,0.0,0
128,2,0.0,0.0,0.0,0.0,0.0,4.0,0,0,64,0.0,0,0,0,0,0,0,28960,0.0,0
1115,2,37.0,0.0,53.0,53.0,0.0,9.0,0,0,16,43.4,0,0,0,0,0,0,0,0.0,0
1532303,5,0.0,30.983866769659336,0.0,0.0,198376.3826736943,7.0,0,0,116,9.999999999999998,4,0,0,0,0,0,16383,0.0,1
1043,2,45.0,0.0,61.0,61.0,0.0,7.0,0,0,16,51.4,0,0,0,0,0,0,0,0.0,0
15416,45,0.0,19.989267733569253,1300.0,625.5555555555557,504.4021679823925,0.0,0,0,1448,317.8222222222223,4,0,0,0,0,0,14480,0.0,0
51925,2,0.0,0.0,0.0,0.0,22716.512452399027,2.0,0,0,40,0.0,0,0,0,0,0,0,16383,0.0,1
116,2,0.0,0.0,0.0,0.0,0.0,3.0,0,0,64,0.0,0,0,0,0,0,0,28960,0.0,0
698192,5,0.0,30.983866769659336,0.0,0.0,52857.35083883792,3.0,0,0,116,9.999999999999998,4,0,0,0,0,0,16383,0.0,1
570623,3,0.0,534.9880995561178,0.0,0.0,93747.4340128838,7.0,0,0,76,207.2,4,0,0,0,0,0,16383,0.0,1
2024770,33,0.0,70.38646564116247,1460.0,1145.030303030303,379661.6779850772,2.0,0,0,676,847.4222222222223,4,0,0,0,0,0,16383,0.0,1
25416,47,0.0,19.65548687392932,1300.0,639.1489361702127,975.8616042795568,1.0,0,0,1512,324.404255319149,4,0,0,0,0,0,14480,0.0,0
35799,123,0.0,27.098761173582407,1448.0,72.73170731707314,529.1344340073165,1.0,0,0,3944,42.61475409836063,4,0,0,0,0,0,47784,0.0,0
417,2,0.0,0.0,0.0,0.0,0.0,5.0,0,0,64,0.0,0,0,0,0,0,0,13032,0.0,0
1042,2,45.0,0.0,61.0,61.0,0.0,8.0,0,0,16,51.4,0,0,0,0,0,0,0,0.0,0
3439602,0,50.0,0.0,0.0,0.0,96055.119358567,0.0,0,0,0,50.0,0,0,0,0,0,0,0,0.0,1
498253,3,0.0,23.2379000772445,0.0,0.0,130564.58981745396,5.0,0,0,76,9.0,4,0,0,0,0,0,16383,0.0,1
310,2,0.0,0.0,0.0,0.0,0.0,4.0,0,0,64,0.0,0,0,0,0,0,0,14480,0.0,0
43186,2,0.0,0.0,0.0,0.0,12399.11740810611,9.0,0,0,40,0.0,0,0,0,0,0,0,16383,0.0,1
20792,37,0.0,719.5267333463017,287.0,32.108108108108105,601.9603215673742,3.0,0,0,1192,406.75,4,0,0,0,0,0,30408,0.0,0
977,2,37.0,0.0,53.0,53.0,0.0,3.0,0,0,16,43.4,0,0,0,0,0,0,0,0.0,0
602961,5,0.0,0.0,253.0,101.2,257302.2354008025,6.0,0,0,116,46.0,4,0,0,0,0,0,16383,0.0,1
233276,4,114.0,0.0,52.0,52.0,125848.50227687789,4.0,0,0,32,86.44444444444444,0,0,0,0,0,0,0,0.0,0
1268,2,45.0,0.0,61.0,61.0,0.0,7.0,0,0,16,51.4,0,0,0,0,0,0,0,0.0,0
309,2,0.0,0.0,0.0,0.0,0.0,2.0,0,0,64,0.0,0,0,0,0,0,0,14480,0.0,0
114442023,0,104.0,0.0,0.0,0.0,6856157.705193473,0.0,0,0,0,104.0,0,0,0,0,228,0,0,3.0,0
468,2,0.0,0.0,0.0,0.0,0.0,2.0,0,0,64,0.0,0,0,0,0,0,0,14480,0.0,0
322,2,0.0,0.0,0.0,0.0,0.0,5.0,0,0,64,0.0,0,0,0,0,0,0,5792,0.0,0
410,2,0.0,0.0,0.0,0.0,0.0,1.0,0,0,64,0.0,0,0,0,0,0,0,13032,0.0,0
320,2,0.0,0.0,0.0,0.0,0.0,2.0,0,0,64,0.0,0,0,0,0,0,0,5792,0.0,0
115,2,0.0,0.0,0.0,0.0,0.0,3.0,0,0,64,0.0,0,0,0,0,0,0,10136,0.0,0
159,2,0.0,0.0,0.0,0.0,0.0,7.0,0,0,64,0.0,0,0,0,0,0,0,5792,0.0,0
70471,2,0.0,0.0,0.0,0.0,33715.558433755774,7.0,0,0,40,0.0,0,0,0,0,0,0,16383,0.0,1
420,2,0.0,0.0,0.0,0.0,0.0,3.0,0,0,64,0.0,0,0,0,0,0,0,14480,0.0,0
308,2,0.0,0.0,0.0,0.0,0.0,2.0,0,0,64,0.0,0,0,0,0,0,0,14480,0.0,0
1893,4,88.0,16.165807537309526,72.0,48.0,760.081793844145,6.0,0,0,32,76.44444444444444,0,0,0,0,0,0,0,0.0,0
267914,5,0.0,718.7496213437738,0.0,0.0,61384.32174568501,3.0,0,0,168,481.88235294117646,4,0,0,0,0,0,10136,0.0,0
332,2,0.0,0.0,0.0,0.0,0.0,2.0,0,0,64,0.0,0,0,0,0,0,0,14480,0.0,0
3,0,56.0,0.0,0.0,0.0,0.0,0.0,0,0,0,56.0,0,0,0,0,0,0,0,0.0,1
541213,5,0.0,718.7496213437738,0.0,0.0,120275.11114089878,2.0,0,0,168,481.88235294117646,4,0,0,0,0,0,10136,0.0,0
320,2,0.0,0.0,0.0,0.0,0.0,5.0,0,0,64,0.0,0,0,0,0,0,0,14480,0.0,0
353,2,0.0,0.0,0.0,0.0,0.0,5.0,0,0,64,0.0,0,0,0,0,0,0,47784,0.0,0
115747,2,0.0,0.0,0.0,0.0,46253.26877097445,4.0,0,0,40,0.0,0,0,0,0,0,0,16383,0.0,1
354,2,0.0,0.0,0.0,0.0,0.0,4.0,0,0,64,0.0,0,0,0,0,0,0,10136,0.0,0
1049,2,45.0,0.0,61.0,61.0,0.0,8.0,0,0,16,51.4,0,0,0,0,0,0,0,0.0,0
352,2,0.0,0.0,0.0,0.0,0.0,2.0,0,0,64,0.0,0,0,0,0,0,0,8688,0.0,0
376,2,0.0,0.0,0.0,0.0,0.0,3.0,0,0,64,0.0,0,0,0,0,0,0,14480,0.0,0
64790,77,0.0,16.80879051557521,1300.0,885.4285714285718,1473.8382445747466,1.0,0,0,2472,445.87012987012986,4,0,0,0,0,0,14480,0.0,0
378081,27,0.0,216.6222376538333,192.0,55.99999999999999,14297.857806562026,1.0,0,0,872,83.40740740740742,4,0,0,0,0,0,14480,0.0,0
299,2,0.0,0.0,0.0,0.0,0.0,2.0,0,0,64,0.0,0,0,0,0,0,0,14480,0.0,0
334,2,0.0,0.0,0.0,0.0,0.0,5.0,0,0,64,0.0,0,0,0,0,0,0,14480,0.0,0
1192479,7,0.0,68.45821921272695,183.0,52.285714285714285,217003.46757890267,3.0,0,0,156,52.0,4,0,0,0,0,0,16383,0.0,1
543186,7,0.0,665.6609276412694,179.0,51.14285714285714,49420.71409576448,5.0,0,0,156,662.0,4,0,0,0,0,0,16383,0.0,1
135480,65,0.0,18.08596645301772,1300.0,837.5076923076925,2997.097436868369,1.0,0,0,2088,422.4923076923077,4,0,0,0,0,0,14480,0.0,0
309,2,0.0,0.0,0.0,0.0,0.0,2.0,0,0,64,0.0,0,0,0,0,0,0,14480,0.0,0
515,2,0.0,0.0,0.0,0.0,0.0,2.0,0,0,64,0.0,0,0,0,0,0,0,14480,0.0,0
55716,2,0.0,0.0,0.0,0.0,30308.0108552178,2.0,0,0,40,0.0,0,0,0,0,0,0,16383,0.0,1
14405,43,0.0,20.774325260080392,1328.0,616.4186046511628,493.3693083180629,1.0,0,0,1384,313.6744186046512,4,0,0,0,0,0,14480,0.0,0
536205,39,0.0,720.9311439282633,287.0,30.461538461538467,23430.878664557105,1.0,0,0,1256,398.6444444444444,4,0,0,0,0,0,30408,0.0,0
15419,37,0.0,21.474606635715823,1300.0,489.3513513513514,679.7705643583482,1.0,0,0,1192,250.8108108108108,4,0,0,0,0,0,14480,0.0,0
338,2,0.0,0.0,0.0,0.0,0.0,2.0,0,0,64,0.0,0,0,0,0,0,0,30408,0.0,0
6746,15,0.0,372.2880605122866,192.0,100.8,575.2588071799468,3.0,0,0,488,163.25,4,0,0,0,0,0,14480,0.0,0
125,2,0.0,0.0,0.0,0.0,0.0,3.0,0,0,64,0.0,0,0,0,0,0,0,14480,0.0,0
31736,2,0.0,0.0,0.0,0.0,5392.396313328612,6.0,0,0,40,0.0,0,0,0,0,0,0,16383,0.0,1
1046411,15,0.0,122.41532220727564,1448.0,614.9333333333334,331621.0191785195,3.0,0,0,488,391.2307692307692,4,0,0,0,0,0,8688,0.0,0
375,2,0.0,0.0,0.0,0.0,0.0,5.0,0,0,64,0.0,0,0,0,0,0,0,14480,0.0,0
222337,5,0.0,718.7496213437738,0.0,0.0,54539.32114681623,3.0,0,0,168,481.88235294117646,4,0,0,0,0,0,10136,0.0,0
316,2,0.0,0.0,0.0,0.0,0.0,2.0,0,0,64,0.0,0,0,0,0,0,0,14480,0.0,0
31988,123,0.0,27.07977115121619,1448.0,73.39837398373984,448.79314341003,0.0,0,0,3944,43.00819672131143,4,0,0,0,0,0,47784,0.0,0
946,2,45.0,0.0,61.0,61.0,0.0,2.0,0,0,16,51.4,0,0,0,0,0,0,0,0.0,0
11,0,56.0,0.0,0.0,0.0,0.0,0.0,0,0,0,56.0,0,0,0,0,0,0,0,0.0,1
1073,2,37.0,0.0,53.0,53.0,0.0,8.0,0,0,16,43.4,0,0,0,0,0,0,0,0.0,0
129,2,0.0,0.0,0.0,0.0,0.0,4.0,0,0,64,0.0,0,0,0,0,0,0,5792,0.0,0
5574,4,114.0,0.0,52.0,50.0,2591.4367314934266,7.0,0,0,32,85.55555555555556,0,0,0,0,0,0,0,0.0,0
763314,123,0.0,27.076998828271545,1448.0,66.61788617886177,11685.86842695829,1.0,0,0,3944,39.60655737704918,4,0,0,0,0,0,47784,0.0,0
358,2,0.0,0.0,0.0,0.0,0.0,2.0,0,0,64,0.0,0,0,0,0,0,0,13032,0.0,0
442,2,0.0,0.0,0.0,0.0,0.0,6.0,0,0,64,0.0,0,0,0,0,0,0,14480,0.0,0
304,2,0.0,0.0,0.0,0.0,0.0,2.0,0,0,64,0.0,0,0,0,0,0,0,14480,0.0,0
125,2,0.0,0.0,0.0,0.0,0.0,3.0,0,0,64,0.0,0,0,0,0,0,0,28960,0.0,0
1346,2,0.0,0.0,0.0,0.0,0.0,2.0,0,0,64,0.0,0,0,0,0,0,0,14480,0.0,0
335,2,0.0,0.0,0.0,0.0,0.0,4.0,0,0,64,0.0,0,0,0,0,0,0,14480,0.0,0
8301,33,0.0,22.3064253725967,1300.0,354.7272727272727,439.5526660555697,1.0,0,0,1064,184.24242424242425,4,0,0,0,0,0,14480,0.0,0
331,2,0.0,0.0,0.0,0.0,0.0,3.0,0,0,64,0.0,0,0,0,0,0,0,7240,0.0,0
16476,43,0.0,20.774325260080392,1300.0,596.4651162790699,625.4886450783508,0.0,0,0,1384,303.6976744186046,4,0,0,0,0,0,14480,0.0,0
275266,15,0.0,99.13316607162618,277.0,46.66666666666666,63357.50912541404,2.0,0,0,488,46.66666666666666,4,0,0,0,0,0,10136,0.0,0
352,2,0.0,0.0,0.0,0.0,0.0,3.0,0,0,64,0.0,0,0,0,0,0,0,8688,0.0,0
331,2,0.0,0.0,0.0,0.0,0.0,2.0,0,0,64,0.0,0,0,0,0,0,0,14480,0.0,0
411,2,0.0,0.0,0.0,0.0,0.0,5.0,0,0,64,0.0,0,0,0,0,0,0,8688,0.0,0
1047,2,45.0,0.0,61.0,61.0,0.0,7.0,0,0,16,51.4,0,0,0,0,0,0,0,0.0,0
1131,2,38.0,0.0,54.0,54.0,0.0,9.0,0,0,16,44.4,0,0,0,0,0,0,0,0.0,0
349,2,0.0,0.0,0.0,0.0,0.0,2.0,0,0,64,0.0,0,0,0,0,0,0,47784,0.0,0
1,0,31.0,0.0,0.0,0.0,0.0,0.0,0,0,0,31.0,0,0,0,0,0,0,0,0.0,1
1196,2,38.0,0.0,54.0,54.0,0.0,9.0,0,0,16,44.4,0,0,0,0,0,0,0,0.0,0
1691565,9,0.0,0.0,1448.0,910.2222222222222,399.526386279221,3.0,0,0,296,585.1428571428571,4,0,0,0,0,8192,5792,0.0,0
24082,51,0.0,6.658307684726639,54.0,18.15686274509805,1007.1655565662148,1.0,0,0,1640,11.254901960784316,4,0,0,0,0,0,20272,0.0,0
117,2,0.0,0.0,0.0,0.0,0.0,3.0,0,0,64,0.0,0,0,0,0,0,0,5792,0.0,0
6,0,976.0,0.0,0.0,0.0,0.0,0.0,0,0,0,976.0,0,0,0,0,0,0,0,0.0,1
982,2,38.0,0.0,54.0,54.0,0.0,3.0,0,0,16,44.4,0,0,0,0,0,0,0,0.0,0
318,2,0.0,0.0,0.0,0.0,0.0,5.0,0,0,64,0.0,0,0,0,0,0,0,10136,0.0,0
337,2,0.0,0.0,0.0,0.0,0.0,2.0,0,0,64,0.0,0,0,0,0,0,0,13032,0.0,0
671308,5,0.0,30.983866769659336,0.0,0.0,45270.8455609126,7.0,0,0,116,9.999999999999998,4,0,0,0,0,0,16383,0.0,1
87109,2,0.0,0.0,0.0,0.0,47125.83853895865,5.0,0,0,40,0.0,0,0,0,0,0,0,16383,0.0,1
383,2,0.0,0.0,0.0,0.0,0.0,2.0,0,0,64,0.0,0,0,0,0,0,0,31856,0.0,0
981,2,45.0,0.0,61.0,61.0,0.0,1.0,0,0,16,51.4,0,0,0,0,0,0,0,0.0,0
1484230,15,0.0,116.7156607081734,1448.0,614.9333333333334,309394.4681294268,1.0,0,0,488,363.28571428571433,4,0,0,0,0,0,8688,0.0,0
88339,4,114.0,0.0,52.0,50.0,42142.81687705906,8.0,0,0,32,85.55555555555556,0,0,0,0,0,0,0,0.0,0
68522,9,0.0,0.0,1448.0,910.2222222222222,30209.180885949223,2.0,0,0,296,512.0,4,0,0,0,0,0,5792,0.0,0
1010,2,37.0,0.0,53.0,53.0,0.0,5.0,0,0,16,43.4,0,0,0,0,0,0,0,0.0,0
100790,63,0.0,17.594388309912908,1300.0,754.5079365079365,2805.399610465212,0.0,0,0,2024,375.03125,4,0,0,0,0,0,14480,0.0,0
393796,21,0.0,77.64811290192078,1045.0,145.52380952380955,32860.705656785656,2.0,0,0,680,86.90909090909092,4,0,0,0,0,0,13032,0.0,0
126175,83,0.0,16.26082202818231,1300.0,894.8433734939762,2496.7827353972507,1.0,0,0,2664,450.3493975903616,4,0,0,0,0,0,14480,0.0,0
753798,27,0.0,284.15276498065936,192.0,55.99999999999999,38839.40710318152,1.0,0,0,872,93.03703703703704,4,0,0,0,0,0,14480,0.0,0
1057,2,45.0,0.0,61.0,61.0,0.0,5.0,0,0,16,51.4,0,0,0,0,0,0,0,0.0,0
1617,4,88.0,18.475208614068023,72.0,48.0,695.707074373499,4.0,0,0,32,77.33333333333333,0,0,0,0,0,0,0,0.0,0
885601,15,0.0,57.982566534933774,776.0,108.53333333333332,154836.55940154346,1.0,0,0,488,68.66666666666667,4,0,0,0,0,0,10136,0.0,0
105395,39,0.0,718.0064623664608,287.0,30.461538461538467,9469.805405068466,2.0,0,0,1256,396.6222222222223,4,0,0,0,0,0,30408,0.0,0
1056,2,45.0,0.0,61.0,61.0,0.0,2.0,0,0,16,51.4,0,0,0,0,0,0,0,0.0,0
426,2,0.0,0.0,0.0,0.0,0.0,1.0,0,0,64,0.0,0,0,0,0,0,0,5792,0.0,0
357,2,0.0,0.0,0.0,0.0,0.0,5.0,0,0,64,0.0,0,0,0,0,0,0,47784,0.0,0
147236,45,0.0,19.989267733569253,1300.0,642.1777777777779,5085.67821460885,1.0,0,0,1448,326.1333333333333,4,0,0,0,0,0,14480,0.0,0
1903,4,88.0,23.09401076758504,72.0,48.0,753.4427649131684,5.0,0,0,32,79.11111111111111,0,0,0,0,0,0,0,0.0,0
5235,4,114.0,0.0,52.0,50.0,2079.3299401489894,6.0,0,0,32,85.55555555555556,0,0,0,0,0,0,0,0.0,0
2702896,211,0.0,42.41003549999824,1460.0,1303.1374407582946,82618.46818034013,1.0,0,0,4236,1105.7510040160637,4,0,0,0,0,0,16383,0.0,1
47487,39,0.0,718.2459427561803,287.0,30.461538461538467,1673.4800566484205,2.0,0,0,1256,396.8,4,0,0,0,0,0,30408,0.0,0
388,2,0.0,0.0,0.0,0.0,0.0,2.0,0,0,64,0.0,0,0,0,0,0,0,8688,0.0,0
594122,5,0.0,106.37310795139012,929.0,371.6,113670.36627136671,5.0,0,0,116,176.46153846153848,4,0,0,0,0,0,16383,0.0,1
346,2,0.0,0.0,0.0,0.0,0.0,2.0,0,0,64,0.0,0,0,0,0,0,0,8688,0.0,0
4159,9,0.0,65.29726895769328,776.0,180.88888888888889,454.8429521396491,3.0,0,0,296,103.0,4,0,0,0,0,0,10136,0.0,0
117809,2,0.0,0.0,0.0,0.0,26474.784994405527,4.0,0,0,40,0.0,0,0,0,0,0,0,16383,0.0,1
895727,5,0.0,30.983866769659336,0.0,0.0,71562.92120574732,4.0,0,0,116,9.999999999999998,4,0,0,0,0,0,16383,0.0,1
358,2,0.0,0.0,0.0,0.0,0.0,2.0,0,0,64,0.0,0,0,0,0,0,0,14480,0.0,0
1043,2,37.0,0.0,53.0,53.0,0.0,8.0,0,0,16,43.4,0,0,0,0,0,0,0,0.0,0
307,2,0.0,0.0,0.0,0.0,0.0,2.0,0,0,64,0.0,0,0,0,0,0,0,14480,0.0,0
339,2,0.0,0.0,0.0,0.0,0.0,2.0,0,0,64,0.0,0,0,0,0,0,0,8688,0.0,0
470341,4,114.0,0.0,52.0,50.0,252868.1595753012,1.0,0,0,32,85.55555555555556,0,0,0,0,0,0,0,0.0,0
1130733,105,0.0,81.22075028390124,1460.0,1308.571428571429,69696.80138846795,1.0,0,0,2116,1071.5193798449618,4,0,0,0,0,0,16383,0.0,1
412,2,0.0,0.0,0.0,0.0,0.0,5.0,0,0,64,0.0,0,0,0,0,0,0,13032,0.0,0
360,2,0.0,0.0,0.0,0.0,0.0,2.0,0,0,64,0.0,0,0,0,0,0,0,8688,0.0,0
308,2,0.0,0.0,0.0,0.0,0.0,2.0,0,0,64,0.0,0,0,0,0,0,0,14480,0.0,0
130483,69,0.0,17.367976855311046,1300.0,831.0724637681157,2612.122837607374,2.0,0,0,2216,425.1029411764706,4,0,0,0,0,0,14480,0.0,0
159,2,0.0,0.0,0.0,0.0,0.0,3.0,0,0,64,0.0,0,0,0,0,0,0,50680,0.0,0
6197,15,0.0,314.8311716883617,192.0,100.8,458.7155774032325,1.0,0,0,488,152.5,4,0,0,0,0,0,14480,0.0,0
398,2,0.0,0.0,0.0,0.0,0.0,5.0,0,0,64,0.0,0,0,0,0,0,0,10136,0.0,0
203471,77,0.0,16.80879051557521,1315.0,918.5454545454546,4584.086043011162,1.0,0,0,2472,462.4285714285714,4,0,0,0,0,0,14480,0.0,0
35011949,855,0.0,19.6447744974899,1448.0,1228.261988304093,977247.5167032226,1.0,0,0,27368,803.0687022900759,4,0,0,0,928,525082,59368,253999.0,0
330,2,0.0,0.0,0.0,0.0,0.0,4.0,0,0,64,0.0,0,0,0,0,0,0,20272,0.0,0
8199,2,0.0,0.0,0.0,0.0,3163.595739028613,3.0,0,0,40,0.0,0,0,0,0,0,0,16383,0.0,0
29502,41,0.0,20.70123246671622,1300.0,565.219512195122,1023.8910185238296,0.0,0,0,1320,288.1463414634147,4,0,0,0,0,0,14480,0.0,0
5904,19,0.0,82.62050362378348,381.0,45.78947368421053,484.5491013085747,1.0,0,0,616,43.21951219512196,4,0,0,0,0,0,13032,0.0,0
975706,5,0.0,23.2379000772445,0.0,0.0,165346.96659388705,2.0,0,0,116,7.5,4,0,0,0,0,0,16383,0.0,1
315,2,0.0,0.0,0.0,0.0,0.0,4.0,0,0,64,0.0,0,0,0,0,0,0,14480,0.0,0
1949,4,88.0,23.09401076758504,72.0,48.0,910.771284864281,2.0,0,0,32,79.11111111111111,0,0,0,0,0,0,0,0.0,0
4693611,681,0.0,44.59633133760872,1448.0,73.54185022026431,20403.865227199432,0.0,0,0,21800,50.999999999999936,4,0,0,0,0,0,65160,0.0,0
98501,59,0.0,18.32713418813508,1300.0,773.5932203389831,2220.9130189731904,1.0,0,0,1896,390.7796610169492,4,0,0,0,0,0,14480,0.0,0
320,2,0.0,0.0,0.0,0.0,0.0,2.0,0,0,64,0.0,0,0,0,0,0,0,5792,0.0,0
15446,43,0.0,20.774325260080392,1300.0,502.4186046511629,462.414371770074,1.0,0,0,1384,256.6744186046512,4,0,0,0,0,0,14480,0.0,0
45927,5,0.0,0.0,762.0,304.8,369.2185441352226,3.0,0,0,168,152.39999999999998,4,0,0,0,0,0,5792,0.0,0
371,2,0.0,0.0,0.0,0.0,0.0,5.0,0,0,64,0.0,0,0,0,0,0,0,8688,0.0,0
114,2,0.0,0.0,0.0,0.0,0.0,0.0,0,0,64,0.0,0,0,0,0,0,0,14480,0.0,0
87066,4,114.0,0.0,48.0,48.0,41530.24824149261,2.0,0,0,32,84.66666666666667,0,0,0,0,0,0,0,0.0,0
3053201,161,0.0,12.719468304515711,1460.0,1172.3975155279509,219969.1425726911,1.0,0,0,3236,959.4923857868024,4,0,0,0,264,188756,16383,0.0,1
5623,15,0.0,344.17321220571483,192.0,100.8,435.9254304951489,2.0,0,0,488,157.99999999999997,4,0,0,0,0,0,14480,0.0,0
1254092,743,0.0,17.591655355133312,1448.0,1411.9650067294754,4604.580510295434,1.0,0,0,23784,948.97287522604,4,0,0,0,0,0,7240,0.0,0
348,2,0.0,0.0,0.0,0.0,0.0,2.0,0,0,64,0.0,0,0,0,0,0,0,8688,0.0,0
1025838,15,0.0,122.41532220727564,1448.0,614.9333333333334,332271.4677124381,2.0,0,0,488,391.2307692307692,4,0,0,0,0,0,8688,0.0,0
313,2,0.0,0.0,0.0,0.0,0.0,2.0,0,0,64,0.0,0,0,0,0,0,0,14480,0.0,0
374,2,0.0,0.0,0.0,0.0,0.0,3.0,0,0,64,0.0,0,0,0,0,0,0,5792,0.0,0
108398,89,0.0,15.76186090355944,1300.0,902.4269662921351,1928.9040943185475,1.0,0,0,2856,453.9438202247191,4,0,0,0,0,0,14480,0.0,0
31577,123,0.0,27.08374294023374,1448.0,64.61788617886181,445.13394632025415,1.0,0,0,3944,38.56557377049184,4,0,0,0,0,0,47784,0.0,0
148494,83,0.0,16.089412389826855,1300.0,877.0602409638554,2528.0813064993627,1.0,0,0,2664,436.2023809523809,4,0,0,0,0,0,14480,0.0,0
1332077,17,0.0,285.5326421022338,113.0,48.8235294117647,92094.5667246219,2.0,0,0,356,79.31428571428572,4,0,0,0,0,0,16383,0.0,1
74496,51,0.0,19.449568485848584,1300.0,634.9411764705881,2089.367707385817,1.0,0,0,1640,322.078431372549,4,0,0,0,0,0,14480,0.0,0
138777,2,0.0,0.0,0.0,0.0,61704.96615346288,7.0,0,0,40,0.0,0,0,0,0,0,0,16383,0.0,1
3856974,19,0.0,14.69564237323108,105.0,39.99999999999999,307263.21381383727,2.0,0,0,396,24.585365853658534,4,0,0,0,248,760,16383,0.0,1
308,2,0.0,0.0,0.0,0.0,0.0,2.0,0,0,64,0.0,0,0,0,0,0,0,14480,0.0,0
402202,27,0.0,286.25453976917385,192.0,55.99999999999999,13963.167808559776,1.0,0,0,872,93.33333333333336,4,0,0,0,0,0,14480,0.0,0
317,2,0.0,0.0,0.0,0.0,0.0,3.0,0,0,64,0.0,0,0,0,0,0,0,14480,0.0,0
295,2,0.0,0.0,0.0,0.0,0.0,3.0,0,0,64,0.0,0,0,0,0,0,0,20272,0.0,0
336,2,0.0,0.0,0.0,0.0,0.0,4.0,0,0,64,0.0,0,0,0,0,0,0,47784,0.0,0
425296,3,0.0,534.9880995561178,0.0,0.0,87187.90277727753,8.0,0,0,76,207.2,4,0,0,0,0,0,16383,0.0,1
984,2,45.0,0.0,61.0,61.0,0.0,7.0,0,0,16,51.4,0,0,0,0,0,0,0,0.0,0
324,2,0.0,0.0,0.0,0.0,0.0,1.0,0,0,64,0.0,0,0,0,0,0,0,14480,0.0,0
24472,47,0.0,19.65548687392932,1300.0,637.8297872340426,737.2066840103221,1.0,0,0,1512,323.74468085106383,4,0,0,0,0,0,14480,0.0,0
315,2,0.0,0.0,0.0,0.0,0.0,4.0,0,0,64,0.0,0,0,0,0,0,0,20272,0.0,0
342,2,0.0,0.0,0.0,0.0,0.0,2.0,0,0,64,0.0,0,0,0,0,0,0,8688,0.0,0
341,2,0.0,0.0,0.0,0.0,0.0,2.0,0,0,64,0.0,0,0,0,0,0,0,8688,0.0,0
1074,2,45.0,0.0,61.0,61.0,0.0,2.0,0,0,16,51.4,0,0,0,0,0,0,0,0.0,0
6850,23,0.0,78.15280847072273,433.0,46.26086956521739,654.0507989591081,1.0,0,0,744,40.65217391304348,4,0,0,0,0,0,13032,0.0,0
74113,2,0.0,0.0,0.0,0.0,31508.67816967256,7.0,0,0,40,0.0,0,0,0,0,0,0,16383,0.0,1
80582,65,0.0,18.08596645301772,1300.0,818.030769230769,2013.212049886573,1.0,0,0,2088,412.7538461538463,4,0,0,0,0,0,14480,0.0,0
59036,2,0.0,0.0,0.0,0.0,24649.742392163047,1.0,0,0,40,0.0,0,0,0,0,0,0,16383,0.0,1
351,2,0.0,0.0,0.0,0.0,0.0,3.0,0,0,64,0.0,0,0,0,0,0,0,14480,0.0,0
325,2,0.0,0.0,0.0,0.0,0.0,2.0,0,0,64,0.0,0,0,0,0,0,0,14480,0.0,0
409,2,0.0,0.0,0.0,0.0,0.0,6.0,0,0,64,0.0,0,0,0,0,0,0,47784,0.0,0
3556420,435,0.0,26.88165599245897,1448.0,1207.8896551724142,28697.780566487592,0.0,0,0,13928,790.855855855856,4,0,0,0,0,0,34752,0.0,0
990,2,45.0,0.0,61.0,61.0,0.0,8.0,0,0,16,51.4,0,0,0,0,0,0,0,0.0,0
309657,25,0.0,245.5670751664341,192.0,60.48,13445.74611617196,2.0,0,0,808,93.44000000000004,4,0,0,0,0,0,14480,0.0,0
122609,23,0.0,78.15280847072273,433.0,46.26086956521739,12914.575428192604,1.0,0,0,744,40.65217391304348,4,0,0,0,0,0,13032,0.0,0
438178,4,88.0,13.856406460551018,72.0,48.0,108545.60338555096,2.0,0,0,32,75.55555555555556,0,0,0,0,0,0,0,0.0,0
1031640,15,0.0,116.7156607081734,1448.0,614.9333333333334,303607.51410763565,5.0,0,0,488,363.28571428571433,4,0,0,0,948,9224,8688,0.0,0
2283684,5,0.0,147.17591514918465,172.0,68.8,430742.71123820456,1.0,0,0,116,87.33333333333333,4,0,0,0,966,344,16383,0.0,1
536014,3,0.0,21.957751641342,0.0,0.0,106857.236825121,3.0,0,0,76,8.181818181818182,4,0,0,0,0,0,16383,0.0,1
8348170,51,0.0,6.658307684726639,54.0,18.15686274509805,580556.3970892851,2.0,0,0,1640,11.254901960784316,4,0,0,0,111,463,20272,0.0,0
22860,39,0.0,725.4947857025801,287.0,30.461538461538467,705.347602708238,2.0,0,0,1256,401.33333333333337,4,0,0,0,0,0,30408,0.0,0
320,2,0.0,0.0,0.0,0.0,0.0,2.0,0,0,64,0.0,0,0,0,0,0,0,20272,0.0,0
792,2,0.0,0.0,0.0,0.0,0.0,3.0,0,0,64,0.0,0,0,0,0,0,0,47784,0.0,0
334,2,0.0,0.0,0.0,0.0,0.0,4.0,0,0,64,0.0,0,0,0,0,0,0,5792,0.0,0
33540,43,0.0,20.337683508684545,1327.0,615.6744186046514,1440.2844125464912,1.0,0,0,1384,313.1162790697674,4,0,0,0,0,0,14480,0.0,0
2260784,233,0.0,155.15891904344448,1232.0,73.69957081545066,27220.37982646057,0.0,0,0,7464,64.3747276688453,4,0,0,0,0,0,65160,0.0,0
1430,2,0.0,0.0,0.0,0.0,0.0,3.0,0,0,64,0.0,0,0,0,0,0,0,13032,0.0,0
2321190,435,0.0,26.65968600169204,1448.0,1207.8896551724142,110184.32467770172,0.0,0,0,13928,786.1343283582092,4,0,0,0,1278,525432,34752,0.0,0
1005180,15,0.0,122.41532220727564,1448.0,614.9333333333334,333013.66701570974,1.0,0,0,488,391.2307692307692,4,0,0,0,0,0,8688,0.0,0
2328656,49,0.0,535.9128731660326,110.0,17.14285714285714,32530.97678557533,1.0,0,0,996,997.3651877133102,4,0,0,0,0,0,16383,0.0,1
317,2,0.0,0.0,0.0,0.0,0.0,2.0,0,0,64,0.0,0,0,0,0,0,0,59368,0.0,0
2075845,9,0.0,93.19845696658491,1460.0,414.4444444444444,633592.8798696368,2.0,0,0,196,241.8823529411765,4,0,0,0,382,3730,16383,0.0,1
113,2,0.0,0.0,0.0,0.0,0.0,3.0,0,0,64,0.0,0,0,0,0,0,0,14480,0.0,0
17197,43,0.0,20.337683508684545,1300.0,576.1395348837209,722.5074740097849,1.0,0,0,1384,293.3488372093023,4,0,0,0,0,0,14480,0.0,0
193083,2,0.0,0.0,0.0,0.0,102628.06400785311,3.0,0,0,40,0.0,0,0,0,0,0,0,16383,0.0,1
114668,39,0.0,21.523615004105377,1306.0,545.5897435897435,4564.898532729299,1.0,0,0,1256,278.8205128205129,4,0,0,0,0,0,14480,0.0,0
3388,7,0.0,160.0833116432399,148.0,42.285714285714285,268.8367534397036,2.0,0,0,232,65.42857142857143,4,0,0,0,0,0,7240,0.0,0
118267,67,0.0,17.367976855311046,1300.0,826.0597014925374,2384.941477773374,2.0,0,0,2152,416.5373134328358,4,0,0,0,0,0,14480,0.0,0
317,2,0.0,0.0,0.0,0.0,0.0,2.0,0,0,64,0.0,0,0,0,0,0,0,7240,0.0,0
316,2,0.0,0.0,0.0,0.0,0.0,2.0,0,0,64,0.0,0,0,0,0,0,0,10136,0.0,0
176130,4,88.0,20.784609690826528,72.0,48.0,36369.31446059072,3.0,0,0,32,78.22222222222223,0,0,0,0,0,0,0,0.0,0
401535,5,0.0,0.0,21.0,8.4,158672.10303536872,2.0,0,0,116,3.8181818181818175,4,0,0,0,0,0,16383,0.0,1
365,2,0.0,0.0,0.0,0.0,0.0,2.0,0,0,64,0.0,0,0,0,0,0,0,47784,0.0,0
391,2,0.0,0.0,0.0,0.0,0.0,5.0,0,0,64,0.0,0,0,0,0,0,0,14480,0.0,0
321,2,0.0,0.0,0.0,0.0,0.0,2.0,0,0,64,0.0,0,0,0,0,0,0,14480,0.0,0
326,2,0.0,0.0,0.0,0.0,0.0,2.0,0,0,64,0.0,0,0,0,0,0,0,14480,0.0,0
24479,45,0.0,19.989267733569253,1300.0,621.4666666666667,829.1798126361241,1.0,0,0,1448,315.7777777777778,4,0,0,0,0,0,14480,0.0,0
1160059,15,0.0,116.7156607081734,1448.0,614.9333333333334,298742.3104966735,4.0,0,0,488,363.28571428571433,4,0,0,0,0,0,8688,0.0,0
312,2,0.0,0.0,0.0,0.0,0.0,2.0,0,0,64,0.0,0,0,0,0,0,0,14480,0.0,0
23156,59,0.0,18.32713418813508,1300.0,749.6271186440678,544.2800779544897,1.0,0,0,1896,378.7966101694915,4,0,0,0,0,0,14480,0.0,0
312,2,0.0,0.0,0.0,0.0,0.0,3.0,0,0,64,0.0,0,0,0,0,0,0,34752,0.0,0
528,2,0.0,0.0,0.0,0.0,0.0,4.0,0,0,64,0.0,0,0,0,0,0,0,5792,0.0,0
305,2,0.0,0.0,0.0,0.0,0.0,2.0,0,0,64,0.0,0,0,0,0,0,0,14480,0.0,0
324,2,0.0,0.0,0.0,0.0,0.0,5.0,0,0,64,0.0,0,0,0,0,0,0,14480,0.0,0
319,2,0.0,0.0,0.0,0.0,0.0,3.0,0,0,64,0.0,0,0,0,0,0,0,14480,0.0,0
118378,83,0.0,16.089412389826855,1300.0,856.8674698795178,2259.6033320127017,0.0,0,0,2664,426.2261904761904,4,0,0,0,0,0,14480,0.0,0
798686,5,0.0,30.983866769659336,0.0,0.0,71626.48323979057,2.0,0,0,116,9.999999999999998,4,0,0,0,0,0,16383,0.0,1
6576,21,0.0,78.15280847072275,433.0,50.095238095238095,405.4393266803896,2.0,0,0,680,42.22727272727272,4,0,0,0,0,0,13032,0.0,0
575341,5,0.0,665.4811363646177,0.0,0.0,39940.45855126996,4.0,0,0,116,218.8571428571429,4,0,0,0,0,0,16383,0.0,1
10,0,697.0,0.0,0.0,0.0,0.0,0.0,0,0,0,697.0,0,0,0,0,0,0,0,0.0,1
324,2,0.0,0.0,0.0,0.0,0.0,2.0,0,0,64,0.0,0,0,0,0,0,0,14480,0.0,0
13411,43,0.0,20.337683508684545,1300.0,562.4186046511628,475.01031824479816,1.0,0,0,1384,286.48837209302314,4,0,0,0,0,0,14480,0.0,0
330,2,0.0,0.0,0.0,0.0,0.0,4.0,0,0,64,0.0,0,0,0,0,0,0,14480,0.0,0
2689517,23,0.0,573.3410532656166,45.0,5.565217391304349,85270.44696384667,1.0,0,0,476,952.3333333333331,4,0,0,0,0,0,16383,0.0,1
19852,37,0.0,721.1742646545285,287.0,32.108108108108105,567.0033998506331,2.0,0,0,1192,407.8636363636363,4,0,0,0,0,0,30408,0.0,0
304,2,0.0,0.0,0.0,0.0,0.0,2.0,0,0,64,0.0,0,0,0,0,0,0,14480,0.0,0
99008,2,0.0,0.0,0.0,0.0,21353.21057827136,7.0,0,0,40,0.0,0,0,0,0,0,0,16383,0.0,1
18391,53,0.0,19.681667209175394,1300.0,619.2830188679247,506.1959800275763,1.0,0,0,1704,314.22641509433964,4,0,0,0,0,0,14480,0.0,0
1720,4,88.0,18.475208614068023,72.0,48.0,773.6493607140985,2.0,0,0,32,77.33333333333333,0,0,0,0,0,0,0,0.0,0
908068,5,0.0,89.51458602435198,439.0,175.6,175590.72970079354,9.0,0,0,116,85.60000000000001,4,0,0,0,0,0,16383,0.0,1
120,2,0.0,0.0,0.0,0.0,0.0,4.0,0,0,64,0.0,0,0,0,0,0,0,14480,0.0,0
1154182,71,0.0,60.11111035603397,1460.0,1187.183098591549,104472.53343439128,0.0,0,0,1436,951.1460674157296,4,0,0,0,0,0,16383,0.0,1
16450,37,0.0,20.70123246671622,1300.0,571.9459459459459,621.1807354328324,1.0,0,0,1192,277.12820512820514,4,0,0,0,0,0,14480,0.0,0
326,2,0.0,0.0,0.0,0.0,0.0,3.0,0,0,64,0.0,0,0,0,0,0,0,14480,0.0,0
325,2,0.0,0.0,0.0,0.0,0.0,2.0,0,0,64,0.0,0,0,0,0,0,0,14480,0.0,0
24655720,855,0.0,19.812853431100724,1448.0,1228.261988304093,671952.666044643,1.0,0,0,27368,808.003072196621,4,0,0,0,928,525082,59368,412005.0,0
348,2,0.0,0.0,0.0,0.0,0.0,1.0,0,0,64,0.0,0,0,0,0,0,0,14480,0.0,0
366,2,0.0,0.0,0.0,0.0,0.0,2.0,0,0,64,0.0,0,0,0,0,0,0,10136,0.0,0
347,2,0.0,0.0,0.0,0.0,0.0,2.0,0,0,64,0.0,0,0,0,0,0,0,10136,0.0,0
31533,39,0.0,21.08021663617728,1300.0,503.6410256410257,1498.4706933800603,1.0,0,0,1256,257.6410256410257,4,0,0,0,0,0,14480,0.0,0
307,2,0.0,0.0,0.0,0.0,0.0,1.0,0,0,64,0.0,0,0,0,0,0,0,10136,0.0,0
140,3,0.0,0.0,0.0,0.0,0.0,4.0,0,0,96,0.0,0,0,0,0,0,0,10136,0.0,0
4047,15,0.0,350.85875600683914,192.0,100.8,286.1208036576759,2.0,0,0,488,159.25,4,0,0,0,0,0,14480,0.0,0
1128,2,37.0,0.0,53.0,53.0,0.0,7.0,0,0,16,43.4,0,0,0,0,0,0,0,0.0,0
1762,4,88.0,13.856406460551018,72.0,48.0,769.8967463238171,4.0,0,0,32,75.55555555555556,0,0,0,0,0,0,0,0.0,0
1349093,7,0.0,91.7346068571621,499.0,142.57142857142856,327265.8077854554,3.0,0,0,156,91.59999999999998,4,0,0,0,0,0,16383,0.0,0
35023,43,0.0,20.4220272406374,1328.0,616.4186046511628,1679.1175505650951,1.0,0,0,1384,306.54545454545456,4,0,0,0,0,0,14480,0.0,0
132,2,0.0,0.0,0.0,0.0,0.0,6.0,0,0,64,0.0,0,0,0,0,0,0,5792,0.0,0
674748,3,0.0,37.1806401235912,0.0,0.0,123258.69157588849,9.0,0,0,76,14.4,4,0,0,0,0,0,16383,0.0,1
346,2,0.0,0.0,0.0,0.0,0.0,3.0,0,0,64,0.0,0,0,0,0,0,0,14480,0.0,0
986,2,37.0,0.0,53.0,53.0,0.0,1.0,0,0,16,43.4,0,0,0,0,0,0,0,0.0,0
315,2,0.0,0.0,0.0,0.0,0.0,2.0,0,0,64,0.0,0,0,0,0,0,0,14480,0.0,0
101396,43,0.0,20.337683508684545,1300.0,562.4186046511628,5249.058969205348,1.0,0,0,1384,286.48837209302314,4,0,0,0,0,0,14480,0.0,0
1716,4,88.0,16.165807537309526,72.0,48.0,761.2364941330651,5.0,0,0,32,76.44444444444444,0,0,0,0,0,0,0,0.0,0
1571461,7,0.0,40.01190299088986,56.0,31.142857142857142,400102.5833106638,8.0,0,0,156,25.466666666666665,4,0,0,0,0,0,16383,0.0,1
1017,2,37.0,0.0,53.0,53.0,0.0,6.0,0,0,16,43.4,0,0,0,0,0,0,0,0.0,0
1017978,31,0.0,12.005819667242756,1460.0,771.4838709677418,74876.46351235258,1.0,0,0,636,492.7755102040817,4,0,0,0,0,0,16383,0.0,1
15404,45,0.0,19.989267733569253,1300.0,619.5555555555555,499.2580807851144,0.0,0,0,1448,314.82222222222214,4,0,0,0,0,0,14480,0.0,0
1117,2,45.0,0.0,61.0,61.0,0.0,8.0,0,0,16,51.4,0,0,0,0,0,0,0,0.0,0
1058,2,37.0,0.0,53.0,53.0,0.0,8.0,0,0,16,43.4,0,0,0,0,0,0,0,0.0,0
896248,5,0.0,719.3226443444323,0.0,0.0,132376.10098409004,2.0,0,0,116,518.25,4,0,0,0,0,0,16383,0.0,1
1075,2,45.0,0.0,61.0,61.0,0.0,6.0,0,0,16,51.4,0,0,0,0,0,0,0,0.0,0
872345,5,0.0,29.277002188455995,0.0,0.0,241915.74604456816,7.0,0,0,116,9.23076923076923,4,0,0,0,0,0,16383,0.0,1
15412,43,0.0,20.337683508684545,1327.0,615.6744186046514,550.0747898152068,1.0,0,0,1384,313.1162790697674,4,0,0,0,0,0,14480,0.0,0
537321,3,0.0,80.55805360111427,0.0,0.0,76509.6666493849,10.0,0,0,76,31.2,4,0,0,0,0,0,16383,0.0,1
1086,2,45.0,0.0,61.0,61.0,0.0,7.0,0,0,16,51.4,0,0,0,0,0,0,0,0.0,0
1020,2,37.0,0.0,53.0,53.0,0.0,7.0,0,0,16,43.4,0,0,0,0,0,0,0,0.0,0
5368,19,0.0,82.62050362378348,381.0,45.78947368421053,400.5549407089067,1.0,0,0,616,43.21951219512196,4,0,0,0,0,0,13032,0.0,0
337,2,0.0,0.0,0.0,0.0,0.0,4.0,0,0,64,0.0,0,0,0,0,0,0,10136,0.0,0
19241,15,0.0,99.13316607162618,277.0,46.66666666666666,2344.2088162872724,1.0,0,0,488,46.66666666666666,4,0,0,0,0,0,10136,0.0,0
328,2,0.0,0.0,0.0,0.0,0.0,4.0,0,0,64,0.0,0,0,0,0,0,0,14480,0.0,0
328,2,0.0,0.0,0.0,0.0,0.0,5.0,0,0,64,0.0,0,0,0,0,0,0,14480,0.0,0
8622,2,0.0,0.0,0.0,0.0,2210.4157979891474,7.0,0,0,40,0.0,0,0,0,0,0,0,16383,0.0,1
1093,2,45.0,0.0,61.0,61.0,0.0,7.0,0,0,16,51.4,0,0,0,0,0,0,0,0.0,0
107144,2,0.0,0.0,0.0,0.0,54830.47402676727,1.0,0,0,40,0.0,0,0,0,0,0,0,16383,0.0,1
815278,5,0.0,23.2379000772445,0.0,0.0,84972.2264107514,4.0,0,0,116,7.5,4,0,0,0,0,0,16383,0.0,1
78921,5,0.0,0.0,749.0,299.6,355.3594424429064,6.0,0,0,168,149.8,4,0,0,0,0,0,5792,0.0,0
472517,39,0.0,718.0064623664608,287.0,30.461538461538467,23531.651995924825,1.0,0,0,1256,396.62222222222215,4,0,0,0,0,0,30408,0.0,0
3,0,204.0,0.0,0.0,0.0,0.0,0.0,0,0,0,204.0,0,0,0,0,0,0,0,0.0,1
54508,55,0.0,18.865591749571376,1300.0,717.9272727272726,2163.9876276980394,0.0,0,0,1768,363.2363636363636,4,0,0,0,0,0,14480,0.0,0
2097130,17,0.0,90.34728746864056,59.0,33.64705882352942,158762.87732820027,2.0,0,0,356,37.02857142857143,4,0,0,0,0,0,16383,0.0,1
88901,2,0.0,0.0,0.0,0.0,43938.90827615088,2.0,0,0,40,0.0,0,0,0,0,0,0,16383,0.0,1
692201,5,0.0,30.983866769659336,0.0,0.0,37509.48269038111,7.0,0,0,116,9.999999999999998,4,0,0,0,0,0,16383,0.0,1
316,2,0.0,0.0,0.0,0.0,0.0,2.0,0,0,64,0.0,0,0,0,0,0,0,14480,0.0,0
1110,2,45.0,0.0,61.0,61.0,0.0,7.0,0,0,16,51.4,0,0,0,0,0,0,0,0.0,0
119576,89,0.0,15.76186090355944,1300.0,955.7752808988764,2117.606022305461,1.0,0,0,2856,480.61797752808985,4,0,0,0,0,0,14480,0.0,0
121,2,0.0,0.0,0.0,0.0,0.0,3.0,0,0,64,0.0,0,0,0,0,0,0,14480,0.0,0
18532,2,0.0,0.0,0.0,0.0,2745.695631347364,7.0,0,0,40,0.0,0,0,0,0,0,0,16383,0.0,1
350,2,0.0,0.0,0.0,0.0,0.0,3.0,0,0,64,0.0,0,0,0,0,0,0,15928,0.0,0
354,2,0.0,0.0,0.0,0.0,0.0,3.0,0,0,64,0.0,0,0,0,0,0,0,14480,0.0,0
318,2,0.0,0.0,0.0,0.0,0.0,2.0,0,0,64,0.0,0,0,0,0,0,0,14480,0.0,0
687638,5,0.0,30.983866769659336,0.0,0.0,51937.5615686759,2.0,0,0,116,9.999999999999998,4,0,0,0,0,0,16383,0.0,1
1248469,15,0.0,116.7156607081734,1448.0,614.9333333333334,309540.30389660085,1.0,0,0,488,363.28571428571433,4,0,0,0,948,9224,8688,0.0,0
1064,2,37.0,0.0,53.0,53.0,0.0,8.0,0,0,16,43.4,0,0,0,0,0,0,0,0.0,0
1768,4,88.0,20.784609690826528,72.0,48.0,777.4035845899691,2.0,0,0,32,78.22222222222223,0,0,0,0,0,0,0,0.0,0
453,2,0.0,0.0,0.0,0.0,0.0,5.0,0,0,64,0.0,0,0,0,0,0,0,10136,0.0,0
355,2,0.0,0.0,0.0,0.0,0.0,1.0,0,0,64,0.0,0,0,0,0,0,0,8688,0.0,0
274043,435,0.0,27.109250544664853,1448.0,1207.8896551724142,1718.4401335338057,1.0,0,0,13928,795.6344410876138,4,0,0,0,0,0,34752,0.0,0
1178587,15,0.0,116.7156607081734,1448.0,614.9333333333334,312296.01865793933,4.0,0,0,488,363.28571428571433,4,0,0,0,948,9224,8688,0.0,0
1015,2,45.0,0.0,61.0,61.0,0.0,7.0,0,0,16,51.4,0,0,0,0,0,0,0,0.0,0
1000,2,45.0,0.0,61.0,61.0,0.0,6.0,0,0,16,51.4,0,0,0,0,0,0,0,0.0,0
6,0,56.0,0.0,0.0,0.0,0.0,0.0,0,0,0,56.0,0,0,0,0,0,0,0,0.0,1
1053,2,45.0,0.0,61.0,61.0,0.0,7.0,0,0,16,51.4,0,0,0,0,0,0,0,0.0,0
298018,3,0.0,222.5674429620529,0.0,0.0,61548.22327005061,9.0,0,0,76,86.19999999999999,4,0,0,0,0,0,16383,0.0,1
20597,2,0.0,0.0,0.0,0.0,3757.5654352253136,7.0,0,0,40,0.0,0,0,0,0,0,0,16383,0.0,1
1007609,15,0.0,116.7156607081734,1448.0,614.9333333333334,301044.7386895419,3.0,0,0,488,363.28571428571433,4,0,0,0,0,0,8688,0.0,0
126370,2,0.0,0.0,0.0,0.0,61342.92748149537,8.0,0,0,40,0.0,0,0,0,0,0,0,16383,0.0,1
74467,79,0.0,16.80879051557521,1300.0,800.151898734177,1702.5033753455714,0.0,0,0,2536,408.3205128205129,4,0,0,0,0,0,14480,0.0,0
98694,57,0.0,18.865591749571376,1300.0,685.1929824561403,2649.761165264956,1.0,0,0,1832,352.9107142857143,4,0,0,0,0,0,14480,0.0,0
340,2,0.0,0.0,0.0,0.0,0.0,4.0,0,0,64,0.0,0,0,0,0,0,0,14480,0.0,0
1033,2,45.0,0.0,61.0,61.0,0.0,6.0,0,0,16,51.4,0,0,0,0,0,0,0,0.0,0
61401,45,0.0,19.989267733569253,1300.0,591.1111111111112,2045.5316242219617,1.0,0,0,1448,300.6,4,0,0,0,0,0,14480,0.0,0
119298,2,0.0,0.0,0.0,0.0,67545.66816606377,1.0,0,0,40,0.0,0,0,0,0,0,0,16383,0.0,1
146930,3,0.0,661.858854180514,0.0,0.0,37302.31082526607,14.0,0,0,76,260.0,4,0,0,0,0,0,16383,0.0,1
2246644,435,0.0,26.65968600169204,1448.0,1207.8896551724142,106375.4446841483,1.0,0,0,13928,786.1343283582098,4,0,0,0,1278,525432,34752,0.0,0
6,0,504.0,0.0,0.0,0.0,0.0,0.0,0,0,0,504.0,0,0,0,0,0,0,0,0.0,1
4147,15,0.0,252.71011060106005,192.0,100.8,299.6025462413257,2.0,0,0,488,140.75,4,0,0,0,0,0,14480,0.0,0
340,2,0.0,0.0,0.0,0.0,0.0,2.0,0,0,64,0.0,0,0,0,0,0,0,5792,0.0,0
393904,3,0.0,80.04165582161995,0.0,0.0,65806.5930982603,4.0,0,0,76,31.0,4,0,0,0,0,0,16383,0.0,1
355,2,0.0,0.0,0.0,0.0,0.0,3.0,0,0,64,0.0,0,0,0,0,0,0,14480,0.0,0
73316,2,0.0,0.0,0.0,0.0,22667.014977715968,9.0,0,0,40,0.0,0,0,0,0,0,0,16383,0.0,1
23296242,727,0.0,18.09724891452911,1448.0,1411.1719394773047,130595.6726447932,1.0,0,0,23272,959.248598130842,4,0,0,0,474,1025922,7240,0.0,0
85588,2,0.0,0.0,0.0,0.0,25172.294303459905,4.0,0,0,40,0.0,0,0,0,0,0,0,16383,0.0,1
323,2,0.0,0.0,0.0,0.0,0.0,3.0,0,0,64,0.0,0,0,0,0,0,0,5792,0.0,0
88324,71,0.0,17.413875622106488,1300.0,804.3380281690143,2052.917245107561,0.0,0,0,2280,405.5915492957748,4,0,0,0,0,0,14480,0.0,0
7454804,9,0.0,161.39082997494003,1460.0,690.2222222222222,2415427.57392988,3.0,0,0,196,365.4736842105264,4,0,0,0,732,6212,16383,552121.0,1
171932,51,0.0,6.658307684726639,54.0,18.15686274509805,14085.940440145749,2.0,0,0,1640,11.254901960784316,4,0,0,0,0,0,20272,0.0,0
58272,2,0.0,0.0,0.0,0.0,10937.527691393518,7.0,0,0,40,0.0,0,0,0,0,0,0,16383,0.0,0
404556,5,0.0,720.3450351720137,0.0,0.0,26885.39669174936,2.0,0,0,116,517.7777777777777,4,0,0,0,0,0,16383,0.0,1
465651,5,0.0,65.9929649930311,177.0,70.8,66669.6380831849,3.0,0,0,116,60.0,4,0,0,0,0,0,16383,0.0,1
318,2,0.0,0.0,0.0,0.0,0.0,4.0,0,0,64,0.0,0,0,0,0,0,0,5792,0.0,0
357006,5,0.0,638.7859187552588,0.0,0.0,43573.91550031477,6.0,0,0,116,746.4545454545455,4,0,0,0,0,0,16383,0.0,1
366,2,0.0,0.0,0.0,0.0,0.0,2.0,0,0,64,0.0,0,0,0,0,0,0,8688,0.0,0
283304,4,114.0,0.0,52.0,50.0,154751.8114530489,2.0,0,0,32,85.55555555555556,0,0,0,0,0,0,0,0.0,0
2289268,45,0.0,13.197111149416695,1460.0,871.7777777777776,239711.31317398185,1.0,0,0,916,607.3538461538461,4,0,0,0,0,0,16383,0.0,1
310,2,0.0,0.0,0.0,0.0,0.0,2.0,0,0,64,0.0,0,0,0,0,0,0,14480,0.0,0
702189,3,0.0,31.50026454915365,0.0,0.0,130267.42617208647,4.0,0,0,76,12.2,4,0,0,0,0,0,16383,0.0,1
8,0,1.0,0.0,0.0,0.0,0.0,0.0,0,0,0,1.0,0,0,0,0,0,0,0,0.0,1
4123,13,0.0,35.452381373177744,458.0,76.30769230769229,361.63607894507874,2.0,0,0,424,39.696969696969695,4,0,0,0,0,0,11584,0.0,0
15,0,24.0,0.0,0.0,0.0,0.0,0.0,0,0,0,24.0,0,0,0,0,0,0,0,0.0,1
19917479,743,0.0,18.42236347753376,1448.0,1411.9784656796774,91249.0898189614,1.0,0,0,23784,977.256983240224,4,0,0,0,0,0,7240,0.0,0
384,2,0.0,0.0,0.0,0.0,0.0,4.0,0,0,64,0.0,0,0,0,0,0,0,10136,0.0,0
369,2,0.0,0.0,0.0,0.0,0.0,2.0,0,0,64,0.0,0,0,0,0,0,0,20272,0.0,0
360,2,0.0,0.0,0.0,0.0,0.0,3.0,0,0,64,0.0,0,0,0,0,0,0,8688,0.0,0
281938,3,0.0,477.15154825275374,0.0,0.0,41006.84069152365,2.0,0,0,76,184.8,4,0,0,0,0,0,16383,0.0,1
1077,2,45.0,0.0,61.0,61.0,0.0,2.0,0,0,16,51.4,0,0,0,0,0,0,0,0.0,0
460331,39,0.0,717.9767672894067,287.0,30.461538461538467,22976.23336551635,1.0,0,0,1256,396.6,4,0,0,0,0,0,30408,0.0,0
9,0,56.0,0.0,0.0,0.0,0.0,0.0,0,0,0,56.0,0,0,0,0,0,0,0,0.0,1
324,2,0.0,0.0,0.0,0.0,0.0,5.0,0,0,64,0.0,0,0,0,0,0,0,14480,0.0,0
314,2,0.0,0.0,0.0,0.0,0.0,2.0,0,0,64,0.0,0,0,0,0,0,0,20272,0.0,0
1025,2,45.0,0.0,61.0,61.0,0.0,7.0,0,0,16,51.4,0,0,0,0,0,0,0,0.0,0
4837,4,114.0,0.0,52.0,50.0,2274.760939820564,7.0,0,0,32,85.55555555555556,0,0,0,0,0,0,0,0.0,0
131577,49,0.0,54.59984301390306,1360.0,334.1224489795919,6072.103351087867,1.0,0,0,1576,176.12,4,0,0,0,0,0,20272,0.0,0
1727678,17,0.0,6.407715937009986,642.0,87.41176470588235,123675.48970280716,2.0,0,0,356,45.88571428571428,4,0,0,0,0,0,16383,0.0,1
331,2,0.0,0.0,0.0,0.0,0.0,3.0,0,0,64,0.0,0,0,0,0,0,0,10136,0.0,0
93116,63,0.0,17.829381154819387,1300.0,786.7936507936507,3307.4825237344403,0.0,0,0,2024,397.1269841269841,4,0,0,0,0,0,14480,0.0,0
841,3,0.0,0.0,0.0,0.0,0.0,1.0,0,0,96,0.0,0,0,0,0,0,0,10136,0.0,0
18125,43,0.0,20.337683508684545,1327.0,615.6744186046514,619.9098242840668,1.0,0,0,1384,313.1162790697674,4,0,0,0,0,0,14480,0.0,0
4277,15,0.0,301.5404892658143,192.0,100.8,316.51212268967487,2.0,0,0,488,150.0,4,0,0,0,0,0,14480,0.0,0
984,2,0.0,0.0,0.0,0.0,0.0,5.0,0,0,64,0.0,0,0,0,0,0,0,8688,0.0,0
2,0,56.0,0.0,0.0,0.0,0.0,0.0,0,0,0,56.0,0,0,0,0,0,0,0,0.0,1
44586,47,0.0,19.65548687392932,1300.0,637.8297872340426,1746.812336916602,1.0,0,0,1512,323.74468085106383,4,0,0,0,0,0,14480,0.0,0
1848990,15,0.0,91.75791358723428,823.0,195.06666666666663,133249.99701957472,2.0,0,0,316,142.48484848484847,4,0,0,0,0,0,16383,0.0,1
285,2,0.0,0.0,0.0,0.0,0.0,2.0,0,0,64,0.0,0,0,0,0,0,0,10136,0.0,0
328,2,0.0,0.0,0.0,0.0,0.0,2.0,0,0,64,0.0,0,0,0,0,0,0,14480,0.0,0
317,2,0.0,0.0,0.0,0.0,0.0,2.0,0,0,64,0.0,0,0,0,0,0,0,5792,0.0,0
154656,3,0.0,312.4206565940649,0.0,0.0,34892.18968909804,8.0,0,0,76,121.0,4,0,0,0,0,0,16383,0.0,1
384,2,0.0,0.0,0.0,0.0,0.0,2.0,0,0,64,0.0,0,0,0,0,0,0,5792,0.0,0
308,2,0.0,0.0,0.0,0.0,0.0,2.0,0,0,64,0.0,0,0,0,0,0,0,14480,0.0,0
408,2,0.0,0.0,0.0,0.0,0.0,1.0,0,0,64,0.0,0,0,0,0,0,0,30408,0.0,0
70150,4,88.0,18.475208614068023,72.0,48.0,12107.901180634071,6.0,0,0,32,77.33333333333333,0,0,0,0,0,0,0,0.0,0
432647,3,0.0,80.55805360111427,0.0,0.0,83673.49476865419,6.0,0,0,76,31.2,4,0,0,0,0,0,16383,0.0,1
900852,27,0.0,303.1054043626509,192.0,55.99999999999999,41731.5185129098,1.0,0,0,872,95.70370370370372,4,0,0,0,0,0,14480,0.0,0
1557622,13,0.0,519.9144583728724,0.0,0.0,70787.28033330712,2.0,0,0,276,966.7941176470592,4,0,0,0,0,0,16383,0.0,1
77818,13,0.0,35.452381373177744,458.0,76.30769230769229,13045.8683881143,4.0,0,0,424,39.696969696969695,4,0,0,0,0,0,11584,0.0,0
133485,47,0.0,20.08417070838321,1300.0,649.2340425531914,4600.026178559678,1.0,0,0,1512,329.61702127659584,4,0,0,0,0,0,14480,0.0,0
478,2,0.0,0.0,0.0,0.0,0.0,4.0,0,0,64,0.0,0,0,0,0,0,0,14480,0.0,0
325,2,0.0,0.0,0.0,0.0,0.0,6.0,0,0,64,0.0,0,0,0,0,0,0,14480,0.0,0
7671,15,0.0,340.1646660075088,192.0,100.8,756.7313607753761,1.0,0,0,488,157.24999999999997,4,0,0,0,0,0,14480,0.0,0
350,2,0.0,0.0,0.0,0.0,0.0,2.0,0,0,64,0.0,0,0,0,0,0,0,10136,0.0,0
3243,5,0.0,0.0,718.0,287.2,648.9417025691394,3.0,0,0,168,143.6,4,0,0,0,0,0,5792,0.0,0
348,2,0.0,0.0,0.0,0.0,0.0,1.0,0,0,64,0.0,0,0,0,0,0,0,14480,0.0,0
388,2,0.0,0.0,0.0,0.0,0.0,1.0,0,0,64,0.0,0,0,0,0,0,0,14480,0.0,0
738311,39,0.0,716.7778285565228,287.0,30.461538461538467,32257.943716754995,2.0,0,0,1256,395.6666666666666,4,0,0,0,0,0,30408,0.0,0
320,2,0.0,0.0,0.0,0.0,0.0,2.0,0,0,64,0.0,0,0,0,0,0,0,8688,0.0,0
333,2,0.0,0.0,0.0,0.0,0.0,5.0,0,0,64,0.0,0,0,0,0,0,0,14480,0.0,0
821936,5,0.0,30.983866769659336,0.0,0.0,63603.98820199878,3.0,0,0,116,9.999999999999998,4,0,0,0,0,0,16383,0.0,1
321,2,0.0,0.0,0.0,0.0,0.0,5.0,0,0,64,0.0,0,0,0,0,0,0,14480,0.0,0
282122,4,88.0,13.856406460551018,72.0,48.0,154145.5936703998,3.0,0,0,32,75.55555555555556,0,0,0,0,0,0,0,0.0,0
308,2,0.0,0.0,0.0,0.0,0.0,2.0,0,0,64,0.0,0,0,0,0,0,0,14480,0.0,0
1029,2,45.0,0.0,61.0,61.0,0.0,7.0,0,0,16,51.4,0,0,0,0,0,0,0,0.0,0
1784,4,88.0,16.165807537309526,72.0,48.0,780.5782044954454,2.0,0,0,32,76.44444444444444,0,0,0,0,0,0,0,0.0,0
525712,5,0.0,137.87820712498404,0.0,0.0,56727.53675508923,4.0,0,0,116,44.5,4,0,0,0,0,0,16383,0.0,1
38347,47,0.0,20.08417070838321,1300.0,654.5957446808511,1426.8236401181475,1.0,0,0,1512,332.29787234042567,4,0,0,0,0,0,14480,0.0,0
4728,13,0.0,35.452381373177744,458.0,76.30769230769229,419.28069434877966,3.0,0,0,424,39.696969696969695,4,0,0,0,0,0,11584,0.0,0
602313,39,0.0,718.0064623664608,287.0,30.461538461538467,25964.2536475534,1.0,0,0,1256,396.6222222222223,4,0,0,0,0,0,30408,0.0,0
5330,15,0.0,267.1603763035729,192.0,100.8,421.06139129359184,2.0,0,0,488,143.49999999999997,4,0,0,0,0,0,14480,0.0,0
2682765,17,0.0,99.85960905425092,400.0,145.52941176470588,212638.1321539289,1.0,0,0,356,119.72972972972973,4,0,0,0,0,0,16383,0.0,1
31476,39,0.0,21.08021663617728,1300.0,542.6153846153848,1566.5022757340253,1.0,0,0,1256,277.12820512820514,4,0,0,0,0,0,14480,0.0,0
97419,2,0.0,0.0,0.0,0.0,20937.43179093367,8.0,0,0,40,0.0,0,0,0,0,0,0,16383,0.0,1
366,2,0.0,0.0,0.0,0.0,0.0,2.0,0,0,64,0.0,0,0,0,0,0,0,10136,0.0,0
47652994,5,0.0,11.905880899790658,0.0,0.0,16448147.397521237,2.0,0,0,116,3.6000000000000005,4,0,0,0,54,0,16383,57503.0,1
10,0,56.0,0.0,0.0,0.0,0.0,0.0,0,0,0,56.0,0,0,0,0,0,0,0,0.0,1
368,2,0.0,0.0,0.0,0.0,0.0,2.0,0,0,64,0.0,0,0,0,0,0,0,8688,0.0,0
4607,4,114.0,0.0,52.0,52.0,2033.141985532081,8.0,0,0,32,86.44444444444444,0,0,0,0,0,0,0,0.0,0
343,2,0.0,0.0,0.0,0.0,0.0,3.0,0,0,64,0.0,0,0,0,0,0,0,10136,0.0,0
319,2,0.0,0.0,0.0,0.0,0.0,2.0,0,0,64,0.0,0,0,0,0,0,0,14480,0.0,0
128,2,0.0,0.0,0.0,0.0,0.0,4.0,0,0,64,0.0,0,0,0,0,0,0,28960,0.0,0
1055336,15,0.0,116.7156607081734,1448.0,614.9333333333334,300066.8839192659,1.0,0,0,488,363.28571428571433,4,0,0,0,0,0,8688,0.0,0
1302961,5,0.0,30.983866769659336,0.0,0.0,116826.2171462382,3.0,0,0,116,9.999999999999998,4,0,0,0,0,0,16383,0.0,1
1020,2,37.0,0.0,53.0,53.0,0.0,9.0,0,0,16,43.4,0,0,0,0,0,0,0,0.0,0
1745,4,88.0,20.784609690826528,72.0,48.0,785.7737163670807,2.0,0,0,32,78.22222222222223,0,0,0,0,0,0,0,0.0,0
1006,2,45.0,0.0,61.0,61.0,0.0,7.0,0,0,16,51.4,0,0,0,0,0,0,0,0.0,0
13134074,7,0.0,162.1489027612172,148.0,42.285714285714285,5856690.02391379,3.0,0,0,232,65.99999999999999,4,0,0,0,628,296,7240,697.0,0
40662,63,0.0,17.829381154819387,1300.0,776.7936507936507,1105.1970395250178,1.0,0,0,2024,392.1269841269841,4,0,0,0,0,0,14480,0.0,0
47444,5,0.0,718.7496213437738,0.0,0.0,14077.16077315782,5.0,0,0,168,481.88235294117646,4,0,0,0,0,0,10136,0.0,0
312,2,0.0,0.0,0.0,0.0,0.0,3.0,0,0,64,0.0,0,0,0,0,0,0,10136,0.0,0
1263044,10,0.0,116.7156607081734,1448.0,836.8000000000001,296247.5751289175,6.0,0,0,328,405.0434782608696,4,0,0,0,0,0,7240,0.0,0
129999,2,0.0,35.11504900561391,0.0,0.0,57417.135253337045,1.0,0,0,72,15.11111111111111,4,0,0,0,0,0,5792,0.0,0
1364859,5,0.0,133.74702488902946,0.0,0.0,185671.32743991463,1.0,0,0,116,43.16666666666667,4,0,0,0,0,0,16383,0.0,1
347,2,0.0,0.0,0.0,0.0,0.0,2.0,0,0,64,0.0,0,0,0,0,0,0,30408,0.0,0
9417,33,0.0,22.3064253725967,1300.0,392.0,460.7080338708218,1.0,0,0,1064,202.8787878787879,4,0,0,0,0,0,14480,0.0,0
102579,2,0.0,0.0,0.0,0.0,38874.60950929282,3.0,0,0,40,0.0,0,0,0,0,0,0,16383,0.0,1
334,2,0.0,0.0,0.0,0.0,0.0,2.0,0,0,64,0.0,0,0,0,0,0,0,5792,0.0,0
144057,2,0.0,0.0,0.0,0.0,61444.04375120505,1.0,0,0,40,0.0,0,0,0,0,0,0,16383,0.0,1
379,2,0.0,0.0,0.0,0.0,0.0,6.0,0,0,64,0.0,0,0,0,0,0,0,5792,0.0,0
355,2,0.0,0.0,0.0,0.0,0.0,4.0,0,0,64,0.0,0,0,0,0,0,0,14480,0.0,0
158126,20,0.0,80.76372296624533,1045.0,100.55,17107.74242166633,1.0,0,0,648,67.78048780487806,4,0,0,0,0,0,13032,0.0,0
4481,4,114.0,0.0,48.0,48.0,2129.26779277134,2.0,0,0,32,84.66666666666667,0,0,0,0,0,0,0,0.0,0
307,2,0.0,0.0,0.0,0.0,0.0,2.0,0,0,64,0.0,0,0,0,0,0,0,14480,0.0,0
358,2,0.0,0.0,0.0,0.0,0.0,3.0,0,0,64,0.0,0,0,0,0,0,0,14480,0.0,0
1458371,15,0.0,116.7156607081734,1448.0,614.9333333333334,298922.6193638809,1.0,0,0,488,363.28571428571433,4,0,0,0,0,0,8688,0.0,0
45515,39,0.0,21.08021663617728,1300.0,504.00000000000006,1818.1934785730384,1.0,0,0,1256,257.8205128205128,4,0,0,0,0,0,14480,0.0,0
1030,2,45.0,0.0,61.0,61.0,0.0,7.0,0,0,16,51.4,0,0,0,0,0,0,0,0.0,0
28014,9,0.0,0.0,1448.0,910.2222222222222,8393.711854716006,2.0,0,0,296,512.0,4,0,0,0,0,0,5792,0.0,0
18056,2,0.0,0.0,0.0,0.0,2624.073264983278,2.0,0,0,40,0.0,0,0,0,0,0,0,16383,0.0,1
100788,2,0.0,0.0,0.0,0.0,40294.47992591541,4.0,0,0,40,0.0,0,0,0,0,0,0,16383,0.0,0
1127,2,45.0,0.0,61.0,61.0,0.0,8.0,0,0,16,51.4,0,0,0,0,0,0,0,0.0,0
1625037,15,0.0,96.67068112015812,376.0,145.20000000000005,109082.62853251428,2.0,0,0,316,123.3333333333333,4,0,0,0,0,0,16383,0.0,1
349,2,0.0,0.0,0.0,0.0,0.0,2.0,0,0,64,0.0,0,0,0,0,0,0,8688,0.0,0
666549,5,0.0,30.983866769659336,0.0,0.0,36468.49742860268,2.0,0,0,116,9.999999999999998,4,0,0,0,0,0,16383,0.0,1
295,2,0.0,0.0,0.0,0.0,0.0,3.0,0,0,64,0.0,0,0,0,0,0,0,20272,0.0,0
22450,59,0.0,18.83709254785309,1300.0,697.864406779661,525.6825304373519,1.0,0,0,1896,353.0508474576271,4,0,0,0,0,0,14480,0.0,0
321,2,0.0,0.0,0.0,0.0,0.0,5.0,0,0,64,0.0,0,0,0,0,0,0,5792,0.0,0
1075,2,45.0,0.0,61.0,61.0,0.0,7.0,0,0,16,51.4,0,0,0,0,0,0,0,0.0,0
21305,15,0.0,99.13316607162618,277.0,46.66666666666666,2665.603116437061,2.0,0,0,488,46.66666666666666,4,0,0,0,0,0,10136,0.0,0
993655,5,0.0,29.277002188455995,0.0,0.0,266805.5351985162,3.0,0,0,116,9.23076923076923,4,0,0,0,0,0,16383,0.0,1
1083,2,37.0,0.0,53.0,53.0,0.0,9.0,0,0,16,43.4,0,0,0,0,0,0,0,0.0,0
22536,53,0.0,19.681667209175394,1300.0,658.0754716981133,568.1227318382645,1.0,0,0,1704,333.62264150943406,4,0,0,0,0,0,14480,0.0,0
334,2,0.0,0.0,0.0,0.0,0.0,2.0,0,0,64,0.0,0,0,0,0,0,0,60816,0.0,0
70981,2,0.0,0.0,0.0,0.0,50182.661154028094,1.0,0,0,40,0.0,0,0,0,0,0,0,16383,0.0,0
69391,47,0.0,20.08417070838321,1300.0,665.404255319149,2149.8322830989737,1.0,0,0,1512,337.7021276595744,4,0,0,0,0,0,14480,0.0,0
351,2,0.0,0.0,0.0,0.0,0.0,4.0,0,0,64,0.0,0,0,0,0,0,0,8688,0.0,0
3526,7,0.0,160.0833116432399,147.0,42.0,295.08676690085576,5.0,0,0,232,65.28571428571428,4,0,0,0,0,0,7240,0.0,0
15422,39,0.0,21.08021663617728,1300.0,503.6410256410257,624.4293046105831,1.0,0,0,1256,257.6410256410257,4,0,0,0,0,0,14480,0.0,0
526,2,0.0,0.0,0.0,0.0,0.0,4.0,0,0,64,0.0,0,0,0,0,0,0,8688,0.0,0
93336,59,0.0,18.83709254785309,1300.0,722.4067796610169,2179.4779447218143,1.0,0,0,1896,365.32203389830494,4,0,0,0,0,0,14480,0.0,0
343,2,0.0,0.0,0.0,0.0,0.0,6.0,0,0,64,0.0,0,0,0,0,0,0,14480,0.0,0
82239,2,0.0,0.0,0.0,0.0,31609.087332601048,5.0,0,0,40,0.0,0,0,0,0,0,0,16383,0.0,1
11,0,910.0,0.0,0.0,0.0,0.0,0.0,0,0,0,910.0,0,0,0,0,0,0,0,0.0,1
2385213,51,0.0,6.658307684726639,54.0,18.15686274509805,89331.15418278918,1.0,0,0,1640,11.254901960784316,4,0,0,0,0,0,20272,0.0,0
1067921,37,0.0,718.735131594216,287.0,32.108108108108105,61300.2893764463,2.0,0,0,1192,406.18181818181824,4,0,0,0,0,0,30408,0.0,0
25396,9,0.0,0.0,1448.0,910.2222222222222,10793.839757009551,2.0,0,0,296,512.0,4,0,0,0,0,0,5792,0.0,0
17084,123,0.0,90.29554152562336,848.0,54.845528455284565,268.5114879933303,0.0,0,0,3944,51.95951417004045,4,0,0,0,0,0,55024,0.0,0
1176462,15,0.0,116.7156607081734,1448.0,614.9333333333334,307772.664304294,4.0,0,0,488,363.28571428571433,4,0,0,0,948,9224,8688,0.0,0
330,2,0.0,0.0,0.0,0.0,0.0,2.0,0,0,64,0.0,0,0,0,0,0,0,41992,0.0,0
5342642,435,0.0,27.109250544664853,1448.0,1207.8896551724142,300598.7820985111,1.0,0,0,13928,795.6344410876134,4,0,0,0,1278,525432,34752,0.0,0
357,2,0.0,0.0,0.0,0.0,0.0,2.0,0,0,64,0.0,0,0,0,0,0,0,8688,0.0,0
1788,4,88.0,16.165807537309526,72.0,48.0,778.8461551123773,2.0,0,0,32,76.44444444444444,0,0,0,0,0,0,0,0.0,0
60546,2,0.0,0.0,0.0,0.0,42324.58349470199,2.0,0,0,40,0.0,0,0,0,0,0,0,16383,0.0,0
44437,51,0.0,19.449568485848584,1300.0,700.3529411764705,1597.7328048351071,1.0,0,0,1640,354.7843137254903,4,0,0,0,0,0,14480,0.0,0
318,2,0.0,0.0,0.0,0.0,0.0,2.0,0,0,64,0.0,0,0,0,0,0,0,14480,0.0,0
661,2,0.0,0.0,0.0,0.0,0.0,6.0,0,0,64,0.0,0,0,0,0,0,0,10136,0.0,0
125601,65,0.0,17.149679335688607,1300.0,882.2153846153844,2818.618184567644,1.0,0,0,2088,431.4477611940299,4,0,0,0,0,0,14480,0.0,0
173462,3,0.0,656.3833265924503,0.0,0.0,29793.256297516786,9.0,0,0,76,381.1666666666667,4,0,0,0,0,0,16383,0.0,1
622739,5,0.0,30.983866769659336,0.0,0.0,31160.76413857658,7.0,0,0,116,9.999999999999998,4,0,0,0,0,0,16383,0.0,1
335,2,0.0,0.0,0.0,0.0,0.0,2.0,0,0,64,0.0,0,0,0,0,0,0,14480,0.0,0
45926,5,0.0,0.0,754.0,301.6,391.44348251056624,3.0,0,0,168,150.79999999999998,4,0,0,0,0,0,5792,0.0,0
485556,39,0.0,723.2497454446245,287.0,30.461538461538467,21054.49505064381,2.0,0,0,1256,400.06666666666666,4,0,0,0,0,0,30408,0.0,0
1005,2,45.0,0.0,61.0,61.0,0.0,1.0,0,0,16,51.4,0,0,0,0,0,0,0,0.0,0
48491,7,0.0,718.7496213437738,0.0,0.0,14449.46803173044,1.0,0,0,232,431.1578947368421,4,0,0,0,0,0,10136,0.0,0
645986,5,0.0,29.277002188455995,0.0,0.0,204121.7672573571,3.0,0,0,116,9.23076923076923,4,0,0,0,0,0,16383,0.0,1
4418,5,0.0,718.7496213437738,0.0,0.0,515.1621211920682,1.0,0,0,168,481.88235294117646,4,0,0,0,0,0,10136,0.0,0
1375755,12,0.0,116.7156607081734,1448.0,697.3333333333334,378665.257155398,5.0,0,0,392,372.64,4,0,0,0,948,8368,8688,0.0,0
298355,5,0.0,89.78280671126505,527.0,210.8,61968.3670768132,3.0,0,0,116,109.3846153846154,4,0,0,0,0,0,16383,0.0,1
84380,41,0.0,20.70123246671622,1300.0,519.7073170731707,3785.4422582332895,0.0,0,0,1320,265.3902439024389,4,0,0,0,0,0,14480,0.0,0
3,0,44.0,0.0,0.0,0.0,0.0,0.0,0,0,0,44.0,0,0,0,0,0,0,0,0.0,1
718089,29,0.0,7.17125516104366,1460.0,612.2068965517241,53220.8464260073,1.0,0,0,596,364.938775510204,4,0,0,0,0,0,16383,0.0,1
1351,2,37.0,0.0,53.0,53.0,0.0,3.0,0,0,16,43.4,0,0,0,0,0,0,0,0.0,0
480323,39,0.0,719.0477898454543,287.0,30.461538461538467,22698.09267497233,1.0,0,0,1256,397.3777777777778,4,0,0,0,0,0,30408,0.0,0
14424,39,0.0,21.08021663617728,1300.0,489.7948717948718,621.7473210486968,1.0,0,0,1256,250.7179487179487,4,0,0,0,0,0,14480,0.0,0
1063383,435,0.0,26.99473547012915,1448.0,1207.8896551724142,30082.29702668369,1.0,0,0,13928,793.237951807229,4,0,0,0,0,0,34752,0.0,0
9,0,46.0,0.0,0.0,0.0,0.0,0.0,0,0,0,46.0,0,0,0,0,0,0,0,0.0,1
315,2,0.0,0.0,0.0,0.0,0.0,3.0,0,0,64,0.0,0,0,0,0,0,0,34752,0.0,0
328,2,0.0,0.0,0.0,0.0,0.0,4.0,0,0,64,0.0,0,0,0,0,0,0,13032,0.0,0
427775,57,0.0,119.24175012846632,848.0,87.47368421052629,12222.044450917105,1.0,0,0,1832,65.65811965811966,4,0,0,0,0,0,24616,0.0,0
1069,2,37.0,0.0,53.0,53.0,0.0,3.0,0,0,16,43.4,0,0,0,0,0,0,0,0.0,0
338,2,0.0,0.0,0.0,0.0,0.0,1.0,0,0,64,0.0,0,0,0,0,0,0,20272,0.0,0
1006106,15,0.0,116.7156607081734,1448.0,614.9333333333334,301218.6886791117,2.0,0,0,488,363.28571428571433,4,0,0,0,0,0,8688,0.0,0
14789,39,0.0,21.08021663617728,1300.0,523.076923076923,535.4457966976687,1.0,0,0,1256,267.3589743589744,4,0,0,0,0,0,14480,0.0,0
158939,37,0.0,65.05333065168149,1360.0,527.6216216216217,21375.31308839461,1.0,0,0,1192,285.2777777777777,4,0,0,0,0,0,15928,0.0,0
47411,53,0.0,19.681667209175394,1300.0,612.8301886792452,1806.85534648938,0.0,0,0,1704,311.0000000000001,4,0,0,0,0,0,14480,0.0,0
14978,45,0.0,19.989267733569253,1300.0,630.0444444444445,466.173733886963,1.0,0,0,1448,320.06666666666666,4,0,0,0,0,0,14480,0.0,0
135,2,0.0,0.0,0.0,0.0,0.0,3.0,0,0,64,0.0,0,0,0,0,0,0,5792,0.0,0
39446,47,0.0,20.08417070838321,1300.0,583.1063829787234,1672.6174346897988,1.0,0,0,1512,296.55319148936167,4,0,0,0,0,0,14480,0.0,0
9,0,298.0,0.0,0.0,0.0,0.0,0.0,0,0,0,298.0,0,0,0,0,0,0,0,0.0,1
787327,5,0.0,30.983866769659336,0.0,0.0,42547.314689648745,6.0,0,0,116,9.999999999999998,4,0,0,0,0,0,16383,0.0,1
9433,35,0.0,21.883828750570903,1300.0,408.7428571428571,401.8645345967552,1.0,0,0,1128,210.8571428571429,4,0,0,0,0,0,14480,0.0,0
17838,2,0.0,0.0,0.0,0.0,2560.4336546764885,9.0,0,0,40,0.0,0,0,0,0,0,0,16383,0.0,1
329,2,0.0,0.0,0.0,0.0,0.0,5.0,0,0,64,0.0,0,0,0,0,0,0,14480,0.0,0
336,2,0.0,0.0,0.0,0.0,0.0,4.0,0,0,64,0.0,0,0,0,0,0,0,8688,0.0,0
1997384,123,0.0,27.082072584316457,1448.0,77.26829268292684,29627.718159914675,1.0,0,0,3944,44.95081967213111,4,0,0,0,0,0,47784,0.0,0
17473,47,0.0,20.08417070838321,1300.0,664.5531914893617,477.11474701394616,1.0,0,0,1512,337.2765957446809,4,0,0,0,0,0,14480,0.0,0
401,2,0.0,0.0,0.0,0.0,0.0,3.0,0,0,64,0.0,0,0,0,0,0,0,14480,0.0,0
348,2,0.0,0.0,0.0,0.0,0.0,2.0,0,0,64,0.0,0,0,0,0,0,0,14480,0.0,0
468662,5,0.0,94.17435703953346,561.0,224.4,106641.20871970648,4.0,0,0,116,115.99999999999996,4,0,0,0,0,0,16383,0.0,1
41861,2,0.0,0.0,0.0,0.0,10844.189596276892,8.0,0,0,40,0.0,0,0,0,0,0,0,16383,0.0,1
371,2,0.0,0.0,0.0,0.0,0.0,1.0,0,0,64,0.0,0,0,0,0,0,0,10136,0.0,0
881,2,45.0,0.0,61.0,61.0,0.0,2.0,0,0,16,51.4,0,0,0,0,0,0,0,0.0,0
116320,2,0.0,0.0,0.0,0.0,29110.879074668974,4.0,0,0,40,0.0,0,0,0,0,0,0,16383,0.0,1
525956,13,0.0,200.45715609219693,1460.0,1010.153846153846,83962.70056144829,2.0,0,0,276,662.2727272727274,4,0,0,0,0,0,16383,0.0,1
11077,37,0.0,21.474606635715823,1300.0,481.8918918918919,410.99521148736784,1.0,0,0,1192,247.08108108108112,4,0,0,0,0,0,14480,0.0,0
333,2,0.0,0.0,0.0,0.0,0.0,2.0,0,0,64,0.0,0,0,0,0,0,0,47784,0.0,0
318,2,0.0,0.0,0.0,0.0,0.0,3.0,0,0,64,0.0,0,0,0,0,0,0,7240,0.0,0
131,2,0.0,0.0,0.0,0.0,0.0,3.0,0,0,64,0.0,0,0,0,0,0,0,5792,0.0,0
371,2,0.0,0.0,0.0,0.0,0.0,2.0,0,0,64,0.0,0,0,0,0,0,0,30408,0.0,0
341,2,0.0,0.0,0.0,0.0,0.0,2.0,0,0,64,0.0,0,0,0,0,0,0,14480,0.0,0
3492110,5,0.0,107.34900802433864,0.0,0.0,1240557.495111882,2.0,0,0,116,33.84615384615385,4,0,0,0,440,0,16383,0.0,1
280388,5,0.0,23.21791180471294,14.0,5.6,46762.105679400585,7.0,0,0,116,12.714285714285715,4,0,0,0,0,0,16383,0.0,1
342,2,0.0,0.0,0.0,0.0,0.0,2.0,0,0,64,0.0,0,0,0,0,0,0,8688,0.0,0
54073,63,0.0,63.32889605378559,1448.0,972.6666666666666,2144.965688141259,1.0,0,0,2024,608.2941176470587,4,0,0,0,0,0,13032,0.0,0
1325350,435,0.0,27.704461902414312,1448.0,1207.8896551724142,40447.65965929917,1.0,0,0,13928,807.837423312883,4,0,0,0,0,0,34752,0.0,0
322,2,0.0,0.0,0.0,0.0,0.0,5.0,0,0,64,0.0,0,0,0,0,0,0,5792,0.0,0
329,2,0.0,0.0,0.0,0.0,0.0,3.0,0,0,64,0.0,0,0,0,0,0,0,5792,0.0,0
4,0,504.0,0.0,0.0,0.0,0.0,0.0,0,0,0,504.0,0,0,0,0,0,0,0,0.0,1
320,2,0.0,0.0,0.0,0.0,0.0,2.0,0,0,64,0.0,0,0,0,0,0,0,14480,0.0,0
318,2,0.0,0.0,0.0,0.0,0.0,3.0,0,0,64,0.0,0,0,0,0,0,0,14480,0.0,0
327,2,0.0,0.0,0.0,0.0,0.0,3.0,0,0,64,0.0,0,0,0,0,0,0,5792,0.0,0
167425,71,0.0,17.20526450713744,1300.0,820.5070422535214,3799.012969450396,1.0,0,0,2280,407.93055555555526,4,0,0,0,0,0,14480,0.0,0
1006,2,37.0,0.0,53.0,53.0,0.0,1.0,0,0,16,43.4,0,0,0,0,0,0,0,0.0,0
339,2,0.0,0.0,0.0,0.0,0.0,4.0,0,0,64,0.0,0,0,0,0,0,0,41992,0.0,0
312,2,0.0,0.0,0.0,0.0,0.0,2.0,0,0,64,0.0,0,0,0,0,0,0,10136,0.0,0
344,2,0.0,0.0,0.0,0.0,0.0,2.0,0,0,64,0.0,0,0,0,0,0,0,14480,0.0,0
339,2,0.0,0.0,0.0,0.0,0.0,4.0,0,0,64,0.0,0,0,0,0,0,0,30408,0.0,0
12996,15,0.0,99.13316607162618,277.0,46.66666666666666,1867.246999990724,1.0,0,0,488,46.66666666666666,4,0,0,0,0,0,10136,0.0,0
350,2,0.0,0.0,0.0,0.0,0.0,4.0,0,0,64,0.0,0,0,0,0,0,0,47784,0.0,0
785270,123,0.0,27.08393427473785,1448.0,73.34959349593495,12537.653368867066,1.0,0,0,3944,42.97540983606558,4,0,0,0,0,0,47784,0.0,0
4549,15,0.0,360.227705764007,192.0,100.8,327.73464876329444,1.0,0,0,488,160.99999999999997,4,0,0,0,0,0,14480,0.0,0
305,2,0.0,0.0,0.0,0.0,0.0,2.0,0,0,64,0.0,0,0,0,0,0,0,10136,0.0,0
714620,5,0.0,30.983866769659336,0.0,0.0,43582.90701410359,3.0,0,0,116,9.999999999999998,4,0,0,0,0,0,16383,0.0,1
5764,5,0.0,0.0,739.0,295.6,377.5870760500152,4.0,0,0,168,147.8,4,0,0,0,0,0,5792,0.0,0
214490,89,0.0,15.76186090355944,1300.0,964.876404494382,2980.3094723852955,1.0,0,0,2856,485.16853932584274,4,0,0,0,0,0,14480,0.0,0
318,2,0.0,0.0,0.0,0.0,0.0,4.0,0,0,64,0.0,0,0,0,0,0,0,14480,0.0,0
1031,2,45.0,0.0,61.0,61.0,0.0,9.0,0,0,16,51.4,0,0,0,0,0,0,0,0.0,0
507423,39,0.0,720.250749987213,287.0,30.461538461538467,23414.991537361864,1.0,0,0,1256,398.2000000000001,4,0,0,0,0,0,30408,0.0,0
2323214,243,0.0,38.382923032096,1460.0,1268.8971193415643,66369.29964396285,1.0,0,0,4876,1083.1368421052623,4,0,0,0,0,0,16383,0.0,1
630184,5,0.0,30.983866769659336,0.0,0.0,34604.7601595503,8.0,0,0,116,9.999999999999998,4,0,0,0,0,0,16383,0.0,1
346,2,0.0,0.0,0.0,0.0,0.0,2.0,0,0,64,0.0,0,0,0,0,0,0,13032,0.0,0
960,2,45.0,0.0,61.0,61.0,0.0,1.0,0,0,16,51.4,0,0,0,0,0,0,0,0.0,0
2791608,17,0.0,14.473950327924928,1460.0,196.7058823529412,313178.9852178326,1.0,0,0,356,109.3939393939394,4,0,0,0,266,3344,16383,0.0,1
14359,45,0.0,19.989267733569253,1300.0,593.6444444444445,469.1018467621492,1.0,0,0,1448,301.8666666666666,4,0,0,0,0,0,14480,0.0,0
99780,2,0.0,0.0,0.0,0.0,40773.89832355989,6.0,0,0,40,0.0,0,0,0,0,0,0,16383,0.0,0
359,2,0.0,0.0,0.0,0.0,0.0,3.0,0,0,64,0.0,0,0,0,0,0,0,8688,0.0,0
315,2,0.0,0.0,0.0,0.0,0.0,3.0,0,0,64,0.0,0,0,0,0,0,0,34752,0.0,0
309,2,0.0,0.0,0.0,0.0,0.0,2.0,0,0,64,0.0,0,0,0,0,0,0,10136,0.0,0
543490,3,0.0,287.6335631783375,0.0,0.0,90814.16933331492,3.0,0,0,76,111.4,4,0,0,0,0,0,16383,0.0,1
76164,39,0.0,717.3940777962575,287.0,30.461538461538467,2699.620083972765,2.0,0,0,1256,396.1555555555556,4,0,0,0,0,0,30408,0.0,0
91175,2,0.0,0.0,0.0,0.0,18294.973749639543,8.0,0,0,40,0.0,0,0,0,0,0,0,16383,0.0,1
374,2,0.0,0.0,0.0,0.0,0.0,1.0,0,0,64,0.0,0,0,0,0,0,0,30408,0.0,0
345,2,0.0,0.0,0.0,0.0,0.0,4.0,0,0,64,0.0,0,0,0,0,0,0,13032,0.0,0
919,2,38.0,0.0,54.0,54.0,0.0,3.0,0,0,16,44.4,0,0,0,0,0,0,0,0.0,0
51052,2,0.0,0.0,0.0,0.0,17868.588360584057,1.0,0,0,40,0.0,0,0,0,0,0,0,16383,0.0,1
56707,2,0.0,0.0,0.0,0.0,14348.610803837422,4.0,0,0,40,0.0,0,0,0,0,0,0,16383,0.0,1
415,2,0.0,0.0,0.0,0.0,0.0,2.0,0,0,64,0.0,0,0,0,0,0,0,47784,0.0,0
333,2,0.0,0.0,0.0,0.0,0.0,3.0,0,0,64,0.0,0,0,0,0,0,0,14480,0.0,0
15500,41,0.0,20.70123246671622,1300.0,563.951219512195,586.6722146560145,1.0,0,0,1320,287.51219512195115,4,0,0,0,0,0,14480,0.0,0
1015,2,45.0,0.0,61.0,61.0,0.0,5.0,0,0,16,51.4,0,0,0,0,0,0,0,0.0,0
43854,2,0.0,0.0,0.0,0.0,30527.921064166818,9.0,0,0,40,0.0,0,0,0,0,0,0,16383,0.0,0
320128,7,0.0,94.6623070760077,1460.0,713.7142857142858,63626.36742970638,1.0,0,0,156,358.9333333333334,4,0,0,0,0,0,16383,0.0,1
980,2,37.0,0.0,53.0,53.0,0.0,4.0,0,0,16,43.4,0,0,0,0,0,0,0,0.0,0
337,2,0.0,0.0,0.0,0.0,0.0,2.0,0,0,64,0.0,0,0,0,0,0,0,13032,0.0,0
326,2,0.0,0.0,0.0,0.0,0.0,5.0,0,0,64,0.0,0,0,0,0,0,0,10136,0.0,0
12457,41,0.0,20.70123246671622,1300.0,545.6097560975609,466.2793915509833,1.0,0,0,1320,278.3414634146341,4,0,0,0,0,0,14480,0.0,0
387,2,0.0,0.0,0.0,0.0,0.0,2.0,0,0,64,0.0,0,0,0,0,0,0,30408,0.0,0
376920,27,0.0,211.5121236750708,192.0,55.99999999999999,13916.335272740927,3.0,0,0,872,82.66666666666666,4,0,0,0,0,0,14480,0.0,0
304,2,0.0,0.0,0.0,0.0,0.0,2.0,0,0,64,0.0,0,0,0,0,0,0,14480,0.0,0
66463,2,0.0,0.0,0.0,0.0,20320.834677739003,8.0,0,0,40,0.0,0,0,0,0,0,0,16383,0.0,1
337,2,0.0,0.0,0.0,0.0,0.0,2.0,0,0,64,0.0,0,0,0,0,0,0,8688,0.0,0
363,2,0.0,0.0,0.0,0.0,0.0,4.0,0,0,64,0.0,0,0,0,0,0,0,8688,0.0,0
1000,2,45.0,0.0,61.0,61.0,0.0,6.0,0,0,16,51.4,0,0,0,0,0,0,0,0.0,0
121,2,0.0,0.0,0.0,0.0,0.0,5.0,0,0,64,0.0,0,0,0,0,0,0,11584,0.0,0
495947,5,0.0,71.40778268908389,181.0,72.4,77168.47494034756,5.0,0,0,116,64.0,4,0,0,0,0,0,16383,0.0,1
224586,9,0.0,0.0,1448.0,910.2222222222222,20968.900989322257,1.0,0,0,296,512.0,4,0,0,0,0,0,5792,0.0,0
6615,21,0.0,78.15280847072273,433.0,50.095238095238095,623.7154494677536,1.0,0,0,680,42.22727272727273,4,0,0,0,0,0,13032,0.0,0
308,2,0.0,0.0,0.0,0.0,0.0,2.0,0,0,64,0.0,0,0,0,0,0,0,14480,0.0,0
12484,41,0.0,20.70123246671622,1300.0,520.4878048780488,423.3979330565977,1.0,0,0,1320,265.780487804878,4,0,0,0,0,0,14480,0.0,0
10,0,1399.0,0.0,0.0,0.0,0.0,0.0,0,0,0,1399.0,0,0,0,0,0,0,0,0.0,1
316,2,0.0,0.0,0.0,0.0,0.0,2.0,0,0,64,0.0,0,0,0,0,0,0,14480,0.0,0
253286,37,0.0,724.4893419027035,287.0,32.108108108108105,17383.48366997397,1.0,0,0,1192,409.8863636363636,4,0,0,0,0,0,30408,0.0,0
306,2,0.0,0.0,0.0,0.0,0.0,2.0,0,0,64,0.0,0,0,0,0,0,0,18824,0.0,0
1197,2,45.0,0.0,61.0,61.0,0.0,7.0,0,0,16,51.4,0,0,0,0,0,0,0,0.0,0
336,2,0.0,0.0,0.0,0.0,0.0,2.0,0,0,64,0.0,0,0,0,0,0,0,14480,0.0,0
348,2,0.0,0.0,0.0,0.0,0.0,5.0,0,0,64,0.0,0,0,0,0,0,0,14480,0.0,0
112666,11,0.0,0.0,1300.0,945.4545454545456,5622.190161531206,5.0,0,0,352,335.483870967742,2,0,0,0,0,0,14480,0.0,0
33319,4,88.0,20.784609690826528,72.0,48.0,9903.866972046828,10.0,0,0,32,78.22222222222223,0,0,0,0,0,0,0,0.0,0
7307747,23,0.0,627.5507756000977,34.0,7.565217391304347,504847.7394272353,1.0,0,0,476,773.9529411764703,4,0,0,0,65612,174,16383,0.0,1
8877,23,0.0,77.92059450247443,433.0,45.65217391304349,738.3156829020006,1.0,0,0,744,40.04347826086957,4,0,0,0,0,0,13032,0.0,0
434392,127,0.0,48.06558294028003,1448.0,1108.9921259842524,40027.75427422139,1.0,0,0,4072,722.8469387755105,4,0,0,0,0,0,17376,0.0,0
3744,9,0.0,65.29726895769328,776.0,180.88888888888889,360.18644863150774,3.0,0,0,296,103.0,4,0,0,0,0,0,10136,0.0,0
7,0,56.0,0.0,0.0,0.0,0.0,0.0,0,0,0,56.0,0,0,0,0,0,0,0,0.0,1
316,2,0.0,0.0,0.0,0.0,0.0,2.0,0,0,64,0.0,0,0,0,0,0,0,41992,0.0,0
340,2,0.0,0.0,0.0,0.0,0.0,2.0,0,0,64,0.0,0,0,0,0,0,0,30408,0.0,0
280148,15,0.0,99.13316607162618,277.0,46.66666666666666,34194.77946659739,3.0,0,0,488,46.66666666666666,4,0,0,0,0,0,10136,0.0,0
20554,37,0.0,21.474606635715823,1300.0,484.2702702702704,804.6992673815292,1.0,0,0,1192,248.27027027027023,4,0,0,0,0,0,14480,0.0,0
8,0,56.0,0.0,0.0,0.0,0.0,0.0,0,0,0,56.0,0,0,0,0,0,0,0,0.0,1
240606,3,0.0,189.001587294922,0.0,0.0,46985.27227014866,3.0,0,0,76,73.2,4,0,0,0,0,0,16383,0.0,1
125,2,0.0,0.0,0.0,0.0,0.0,4.0,0,0,64,0.0,0,0,0,0,0,0,14480,0.0,0
38787,2,0.0,0.0,0.0,0.0,13271.68717609031,2.0,0,0,40,0.0,0,0,0,0,0,0,16383,0.0,1
11,0,1398.0,0.0,0.0,0.0,0.0,0.0,0,0,0,1398.0,0,0,0,0,0,0,0,0.0,1
1006111,15,0.0,122.41532220727564,1448.0,614.9333333333334,333029.74900825304,2.0,0,0,488,391.2307692307692,4,0,0,0,0,0,8688,0.0,0
18408,43,0.0,20.337683508684545,1300.0,580.0930232558137,661.6878003423903,1.0,0,0,1384,295.3255813953489,4,0,0,0,0,0,14480,0.0,0
101526,2,0.0,0.0,0.0,0.0,70956.75127850767,5.0,0,0,40,0.0,0,0,0,0,0,0,16383,0.0,1
402210,9,0.0,0.0,1448.0,910.2222222222222,107359.93825119312,1.0,0,0,296,512.0,4,0,0,0,0,0,5792,0.0,0
4741,4,114.0,0.0,48.0,48.0,2127.247125590568,3.0,0,0,32,84.66666666666667,0,0,0,0,0,0,0,0.0,0
38456,47,0.0,20.08417070838321,1300.0,600.1276595744681,1853.2179901975696,1.0,0,0,1512,305.063829787234,4,0,0,0,0,0,14480,0.0,0
1013,2,45.0,0.0,61.0,61.0,0.0,4.0,0,0,16,51.4,0,0,0,0,0,0,0,0.0,0
1429207,59,0.0,268.0102335747068,864.0,162.50847457627114,44494.7247321677,2.0,0,0,1896,144.97637795275594,4,0,0,0,0,0,28960,0.0,0
1077,2,45.0,0.0,61.0,61.0,0.0,7.0,0,0,16,51.4,0,0,0,0,0,0,0,0.0,0
1159155,15,0.0,116.7156607081734,1448.0,614.9333333333334,298738.26704908576,2.0,0,0,488,363.28571428571433,4,0,0,0,0,0,8688,0.0,0
1031,2,45.0,0.0,61.0,61.0,0.0,6.0,0,0,16,51.4,0,0,0,0,0,0,0,0.0,0
3,0,56.0,0.0,0.0,0.0,0.0,0.0,0,0,0,56.0,0,0,0,0,0,0,0,0.0,1
1027,2,45.0,0.0,61.0,61.0,0.0,7.0,0,0,16,51.4,0,0,0,0,0,0,0,0.0,0
277534,3,0.0,31.50026454915365,0.0,0.0,53121.68777627458,2.0,0,0,76,12.2,4,0,0,0,0,0,16383,0.0,1
326,2,0.0,0.0,0.0,0.0,0.0,5.0,0,0,64,0.0,0,0,0,0,0,0,5792,0.0,0
25317,33,0.0,22.3064253725967,1300.0,368.5454545454545,1071.7243547074584,1.0,0,0,1064,191.1515151515152,4,0,0,0,0,0,14480,0.0,0
3258476,19,0.0,3.3837848631377256,1429.0,161.26315789473685,385121.0068082128,2.0,0,0,396,87.5,4,0,0,0,86,3064,16383,0.0,1
1095,2,37.0,0.0,53.0,53.0,0.0,3.0,0,0,16,43.4,0,0,0,0,0,0,0,0.0,0
223365,15,0.0,99.13316607162618,277.0,46.66666666666666,30315.79448626299,2.0,0,0,488,46.66666666666666,4,0,0,0,0,0,10136,0.0,0
3200,9,0.0,0.0,1448.0,910.2222222222222,1018.517402895012,2.0,0,0,296,512.0,4,0,0,0,0,0,5792,0.0,0
309,2,0.0,0.0,0.0,0.0,0.0,4.0,0,0,64,0.0,0,0,0,0,0,0,10136,0.0,0
3538,9,0.0,65.29726895769328,776.0,180.88888888888889,350.12890483363407,2.0,0,0,296,103.0,4,0,0,0,0,0,10136,0.0,0
326,2,0.0,0.0,0.0,0.0,0.0,5.0,0,0,64,0.0,0,0,0,0,0,0,14480,0.0,0
345706,57,0.0,119.24175012846632,848.0,87.47368421052629,10831.444534524317,0.0,0,0,1832,65.65811965811966,4,0,0,0,0,0,24616,0.0,0
1145867,7,0.0,64.51301086934768,187.0,53.42857142857142,227330.0438150496,1.0,0,0,156,52.75,4,0,0,0,0,0,16383,0.0,1
469448,105,0.0,94.58951464260424,1360.0,99.33333333333329,11197.826023614056,0.0,0,0,3368,74.05660377358487,4,0,0,0,0,0,47784,0.0,0
309,2,0.0,0.0,0.0,0.0,0.0,2.0,0,0,64,0.0,0,0,0,0,0,0,7240,0.0,0
1733653,15,0.0,122.41532220727564,1448.0,614.9333333333334,385217.5961625816,1.0,0,0,488,391.2307692307692,4,0,0,0,948,9224,8688,0.0,0
107657,2,0.0,0.0,0.0,0.0,75382.53262195428,6.0,0,0,40,0.0,0,0,0,0,0,0,16383,0.0,1
315,2,0.0,0.0,0.0,0.0,0.0,2.0,0,0,64,0.0,0,0,0,0,0,0,14480,0.0,0
309,2,0.0,0.0,0.0,0.0,0.0,2.0,0,0,64,0.0,0,0,0,0,0,0,14480,0.0,0
435835,35,0.0,710.5557653359615,287.0,33.94285714285714,34048.89851652898,2.0,0,0,1128,364.2195121951221,4,0,0,0,0,0,30408,0.0,0
1510565,61,0.0,64.7433026505077,1460.0,1202.295081967213,150271.6808197044,1.0,0,0,1236,957.2467532467534,4,0,0,0,0,0,16383,0.0,1
336,2,0.0,0.0,0.0,0.0,0.0,3.0,0,0,64,0.0,0,0,0,0,0,0,14480,0.0,0
56465,22,0.0,18.115803492595525,1300.0,657.5454545454545,4643.529310275172,1.0,0,0,712,292.84,4,0,0,0,0,0,14480,0.0,0
27897,2,0.0,0.0,0.0,0.0,10108.091437061696,4.0,0,0,40,0.0,0,0,0,0,0,0,16383,0.0,1
1068,2,37.0,0.0,53.0,53.0,0.0,7.0,0,0,16,43.4,0,0,0,0,0,0,0,0.0,0
345,2,0.0,0.0,0.0,0.0,0.0,2.0,0,0,64,0.0,0,0,0,0,0,0,20272,0.0,0
346,2,0.0,0.0,0.0,0.0,0.0,5.0,0,0,64,0.0,0,0,0,0,0,0,14480,0.0,0
93471,5,0.0,718.7496213437738,0.0,0.0,28619.365312474853,2.0,0,0,168,481.88235294117646,4,0,0,0,0,0,10136,0.0,0
332,2,0.0,0.0,0.0,0.0,0.0,5.0,0,0,64,0.0,0,0,0,0,0,0,5792,0.0,0
334,2,0.0,0.0,0.0,0.0,0.0,3.0,0,0,64,0.0,0,0,0,0,0,0,5792,0.0,0
1207232,15,0.0,116.7156607081734,1448.0,614.9333333333334,297579.08611184964,2.0,0,0,488,363.28571428571433,4,0,0,0,0,0,8688,0.0,0
1097,2,45.0,0.0,61.0,61.0,0.0,9.0,0,0,16,51.4,0,0,0,0,0,0,0,0.0,0
1043,2,45.0,0.0,61.0,61.0,0.0,7.0,0,0,16,51.4,0,0,0,0,0,0,0,0.0,0
393,2,0.0,0.0,0.0,0.0,0.0,6.0,0,0,64,0.0,0,0,0,0,0,0,14480,0.0,0
319,2,0.0,0.0,0.0,0.0,0.0,5.0,0,0,64,0.0,0,0,0,0,0,0,7240,0.0,0
12575745,747,0.0,20.787232803310967,1448.0,1228.9745649263718,359412.6556262578,1.0,0,0,23912,801.158536585367,4,0,0,0,843,459022,52128,286471.0,0
324,2,0.0,0.0,0.0,0.0,0.0,3.0,0,0,64,0.0,0,0,0,0,0,0,14480,0.0,0
92798,2,0.0,0.0,0.0,0.0,43241.70098990094,8.0,0,0,40,0.0,0,0,0,0,0,0,16383,0.0,0
1392795,7,0.0,114.66825857145264,90.0,25.714285714285715,323023.46117173386,1.0,0,0,156,43.333333333333336,4,0,0,0,0,0,16383,0.0,1
3393691,123,0.0,27.087465963521392,1448.0,76.130081300813,49117.02259432473,1.0,0,0,3944,44.36885245901639,4,0,0,0,0,0,47784,0.0,0
76363,47,0.0,20.08417070838321,1300.0,665.404255319149,2499.594456399807,1.0,0,0,1512,337.7021276595744,4,0,0,0,0,0,14480,0.0,0
660651,10,60.0,356.3566480452702,900.0,310.6,89477.50078518977,3.0,0,0,80,309.4782608695652,0,0,0,0,0,0,0,0.0,1
396,2,0.0,0.0,0.0,0.0,0.0,4.0,0,0,64,0.0,0,0,0,0,0,0,8688,0.0,0
4632,4,114.0,0.0,52.0,50.0,2061.1414313433224,2.0,0,0,32,85.55555555555556,0,0,0,0,0,0,0,0.0,0
35546,123,0.0,27.08374294023374,1448.0,64.61788617886181,565.7023257422891,1.0,0,0,3944,38.56557377049184,4,0,0,0,0,0,47784,0.0,0
22999,2,0.0,0.0,0.0,0.0,11025.20893226065,3.0,0,0,40,0.0,0,0,0,0,0,0,16383,0.0,1
212198,9,0.0,115.64415864440116,1460.0,962.6666666666666,40003.77360074922,2.0,0,0,196,537.5294117647057,4,0,0,0,0,0,16383,0.0,1
3660,9,0.0,62.487687676142336,777.0,181.11111111111111,360.9873420372397,5.0,0,0,296,101.7,4,0,0,0,0,0,10136,0.0,0
1741,4,88.0,18.475208614068023,72.0,48.0,782.5984496108673,2.0,0,0,32,77.33333333333333,0,0,0,0,0,0,0,0.0,0
311,2,0.0,0.0,0.0,0.0,0.0,2.0,0,0,64,0.0,0,0,0,0,0,0,14480,0.0,0
735832,5,0.0,30.983866769659336,0.0,0.0,47049.32598560792,5.0,0,0,116,9.999999999999998,4,0,0,0,0,0,16383,0.0,1
9,0,55.0,0.0,0.0,0.0,0.0,0.0,0,0,0,55.0,0,0,0,0,0,0,0,0.0,1
8,0,0.0,0.0,0.0,0.0,0.0,0.0,0,0,0,0.0,2,0,0,0,0,0,0,0.0,0
105025,2,0.0,0.0,0.0,0.0,40935.82577645161,8.0,0,0,40,0.0,0,0,0,0,0,0,16383,0.0,1
5199370,19,0.0,16.188179108755342,103.0,38.0,386730.0515349448,1.0,0,0,396,24.04878048780488,4,0,0,0,264,722,16383,0.0,1
10557,57,0.0,119.24175012846632,848.0,87.47368421052629,319.7826531428162,1.0,0,0,1832,65.65811965811966,4,0,0,0,0,0,24616,0.0,0
1617,4,88.0,13.856406460551018,72.0,48.0,718.8017807434815,2.0,0,0,32,75.55555555555556,0,0,0,0,0,0,0,0.0,0
56784,2,0.0,0.0,0.0,0.0,20792.47490079043,8.0,0,0,40,0.0,0,0,0,0,0,0,16383,0.0,1
2059294,123,0.0,27.08374294023374,1448.0,69.5609756097561,32213.31144044527,1.0,0,0,3944,41.057377049180296,4,0,0,0,0,0,47784,0.0,0
397,2,0.0,0.0,0.0,0.0,0.0,5.0,0,0,64,0.0,0,0,0,0,0,0,30408,0.0,0
457537,5,0.0,102.2467603398758,0.0,0.0,50887.96630343956,1.0,0,0,116,33.0,4,0,0,0,0,0,16383,0.0,1
4708,15,0.0,277.70824018503066,192.0,100.8,336.6103724740859,3.0,0,0,488,145.5,4,0,0,0,0,0,14480,0.0,0
1062,2,45.0,0.0,61.0,61.0,0.0,6.0,0,0,16,51.4,0,0,0,0,0,0,0,0.0,0
367,2,0.0,0.0,0.0,0.0,0.0,2.0,0,0,64,0.0,0,0,0,0,0,0,14480,0.0,0
340,2,0.0,0.0,0.0,0.0,0.0,2.0,0,0,64,0.0,0,0,0,0,0,0,8688,0.0,0
7653,23,0.0,77.92059450247443,433.0,45.65217391304349,644.9356003287681,1.0,0,0,744,40.04347826086958,4,0,0,0,0,0,13032,0.0,0
598,2,0.0,0.0,0.0,0.0,0.0,4.0,0,0,64,0.0,0,0,0,0,0,0,34752,0.0,0
21522,37,0.0,723.1133166926746,287.0,32.108108108108105,585.3995156653074,1.0,0,0,1192,402.9777777777777,4,0,0,0,0,0,31856,0.0,0
1816993,5,0.0,200.87873622329136,0.0,0.0,225663.18724439747,3.0,0,0,116,64.83333333333333,4,0,0,0,0,0,16383,0.0,1
4521,4,114.0,0.0,52.0,50.0,2071.2470478755868,8.0,0,0,32,85.55555555555556,0,0,0,0,0,0,0,0.0,0
388,2,0.0,0.0,0.0,0.0,0.0,2.0,0,0,64,0.0,0,0,0,0,0,0,8688,0.0,0
90410,51,0.0,19.449568485848584,1300.0,700.3529411764705,2441.675378487395,1.0,0,0,1640,354.7843137254903,4,0,0,0,0,0,14480,0.0,0
1890202,21,0.0,696.7485464715083,128.0,46.190476190476176,80250.85162806555,2.0,0,0,436,641.84,4,0,0,0,0,0,16383,0.0,1
25251,37,0.0,719.0793478966202,287.0,32.108108108108105,592.783555387137,1.0,0,0,1192,406.4318181818181,4,0,0,0,0,0,30408,0.0,0
13380,43,0.0,20.774325260080392,1300.0,542.8372093023256,400.4198924178249,1.0,0,0,1384,276.88372093023247,4,0,0,0,0,0,14480,0.0,0
78256,39,0.0,722.6870652541902,287.0,30.461538461538467,6223.129602279603,1.0,0,0,1256,399.73333333333335,4,0,0,0,0,0,30408,0.0,0
383,2,0.0,0.0,0.0,0.0,0.0,2.0,0,0,64,0.0,0,0,0,0,0,0,20272,0.0,0
21324,51,0.0,19.449568485848584,1300.0,720.9019607843139,616.1696022537112,1.0,0,0,1640,365.05882352941165,4,0,0,0,0,0,14480,0.0,0
1215269,743,0.0,17.640316888998615,1448.0,1411.9650067294754,5022.753856958288,1.0,0,0,23784,950.6920289855078,4,0,0,0,0,0,7240,0.0,0
341,2,0.0,0.0,0.0,0.0,0.0,2.0,0,0,64,0.0,0,0,0,0,0,0,10136,0.0,0
332,2,0.0,0.0,0.0,0.0,0.0,3.0,0,0,64,0.0,0,0,0,0,0,0,14480,0.0,0
997,2,45.0,0.0,61.0,61.0,0.0,6.0,0,0,16,51.4,0,0,0,0,0,0,0,0.0,0
1006344,15,0.0,116.7156607081734,1448.0,614.9333333333334,301219.01120356686,1.0,0,0,488,363.28571428571433,4,0,0,0,0,0,8688,0.0,0
327,2,0.0,0.0,0.0,0.0,0.0,2.0,0,0,64,0.0,0,0,0,0,0,0,14480,0.0,0
446,2,0.0,0.0,0.0,0.0,0.0,3.0,0,0,64,0.0,0,0,0,0,0,0,14480,0.0,0
1028957,5,0.0,30.983866769659336,0.0,0.0,125747.63882793188,7.0,0,0,116,9.999999999999998,4,0,0,0,0,0,16383,0.0,1
1008261,15,0.0,116.7156607081734,1448.0,614.9333333333334,301290.7812280356,1.0,0,0,488,363.28571428571433,4,0,0,0,0,0,8688,0.0,0
336,2,0.0,0.0,0.0,0.0,0.0,28.0,0,0,64,0.0,0,0,0,0,0,0,20272,0.0,0
1092,2,45.0,0.0,61.0,61.0,0.0,8.0,0,0,16,51.4,0,0,0,0,0,0,0,0.0,0
570905,9,0.0,0.0,1448.0,910.2222222222222,169038.84998514396,2.0,0,0,296,512.0,4,0,0,0,0,0,5792,0.0,0
70630,70,0.0,17.413875622106488,1300.0,786.7714285714286,2020.4080870017733,2.0,0,0,2248,394.0425531914893,4,0,0,0,0,0,14480,0.0,0
1325,2,38.0,0.0,54.0,54.0,0.0,3.0,0,0,16,44.4,0,0,0,0,0,0,0,0.0,0
362,2,0.0,0.0,0.0,0.0,0.0,3.0,0,0,64,0.0,0,0,0,0,0,0,14480,0.0,0
115,2,0.0,0.0,0.0,0.0,0.0,2.0,0,0,64,0.0,0,0,0,0,0,0,14480,0.0,0
2715,9,0.0,0.0,1448.0,910.2222222222222,849.1910856809556,2.0,0,0,296,512.0,4,0,0,0,0,0,5792,0.0,0
320,2,0.0,0.0,0.0,0.0,0.0,2.0,0,0,64,0.0,0,0,0,0,0,0,34752,0.0,0
218401,5,0.0,99.05385740427612,1410.0,564.0,44886.44605854496,5.0,0,0,116,248.15384615384613,4,0,0,0,0,0,16383,0.0,1
318,2,0.0,0.0,0.0,0.0,0.0,3.0,0,0,64,0.0,0,0,0,0,0,0,10136,0.0,0
346263,35,0.0,716.9433256854393,287.0,33.94285714285714,28415.82769719785,2.0,0,0,1128,414.2093023255814,4,0,0,0,0,0,30408,0.0,0
337,2,0.0,0.0,0.0,0.0,0.0,6.0,0,0,64,0.0,0,0,0,0,0,0,14480,0.0,0
1004236,15,0.0,122.41532220727564,1448.0,614.9333333333334,333012.52937143535,2.0,0,0,488,391.2307692307692,4,0,0,0,0,0,8688,0.0,0
459,2,0.0,0.0,0.0,0.0,0.0,2.0,0,0,64,0.0,0,0,0,0,0,0,34752,0.0,0
34798,2,0.0,0.0,0.0,0.0,21009.5566826147,5.0,0,0,40,0.0,0,0,0,0,0,0,16383,0.0,1
355,2,0.0,0.0,0.0,0.0,0.0,1.0,0,0,64,0.0,0,0,0,0,0,0,30408,0.0,0
54383,41,0.0,20.70123246671622,1300.0,574.829268292683,2074.506119785054,1.0,0,0,1320,292.95121951219505,4,0,0,0,0,0,14480,0.0,0
13291,43,0.0,20.774325260080392,1300.0,581.0232558139534,467.91157180004666,0.0,0,0,1384,295.9767441860465,4,0,0,0,0,0,14480,0.0,0
363,2,0.0,0.0,0.0,0.0,0.0,3.0,0,0,64,0.0,0,0,0,0,0,0,30408,0.0,0
61487,83,0.0,16.089412389826855,1300.0,894.8433734939762,1147.4049621746622,1.0,0,0,2664,444.9880952380954,4,0,0,0,0,0,14480,0.0,0
825588,5,0.0,89.78280671126505,360.0,144.0,155684.16995881972,6.0,0,0,116,83.69230769230768,4,0,0,0,0,0,16383,0.0,1
356,2,0.0,0.0,0.0,0.0,0.0,4.0,0,0,64,0.0,0,0,0,0,0,0,8688,0.0,0
990,2,45.0,0.0,61.0,61.0,0.0,8.0,0,0,16,51.4,0,0,0,0,0,0,0,0.0,0
634082,31,0.0,80.15747368920316,1460.0,1165.6129032258063,47114.75478711526,2.0,0,0,636,769.591836734694,4,0,0,0,0,0,16383,0.0,1
317,2,0.0,0.0,0.0,0.0,0.0,2.0,0,0,64,0.0,0,0,0,0,0,0,14480,0.0,0
305,2,0.0,0.0,0.0,0.0,0.0,2.0,0,0,64,0.0,0,0,0,0,0,0,10136,0.0,0
317,2,0.0,0.0,0.0,0.0,0.0,2.0,0,0,64,0.0,0,0,0,0,0,0,14480,0.0,0
388,2,0.0,0.0,0.0,0.0,0.0,1.0,0,0,64,0.0,0,0,0,0,0,0,14480,0.0,0
367,2,0.0,0.0,0.0,0.0,0.0,2.0,0,0,64,0.0,0,0,0,0,0,0,47784,0.0,0
356,2,0.0,0.0,0.0,0.0,0.0,1.0,0,0,64,0.0,0,0,0,0,0,0,47784,0.0,0
233591,5,0.0,83.43945623709959,488.0,195.2,46886.4832021625,3.0,0,0,116,101.3846153846154,4,0,0,0,0,0,16383,0.0,1
10294,57,0.0,119.24175012846632,848.0,87.47368421052629,310.3801408288417,1.0,0,0,1832,65.65811965811966,4,0,0,0,0,0,24616,0.0,0
449,2,0.0,0.0,0.0,0.0,0.0,3.0,0,0,64,0.0,0,0,0,0,0,0,30408,0.0,0
339,2,0.0,0.0,0.0,0.0,0.0,2.0,0,0,64,0.0,0,0,0,0,0,0,30408,0.0,0
1176601,15,0.0,116.7156607081734,1448.0,614.9333333333334,298471.90920151933,4.0,0,0,488,363.28571428571433,4,0,0,0,0,0,8688,0.0,0
524501,7,0.0,16.525462447112005,45.0,18.28571428571429,51717.05535120885,2.0,0,0,156,17.8,4,0,0,0,0,0,16383,0.0,0
2050690,5,0.0,106.8943403553247,0.0,0.0,674465.3899643036,2.0,0,0,116,34.5,4,0,0,0,414,0,16383,0.0,1
334,2,0.0,0.0,0.0,0.0,0.0,2.0,0,0,64,0.0,0,0,0,0,0,0,8688,0.0,0
715815,416,0.0,27.81330476406921,1448.0,1208.591346153846,25638.14071341647,1.0,0,0,13320,798.7606973058636,4,0,0,0,0,0,34752,0.0,0
31806,123,0.0,27.076998828271545,1448.0,66.61788617886177,448.94746283278056,1.0,0,0,3944,39.60655737704918,4,0,0,0,0,0,47784,0.0,0
353,2,0.0,0.0,0.0,0.0,0.0,2.0,0,0,64,0.0,0,0,0,0,0,0,14480,0.0,0
174,2,0.0,0.0,0.0,0.0,0.0,6.0,0,0,64,0.0,0,0,0,0,0,0,5792,0.0,0
803739,11,0.0,522.904239636671,0.0,0.0,46864.158681337394,1.0,0,0,236,1010.3466666666671,4,0,0,0,0,0,16383,0.0,1
1057,2,37.0,0.0,53.0,53.0,0.0,8.0,0,0,16,43.4,0,0,0,0,0,0,0,0.0,0
6101,2,0.0,0.0,0.0,0.0,0.0,2.0,0,0,64,0.0,0,0,0,0,0,0,14480,0.0,0
156788,21,0.0,80.76372296624533,1045.0,145.52380952380955,13211.549683550968,1.0,0,0,680,91.04761904761908,4,0,0,0,0,0,13032,0.0,0
14440,37,0.0,21.474606635715823,1300.0,443.78378378378375,487.55460284598126,1.0,0,0,1192,228.02702702702703,4,0,0,0,0,0,14480,0.0,0
306416,11,0.0,702.4634547527422,55.0,22.545454545454547,37579.294975786775,3.0,0,0,236,522.6249999999999,4,0,0,0,0,0,16383,0.0,1
11147,39,0.0,21.08021663617728,1300.0,482.4102564102564,380.9511921635248,1.0,0,0,1256,247.025641025641,4,0,0,0,0,0,14480,0.0,0
368,2,0.0,0.0,0.0,0.0,0.0,5.0,0,0,64,0.0,0,0,0,0,0,0,14480,0.0,0
333,2,0.0,0.0,0.0,0.0,0.0,5.0,0,0,64,0.0,0,0,0,0,0,0,5792,0.0,0
350,2,0.0,0.0,0.0,0.0,0.0,1.0,0,0,64,0.0,0,0,0,0,0,0,7240,0.0,0
1021,2,45.0,0.0,61.0,61.0,0.0,8.0,0,0,16,51.4,0,0,0,0,0,0,0,0.0,0
331,2,0.0,0.0,0.0,0.0,0.0,2.0,0,0,64,0.0,0,0,0,0,0,0,5792,0.0,0
12498,39,0.0,21.523615004105377,1300.0,540.4102564102565,485.79567869778487,1.0,0,0,1256,276.2307692307692,4,0,0,0,0,0,14480,0.0,0
374877,11,0.0,182.00536360490145,1460.0,1015.8181818181818,103122.65874465546,2.0,0,0,236,627.3684210526314,4,0,0,0,0,0,16383,0.0,1
654505,5,0.0,30.983866769659336,0.0,0.0,40287.834532275374,8.0,0,0,116,9.999999999999998,4,0,0,0,0,0,16383,0.0,1
41020,2,0.0,0.0,0.0,0.0,13053.898287484852,7.0,0,0,40,0.0,0,0,0,0,0,0,16383,0.0,1
137420,19,0.0,208.305456958508,192.0,79.57894736842105,8087.154633502223,2.0,0,0,616,112.21052631578948,4,0,0,0,0,0,14480,0.0,0
1392,2,0.0,0.0,0.0,0.0,0.0,2.0,0,0,64,0.0,0,0,0,0,0,0,14480,0.0,0
239,2,0.0,0.0,0.0,0.0,0.0,4.0,0,0,64,0.0,0,0,0,0,0,0,14480,0.0,0
324,2,0.0,0.0,0.0,0.0,0.0,4.0,0,0,64,0.0,0,0,0,0,0,0,65160,0.0,0
306,2,0.0,0.0,0.0,0.0,0.0,2.0,0,0,64,0.0,0,0,0,0,0,0,34752,0.0,0
5869307,51,0.0,6.658307684726639,54.0,18.15686274509805,220588.71108340693,1.0,0,0,1640,11.254901960784316,4,0,0,0,0,0,20272,0.0,0
34130,4,88.0,18.475208614068023,72.0,48.0,10942.8083385086,2.0,0,0,32,77.33333333333333,0,0,0,0,0,0,0,0.0,0
16433,47,0.0,19.65548687392932,1300.0,620.7659574468084,534.0706030956104,0.0,0,0,1512,315.21276595744695,4,0,0,0,0,0,14480,0.0,0
225573,5,0.0,177.1258632401588,821.0,328.4,44487.73406681891,9.0,0,0,116,182.15384615384613,4,0,0,0,0,0,16383,0.0,1
117,2,0.0,0.0,0.0,0.0,0.0,3.0,0,0,64,0.0,0,0,0,0,0,0,20272,0.0,0
327,2,0.0,0.0,0.0,0.0,0.0,4.0,0,0,64,0.0,0,0,0,0,0,0,20272,0.0,0
891725,9,0.0,57.98706752371601,34.0,19.33333333333333,134315.82589633393,1.0,0,0,196,24.94736842105263,4,0,0,0,0,0,16383,0.0,1
359,2,0.0,0.0,0.0,0.0,0.0,3.0,0,0,64,0.0,0,0,0,0,0,0,47784,0.0,0
1607609,9,0.0,17.325639318010108,34.0,19.33333333333333,250097.5240153551,4.0,0,0,196,16.3,4,0,0,0,0,0,16383,0.0,1
3,0,24.0,0.0,0.0,0.0,0.0,0.0,0,0,0,24.0,0,0,0,0,0,0,0,0.0,1
1045,2,37.0,0.0,53.0,53.0,0.0,7.0,0,0,16,43.4,0,0,0,0,0,0,0,0.0,0
1054712,57,0.0,119.24175012846632,848.0,87.47368421052629,29497.919986146047,1.0,0,0,1832,65.65811965811966,4,0,0,0,0,0,24616,0.0,0
346,2,0.0,0.0,0.0,0.0,0.0,2.0,0,0,64,0.0,0,0,0,0,0,0,14480,0.0,0
35146,2,0.0,0.0,0.0,0.0,13329.669932147608,4.0,0,0,40,0.0,0,0,0,0,0,0,16383,0.0,1
659484,15,0.0,12.028933373131556,777.0,125.46666666666668,55966.8029552606,2.0,0,0,316,68.38709677419354,4,0,0,0,0,0,16383,0.0,1
506992,7,0.0,106.86105798786438,296.0,84.57142857142857,147277.47239909664,4.0,0,0,156,68.66666666666667,4,0,0,0,0,0,16383,0.0,1
17522,15,0.0,99.13316607162618,277.0,46.66666666666666,2114.5710997498845,1.0,0,0,488,46.66666666666666,4,0,0,0,0,0,10136,0.0,0
376532,27,0.0,207.43592152388047,192.0,55.99999999999999,13927.062479455844,1.0,0,0,872,82.07407407407408,4,0,0,0,0,0,14480,0.0,0
322,2,0.0,0.0,0.0,0.0,0.0,2.0,0,0,64,0.0,0,0,0,0,0,0,14480,0.0,0
349,2,0.0,0.0,0.0,0.0,0.0,4.0,0,0,64,0.0,0,0,0,0,0,0,30408,0.0,0
27219,2,0.0,0.0,0.0,0.0,3309.966842734229,8.0,0,0,40,0.0,0,0,0,0,0,0,16383,0.0,1
77075,53,0.0,19.681667209175394,1300.0,627.0566037735848,2154.31682251351,1.0,0,0,1704,318.1132075471699,4,0,0,0,0,0,14480,0.0,0
1549573,361,0.0,29.12535509641065,1448.0,1206.0110803324098,75329.70913360656,1.0,0,0,11560,785.1546762589925,4,0,0,0,1176,435370,30408,0.0,0
184605,21,0.0,84.16331242230629,381.0,58.19047619047619,13253.339353885109,1.0,0,0,680,50.57142857142857,4,0,0,0,0,0,13032,0.0,0
89378,47,0.0,20.08417070838321,1300.0,665.404255319149,3258.668659332079,2.0,0,0,1512,337.7021276595744,4,0,0,0,0,0,14480,0.0,0
454,2,0.0,0.0,0.0,0.0,0.0,4.0,0,0,64,0.0,0,0,0,0,0,0,5792,0.0,0
1061968,15,0.0,116.7156607081734,1448.0,614.9333333333334,312764.0924138424,2.0,0,0,488,363.28571428571433,4,0,0,0,948,9224,8688,0.0,0
1190,2,45.0,0.0,61.0,61.0,0.0,1.0,0,0,16,51.4,0,0,0,0,0,0,0,0.0,0
322,2,0.0,0.0,0.0,0.0,0.0,3.0,0,0,64,0.0,0,0,0,0,0,0,5792,0.0,0
7,0,56.0,0.0,0.0,0.0,0.0,0.0,0,0,0,56.0,0,0,0,0,0,0,0,0.0,1
347764,3,0.0,44.41020903651172,0.0,0.0,83764.15465579533,7.0,0,0,76,17.2,4,0,0,0,0,0,16383,0.0,1
409039,3,0.0,21.957751641342,0.0,0.0,88168.35867513168,1.0,0,0,76,8.181818181818182,4,0,0,0,0,0,16383,0.0,1
1852377,123,0.0,27.076998828271545,1448.0,72.68292682926833,23844.16560461464,1.0,0,0,3944,42.66393442622954,4,0,0,0,0,0,47784,0.0,0
1297268,34,0.0,6.867580626659121,54.0,16.764705882352946,67755.57990409117,2.0,0,0,1096,9.944444444444445,4,0,0,0,0,0,20272,0.0,0
298201,3,0.0,55.770960185386805,0.0,0.0,58524.33279243771,3.0,0,0,76,21.6,4,0,0,0,0,0,16383,0.0,0
372,2,0.0,0.0,0.0,0.0,0.0,1.0,0,0,64,0.0,0,0,0,0,0,0,8688,0.0,0
105417,63,0.0,17.829381154819387,1300.0,786.7936507936507,2357.8237925281906,1.0,0,0,2024,397.1269841269841,4,0,0,0,0,0,14480,0.0,0
45899,5,0.0,0.0,736.0,294.4,356.5169467687803,2.0,0,0,168,147.2,4,0,0,0,0,0,5792,0.0,0
5006,21,0.0,84.16331242230629,381.0,58.19047619047619,378.38179610775535,1.0,0,0,680,50.57142857142857,4,0,0,0,0,0,13032,0.0,0
324,2,0.0,0.0,0.0,0.0,0.0,2.0,0,0,64,0.0,0,0,0,0,0,0,5792,0.0,0
311,2,0.0,0.0,0.0,0.0,0.0,3.0,0,0,64,0.0,0,0,0,0,0,0,10136,0.0,0
1025505,15,0.0,116.7156607081734,1448.0,614.9333333333334,301792.50600717525,1.0,0,0,488,363.28571428571433,4,0,0,0,948,9224,8688,0.0,0
2041476,431,0.0,90.48178891218105,1460.0,1307.5638051044082,40777.51751920142,1.0,0,0,8636,1122.5566600397626,4,0,0,0,0,0,16383,0.0,1
2275,6,1300.0,0.0,0.0,0.0,578.533418798488,5.0,1,0,192,650.0,0,0,0,0,0,0,31856,0.0,0
337,2,0.0,0.0,0.0,0.0,0.0,1.0,0,0,64,0.0,0,0,0,0,0,0,14480,0.0,0
341,2,0.0,0.0,0.0,0.0,0.0,2.0,0,0,64,0.0,0,0,0,0,0,0,14480,0.0,0
309,2,0.0,0.0,0.0,0.0,0.0,3.0,0,0,64,0.0,0,0,0,0,0,0,14480,0.0,0
1611,4,88.0,13.856406460551018,72.0,48.0,713.6056333858359,2.0,0,0,32,75.55555555555556,0,0,0,0,0,0,0,0.0,0
118,2,0.0,0.0,0.0,0.0,0.0,2.0,0,0,64,0.0,0,0,0,0,0,0,10136,0.0,0
3621,9,0.0,65.29726895769328,776.0,180.88888888888889,352.6548517239546,1.0,0,0,296,103.0,4,0,0,0,0,0,10136,0.0,0
2186021,7,0.0,64.51301086934768,188.0,53.71428571428572,482297.47779446736,6.0,0,0,156,52.875,4,0,0,0,0,0,16383,0.0,1
1638,4,88.0,23.09401076758504,72.0,48.0,725.7299773331677,2.0,0,0,32,79.11111111111111,0,0,0,0,0,0,0,0.0,0
4190,13,0.0,35.452381373177744,458.0,76.30769230769229,359.0184694941313,4.0,0,0,424,39.696969696969695,4,0,0,0,0,0,11584,0.0,0
3016105,31,0.0,600.6743005658751,118.0,29.87096774193548,85016.95008049691,1.0,0,0,636,872.1793103448273,4,0,0,0,0,0,16383,0.0,1
3837,9,0.0,65.29726895769328,776.0,180.88888888888889,395.76743311079946,4.0,0,0,296,103.0,4,0,0,0,0,0,10136,0.0,0
4739536,835,0.0,20.051148114424905,1448.0,1225.3437125748508,160677.6891450819,1.0,0,0,26728,806.4657749803305,4,0,0,0,1856,1023162,59368,0.0,0
162746,3,0.0,126.00105819661462,0.0,0.0,31982.698677566284,7.0,0,0,76,48.8,4,0,0,0,0,0,16383,0.0,1
332586,3,0.0,90.7587067842136,0.0,0.0,66452.13350801212,7.0,0,0,76,33.81818181818181,4,0,0,0,0,0,16383,0.0,1
3,0,56.0,0.0,0.0,0.0,0.0,0.0,0,0,0,56.0,0,0,0,0,0,0,0,0.0,1
15446,43,0.0,20.774325260080392,1300.0,502.4186046511629,462.414371770074,1.0,0,0,1384,256.6744186046512,4,0,0,0,0,0,14480,0.0,0
121,2,0.0,0.0,0.0,0.0,0.0,4.0,0,0,64,0.0,0,0,0,0,0,0,14480,0.0,0
321,2,0.0,0.0,0.0,0.0,0.0,2.0,0,0,64,0.0,0,0,0,0,0,0,20272,0.0,0
987560,67,0.0,60.45933352637094,1448.0,979.910447761194,140413.00783114877,1.0,0,0,2152,603.8363636363636,4,0,0,0,0,0,13032,0.0,0
236517,85,0.0,16.089412389826855,1300.0,922.9411764705884,4471.663620819526,0.0,0,0,2728,464.32941176470615,4,0,0,0,0,0,14480,0.0,0
596785,7,0.0,110.67971810589329,646.0,345.7142857142857,81544.21329637684,8.0,0,0,156,191.76470588235293,4,0,0,0,0,0,16383,0.0,1
118609997,0,29.0,0.0,0.0,0.0,1025768.9790004232,0.0,0,0,0,29.0,0,0,0,0,59,0,0,0.0,1
33420,39,0.0,718.735131594216,287.0,30.461538461538467,1106.776342943469,2.0,0,0,1256,397.1555555555557,4,0,0,0,0,0,30408,0.0,0
27350,2,0.0,0.0,0.0,0.0,9314.71762857039,7.0,0,0,40,0.0,0,0,0,0,0,0,16383,0.0,1
34531,55,0.0,18.865591749571376,1300.0,752.7636363636362,1077.1579764551389,1.0,0,0,1768,380.65454545454537,4,0,0,0,0,0,14480,0.0,0
965,2,37.0,0.0,53.0,53.0,0.0,4.0,0,0,16,43.4,0,0,0,0,0,0,0,0.0,0
63414,2,0.0,0.0,0.0,0.0,33212.09840555095,7.0,0,0,40,0.0,0,0,0,0,0,0,16383,0.0,1
333,2,0.0,0.0,0.0,0.0,0.0,1.0,0,0,64,0.0,0,0,0,0,0,0,5792,0.0,0
28573,37,0.0,21.474606635715823,1300.0,468.1081081081081,1530.4697142441232,1.0,0,0,1192,240.1891891891892,4,0,0,0,0,0,14480,0.0,0
309459,3,0.0,545.8324529254986,0.0,0.0,54304.61481955286,7.0,0,0,76,211.4,4,0,0,0,0,0,16383,0.0,1
97609,2,0.0,0.0,0.0,0.0,17334.015634007024,7.0,0,0,40,0.0,0,0,0,0,0,0,16383,0.0,1
26080,43,0.0,20.701232466716213,1300.0,543.9069767441861,1436.4505559642816,1.0,0,0,1384,283.8333333333333,4,0,0,0,0,0,14480,0.0,0
330,2,0.0,0.0,0.0,0.0,0.0,5.0,0,0,64,0.0,0,0,0,0,0,0,5792,0.0,0
59794,2,0.0,0.0,0.0,0.0,41726.37115781817,6.0,0,0,40,0.0,0,0,0,0,0,0,16383,0.0,0
2406115,9,0.0,56.65725412023111,34.0,19.33333333333333,529420.9210833568,2.0,0,0,196,25.9,4,0,0,0,344,174,16383,0.0,1
316,2,0.0,0.0,0.0,0.0,0.0,5.0,0,0,64,0.0,0,0,0,0,0,0,14480,0.0,0
334,2,0.0,0.0,0.0,0.0,0.0,2.0,0,0,64,0.0,0,0,0,0,0,0,14480,0.0,0
35354,43,0.0,20.774325260080392,1300.0,604.7441860465116,1399.851948617703,1.0,0,0,1384,307.83720930232573,4,0,0,0,0,0,14480,0.0,0
354,2,0.0,0.0,0.0,0.0,0.0,2.0,0,0,64,0.0,0,0,0,0,0,0,14480,0.0,0
1256375,15,0.0,116.7156607081734,1448.0,614.9333333333334,298440.9840183117,1.0,0,0,488,363.28571428571433,4,0,0,0,0,0,8688,0.0,0
53193,2,0.0,0.0,0.0,0.0,24323.05905925486,7.0,0,0,40,0.0,0,0,0,0,0,0,16383,0.0,1
2266945,51,0.0,6.658307684726639,54.0,18.15686274509805,70290.02165152683,1.0,0,0,1640,11.254901960784316,4,0,0,0,0,0,20272,0.0,0
3,0,24.0,0.0,0.0,0.0,0.0,0.0,0,0,0,24.0,0,0,0,0,0,0,0,0.0,1
3545,7,0.0,158.53411830475693,146.0,41.71428571428572,317.603841286594,4.0,0,0,232,64.71428571428572,4,0,0,0,0,0,7240,0.0,0
8060,4,114.0,0.0,52.0,50.0,4036.544685742994,5.0,0,0,32,85.55555555555556,0,0,0,0,0,0,0,0.0,0
66890,5,0.0,0.0,767.0,306.8,830.2302893374424,1.0,0,0,168,153.4,4,0,0,0,0,0,5792,0.0,0
1081,2,45.0,0.0,61.0,61.0,0.0,7.0,0,0,16,51.4,0,0,0,0,0,0,0,0.0,0
1066832,7,0.0,92.71050693011064,378.0,108.0,225175.6492243333,2.0,0,0,156,75.73333333333333,4,0,0,0,0,0,16383,0.0,1
30512,59,0.0,18.32713418813508,1300.0,746.7118644067797,796.1434936027645,1.0,0,0,1896,377.3389830508474,4,0,0,0,0,0,14480,0.0,0
6120,15,0.0,233.12314342424264,192.0,100.8,524.5669234166953,3.0,0,0,488,137.0,4,0,0,0,0,0,14480,0.0,0
481,2,0.0,0.0,0.0,0.0,0.0,1.0,0,0,64,0.0,0,0,0,0,0,0,14480,0.0,0
75480,57,0.0,18.83709254785309,1300.0,710.2456140350877,2072.9817778089173,0.0,0,0,1832,353.1896551724137,4,0,0,0,0,0,14480,0.0,0
1834698,5,0.0,29.76495222493026,0.0,0.0,515572.86238684703,1.0,0,0,116,9.384615384615383,4,0,0,0,122,0,16383,0.0,1
234114,4,114.0,0.0,48.0,48.0,126984.4389403678,2.0,0,0,32,84.66666666666667,0,0,0,0,0,0,0,0.0,0
1863618,19,0.0,7.246703104333235,1460.0,243.7894736842105,172884.13851776332,7.0,0,0,396,128.64864864864865,4,0,0,0,0,0,16383,0.0,1
327,2,0.0,0.0,0.0,0.0,0.0,2.0,0,0,64,0.0,0,0,0,0,0,0,14480,0.0,0
311,2,0.0,0.0,0.0,0.0,0.0,2.0,0,0,64,0.0,0,0,0,0,0,0,14480,0.0,0
339,2,0.0,0.0,0.0,0.0,0.0,4.0,0,0,64,0.0,0,0,0,0,0,0,8688,0.0,0
316,2,0.0,0.0,0.0,0.0,0.0,4.0,0,0,64,0.0,0,0,0,0,0,0,14480,0.0,0
314,2,0.0,0.0,0.0,0.0,0.0,5.0,0,0,64,0.0,0,0,0,0,0,0,14480,0.0,0
322,2,0.0,0.0,0.0,0.0,0.0,2.0,0,0,64,0.0,0,0,0,0,0,0,10136,0.0,0
756044,5,0.0,139.94379824296135,0.0,0.0,148646.77315939288,9.0,0,0,116,45.16666666666666,4,0,0,0,0,0,16383,0.0,1
394742,99,0.0,230.3280120331605,864.0,120.4646464646464,16937.01932076391,1.0,0,0,3176,107.76649746192894,4,0,0,0,0,0,36200,0.0,0
26483,65,0.0,18.08596645301772,1300.0,783.3538461538462,546.2057224565115,1.0,0,0,2088,395.4153846153846,4,0,0,0,0,0,14480,0.0,0
397,2,0.0,0.0,0.0,0.0,0.0,3.0,0,0,64,0.0,0,0,0,0,0,0,10136,0.0,0
321,2,0.0,0.0,0.0,0.0,0.0,5.0,0,0,64,0.0,0,0,0,0,0,0,14480,0.0,0
34135,45,0.0,19.65548687392932,1300.0,641.1111111111111,1437.8028123747454,1.0,0,0,1448,318.52173913043475,4,0,0,0,0,0,14480,0.0,0
347,2,0.0,0.0,0.0,0.0,0.0,3.0,0,0,64,0.0,0,0,0,0,0,0,8688,0.0,0
499380,3,0.0,68.68090467274486,0.0,0.0,143460.3409169238,13.0,0,0,76,26.6,4,0,0,0,0,0,16383,0.0,1
45433,63,0.0,18.08596645301772,1300.0,856.031746031746,1071.019603360933,0.0,0,0,2024,425.1250000000001,4,0,0,0,0,0,14480,0.0,0
365,2,0.0,0.0,0.0,0.0,0.0,4.0,0,0,64,0.0,0,0,0,0,0,0,8688,0.0,0
7491,33,0.0,22.3064253725967,1300.0,345.69696969696963,338.3537787137783,0.0,0,0,1064,179.72727272727272,4,0,0,0,0,0,14480,0.0,0
14335,39,0.0,21.08021663617728,1300.0,489.7948717948718,585.5426950682142,0.0,0,0,1256,250.7179487179487,4,0,0,0,0,0,14480,0.0,0
350,2,0.0,0.0,0.0,0.0,0.0,2.0,0,0,64,0.0,0,0,0,0,0,0,30408,0.0,0
834765,5,0.0,0.0,171.0,68.4,314852.8318167077,7.0,0,0,116,31.090909090909093,4,0,0,0,0,0,16383,0.0,1
1139403,15,0.0,116.7156607081734,1448.0,614.9333333333334,299465.26005191926,1.0,0,0,488,363.28571428571433,4,0,0,0,0,0,8688,0.0,0
317318,2,0.0,192.6163717513822,0.0,0.0,121948.9450110168,2.0,0,0,40,82.88888888888889,4,0,0,0,0,0,23765,0.0,0
1046,2,45.0,0.0,61.0,61.0,0.0,8.0,0,0,16,51.4,0,0,0,0,0,0,0,0.0,0
62804,2,0.0,0.0,0.0,0.0,28290.63520849258,8.0,0,0,40,0.0,0,0,0,0,0,0,16383,0.0,1
341,2,0.0,0.0,0.0,0.0,0.0,3.0,0,0,64,0.0,0,0,0,0,0,0,8688,0.0,0
380,2,0.0,0.0,0.0,0.0,0.0,3.0,0,0,64,0.0,0,0,0,0,0,0,8688,0.0,0
1176,2,45.0,0.0,61.0,61.0,0.0,8.0,0,0,16,51.4,0,0,0,0,0,0,0,0.0,0
10,0,525.0,0.0,0.0,0.0,0.0,0.0,0,0,0,525.0,0,0,0,0,0,0,0,0.0,1
2123919,19,0.0,15.066519173319364,104.0,37.47368421052632,141862.34386786443,4.0,0,0,396,23.512195121951223,4,0,0,0,0,0,16383,0.0,1
1082,2,45.0,0.0,61.0,61.0,0.0,10.0,0,0,16,51.4,0,0,0,0,0,0,0,0.0,0
761464,5,0.0,80.60840083833871,136.0,54.4,121950.16311416493,7.0,0,0,116,62.28571428571429,4,0,0,0,0,0,16383,0.0,1
1043,2,45.0,0.0,61.0,61.0,0.0,7.0,0,0,16,51.4,0,0,0,0,0,0,0,0.0,0
543345,7,0.0,17.835103282316847,45.0,18.28571428571429,52932.0423180859,3.0,0,0,156,18.700000000000003,4,0,0,0,0,0,16383,0.0,0
313,2,0.0,0.0,0.0,0.0,0.0,2.0,0,0,64,0.0,0,0,0,0,0,0,14480,0.0,0
355,2,0.0,0.0,0.0,0.0,0.0,5.0,0,0,64,0.0,0,0,0,0,0,0,8688,0.0,0
343,2,0.0,0.0,0.0,0.0,0.0,2.0,0,0,64,0.0,0,0,0,0,0,0,14480,0.0,0
1845615,15,0.0,12.738393409950357,1283.0,192.9333333333333,181113.60134815023,3.0,0,0,316,101.3548387096774,4,0,0,0,0,0,16383,0.0,1
4206960,51,0.0,6.658307684726639,54.0,18.11764705882352,151957.79816949874,1.0,0,0,1640,11.235294117647058,4,0,0,0,0,0,20272,0.0,0
1500951,5,0.0,30.983866769659336,0.0,0.0,155877.74238870665,3.0,0,0,116,9.999999999999998,4,0,0,0,0,0,16383,0.0,1
2040879,19,0.0,683.454468268427,115.0,39.6842105263158,91155.8143958296,2.0,0,0,396,660.6197183098591,4,0,0,0,0,0,16383,0.0,1
326,2,0.0,0.0,0.0,0.0,0.0,4.0,0,0,64,0.0,0,0,0,0,0,0,14480,0.0,0
519886,5,0.0,80.55805360111427,0.0,0.0,47915.70218623536,6.0,0,0,116,26.0,4,0,0,0,0,0,16383,0.0,1
355,2,0.0,0.0,0.0,0.0,0.0,3.0,0,0,64,0.0,0,0,0,0,0,0,14480,0.0,0
311,2,0.0,0.0,0.0,0.0,0.0,2.0,0,0,64,0.0,0,0,0,0,0,0,14480,0.0,0
19414,43,0.0,20.774325260080392,1300.0,603.4418604651162,739.0642320017862,0.0,0,0,1384,307.1860465116279,4,0,0,0,0,0,14480,0.0,0
990,2,37.0,0.0,53.0,53.0,0.0,5.0,0,0,16,43.4,0,0,0,0,0,0,0,0.0,0
31799,123,0.0,27.08374294023374,1448.0,72.48780487804878,453.8617514056189,1.0,0,0,3944,42.53278688524589,4,0,0,0,0,0,47784,0.0,0
326,2,0.0,0.0,0.0,0.0,0.0,3.0,0,0,64,0.0,0,0,0,0,0,0,14480,0.0,0
1,0,24.0,0.0,0.0,0.0,0.0,0.0,0,0,0,24.0,0,0,0,0,0,0,0,0.0,1
301047,5,0.0,84.90330634652238,420.0,168.0,58171.19280680659,8.0,0,0,116,91.3846153846154,4,0,0,0,0,0,16383,0.0,1
308,2,0.0,0.0,0.0,0.0,0.0,2.0,0,0,64,0.0,0,0,0,0,0,0,14480,0.0,0
7657726,1087,0.0,17.846908341765644,1448.0,1236.0423183072664,175250.6703134446,1.0,0,0,34792,814.6125907990312,4,0,0,0,1081,671789,65160,0.0,0
15034,2,0.0,0.0,0.0,0.0,4045.3578951682384,9.0,0,0,40,0.0,0,0,0,0,0,0,16383,0.0,1
69422,2,0.0,0.0,0.0,0.0,26051.93513925597,8.0,0,0,40,0.0,0,0,0,0,0,0,16383,0.0,1
1009673,5,0.0,30.983866769659336,0.0,0.0,95627.64971074004,1.0,0,0,116,9.999999999999998,4,0,0,0,0,0,16383,0.0,1
898335,435,0.0,27.461719459994857,1448.0,1207.8896551724142,34522.40045086414,1.0,0,0,13928,802.9115853658542,4,0,0,0,0,0,34752,0.0,0
316,2,0.0,0.0,0.0,0.0,0.0,4.0,0,0,64,0.0,0,0,0,0,0,0,14480,0.0,0
541706,7,0.0,102.95745769607026,499.0,142.57142857142856,148548.95872999806,2.0,0,0,156,94.66666666666669,4,0,0,0,0,0,16383,0.0,1
1022,2,45.0,0.0,61.0,61.0,0.0,9.0,0,0,16,51.4,0,0,0,0,0,0,0,0.0,0
11239702,855,0.0,19.85554977461812,1448.0,1228.261988304093,327787.1946515122,1.0,0,0,27368,809.246153846154,4,0,0,0,928,525082,59368,3756594.0,0
322,2,0.0,0.0,0.0,0.0,0.0,2.0,0,0,64,0.0,0,0,0,0,0,0,14480,0.0,0
26275,39,0.0,721.4199648708689,287.0,30.461538461538467,642.393222816904,1.0,0,0,1256,398.9555555555556,4,0,0,0,0,0,30408,0.0,0
146,2,0.0,0.0,0.0,0.0,0.0,7.0,0,0,64,0.0,0,0,0,0,0,0,5792,0.0,0
4254738,85,0.0,5.469678136543219,1460.0,1064.0,226849.96314536585,1.0,0,0,1716,801.2920353982298,4,0,0,0,0,0,16383,0.0,1
1044,2,45.0,0.0,61.0,61.0,0.0,8.0,0,0,16,51.4,0,0,0,0,0,0,0,0.0,0
26545,41,0.0,20.70123246671622,1300.0,565.219512195122,948.3800870292902,1.0,0,0,1320,288.1463414634147,4,0,0,0,0,0,14480,0.0,0
401,2,0.0,0.0,0.0,0.0,0.0,3.0,0,0,64,0.0,0,0,0,0,0,0,14480,0.0,0
806667,19,0.0,725.6623732011187,126.0,50.94736842105263,42145.00303679463,2.0,0,0,396,532.9122807017544,4,0,0,0,0,0,16383,0.0,1
27325,55,0.0,18.865591749571376,1300.0,761.4909090909091,775.4685118799289,0.0,0,0,1768,385.0181818181818,4,0,0,0,0,0,14480,0.0,0
82869,2,0.0,0.0,0.0,0.0,37953.95648018794,7.0,0,0,40,0.0,0,0,0,0,0,0,16383,0.0,1
20082,45,0.0,19.989267733569253,1300.0,619.5555555555555,735.0145515016409,0.0,0,0,1448,314.82222222222214,4,0,0,0,0,0,14480,0.0,0
17741,15,0.0,99.13316607162618,277.0,46.66666666666666,2150.418000511314,1.0,0,0,488,46.66666666666666,4,0,0,0,0,0,10136,0.0,0
398111,3,0.0,262.3300719831157,0.0,0.0,62163.38640469968,10.0,0,0,76,101.6,4,0,0,0,0,0,16383,0.0,1
557472,3,0.0,91.7346068571621,0.0,0.0,106550.79858296074,6.0,0,0,76,34.18181818181818,4,0,0,0,0,0,16383,0.0,1
366,2,0.0,0.0,0.0,0.0,0.0,5.0,0,0,64,0.0,0,0,0,0,0,0,10136,0.0,0
339,2,0.0,0.0,0.0,0.0,0.0,5.0,0,0,64,0.0,0,0,0,0,0,0,14480,0.0,0
339,2,0.0,0.0,0.0,0.0,0.0,4.0,0,0,64,0.0,0,0,0,0,0,0,14480,0.0,0
4274,15,0.0,209.84756372185976,192.0,100.8,317.1849092669238,2.0,0,0,488,132.49999999999997,4,0,0,0,0,0,14480,0.0,0
22043,51,0.0,6.658307684726639,54.0,18.11764705882352,904.5483801924825,0.0,0,0,1640,11.235294117647058,4,0,0,0,0,0,20272,0.0,0
284220,7,0.0,5.855400437691199,1039.0,300.2857142857143,52256.31816217697,7.0,0,0,156,141.73333333333335,4,0,0,0,0,0,16383,0.0,1
327,2,0.0,0.0,0.0,0.0,0.0,5.0,0,0,64,0.0,0,0,0,0,0,0,20272,0.0,0
69395,2,0.0,0.0,0.0,0.0,25119.968401652102,7.0,0,0,40,0.0,0,0,0,0,0,0,16383,0.0,1
328,2,0.0,0.0,0.0,0.0,0.0,3.0,0,0,64,0.0,0,0,0,0,0,0,10136,0.0,0
152482,41,0.0,20.70123246671622,1300.0,537.0731707317075,5524.446943209799,1.0,0,0,1320,274.07317073170736,4,0,0,0,0,0,14480,0.0,0
315,2,0.0,0.0,0.0,0.0,0.0,2.0,0,0,64,0.0,0,0,0,0,0,0,10136,0.0,0
201309,2,0.0,0.0,0.0,0.0,76513.19636507156,4.0,0,0,40,0.0,0,0,0,0,0,0,16383,0.0,1
378,2,0.0,0.0,0.0,0.0,0.0,1.0,0,0,64,0.0,0,0,0,0,0,0,10136,0.0,0
322,2,0.0,0.0,0.0,0.0,0.0,2.0,0,0,64,0.0,0,0,0,0,0,0,7240,0.0,0
116733,13,0.0,35.452381373177744,458.0,76.30769230769229,13960.257103017586,1.0,0,0,424,39.696969696969695,4,0,0,0,0,0,11584,0.0,0
4678,13,0.0,35.452381373177744,458.0,76.30769230769229,441.017006474807,2.0,0,0,424,39.696969696969695,4,0,0,0,0,0,11584,0.0,0
387,2,0.0,0.0,0.0,0.0,0.0,3.0,0,0,64,0.0,0,0,0,0,0,0,14480,0.0,0
344,2,0.0,0.0,0.0,0.0,0.0,2.0,0,0,64,0.0,0,0,0,0,0,0,47784,0.0,0
43260,2,0.0,0.0,0.0,0.0,20339.92656083104,2.0,0,0,40,0.0,0,0,0,0,0,0,16383,0.0,1
51885,47,0.0,20.08417070838321,1300.0,665.404255319149,2092.842685695871,1.0,0,0,1512,337.7021276595744,4,0,0,0,0,0,14480,0.0,0
962890,5,0.0,117.59595879029824,0.0,0.0,220288.76974068984,2.0,0,0,116,37.07692307692308,4,0,0,0,0,0,16383,0.0,1
1226196,5,0.0,29.277002188455995,0.0,0.0,292738.0124170188,2.0,0,0,116,9.23076923076923,4,0,0,0,0,0,16383,0.0,1
13232,15,0.0,99.13316607162618,277.0,46.66666666666666,1925.636275131564,1.0,0,0,488,46.66666666666666,4,0,0,0,0,0,10136,0.0,0
365,2,0.0,0.0,0.0,0.0,0.0,2.0,0,0,64,0.0,0,0,0,0,0,0,10136,0.0,0
1013432,15,0.0,122.41532220727564,1448.0,614.9333333333334,333125.22491328657,2.0,0,0,488,391.2307692307692,4,0,0,0,948,9224,8688,0.0,0
1091,2,37.0,0.0,53.0,53.0,0.0,8.0,0,0,16,43.4,0,0,0,0,0,0,0,0.0,0
76329,47,0.0,19.65548687392932,1300.0,625.1914893617022,2554.258059465298,1.0,0,0,1512,317.42553191489355,4,0,0,0,0,0,14480,0.0,0
640018,5,0.0,30.983866769659336,0.0,0.0,34270.606526584845,2.0,0,0,116,9.999999999999998,4,0,0,0,0,0,16383,0.0,1
1423898,11,0.0,539.986195109737,1460.0,486.3636363636364,191598.84469498903,2.0,0,0,236,425.41666666666674,4,0,0,0,0,0,16383,0.0,1
1039,2,45.0,0.0,61.0,61.0,0.0,7.0,0,0,16,51.4,0,0,0,0,0,0,0,0.0,0
316,2,0.0,0.0,0.0,0.0,0.0,2.0,0,0,64,0.0,0,0,0,0,0,0,14480,0.0,0
128,2,0.0,0.0,0.0,0.0,0.0,3.0,0,0,64,0.0,0,0,0,0,0,0,28960,0.0,0
740293,7,0.0,96.12615718543051,513.0,146.57142857142858,201702.80020069133,5.0,0,0,156,94.66666666666669,4,0,0,0,0,0,16383,0.0,1
2195269,51,0.0,6.658307684726639,54.0,18.11764705882353,92847.86528410132,1.0,0,0,1640,11.23529411764706,4,0,0,0,0,0,20272,0.0,0
571884,5,0.0,0.0,711.0,284.4,333.1311053224141,1.0,0,0,168,142.2,4,0,0,0,0,0,5792,0.0,0
354,2,0.0,0.0,0.0,0.0,0.0,2.0,0,0,64,0.0,0,0,0,0,0,0,14480,0.0,0
2466474,743,0.0,18.47827157702741,1448.0,1411.9650067294754,10365.57382249861,1.0,0,0,23784,979.0708955223874,4,0,0,0,0,0,7240,0.0,0
313,2,0.0,0.0,0.0,0.0,0.0,3.0,0,0,64,0.0,0,0,0,0,0,0,10136,0.0,0
1012564,15,0.0,116.7156607081734,1448.0,614.9333333333334,301037.6491982659,2.0,0,0,488,363.28571428571433,4,0,0,0,0,0,8688,0.0,0
31516,41,0.0,20.70123246671622,1300.0,519.7073170731707,1744.2875560734258,1.0,0,0,1320,265.3902439024389,4,0,0,0,0,0,14480,0.0,0
25506,45,0.0,20.337683508684545,1300.0,537.4222222222222,965.5922389659206,1.0,0,0,1448,279.97727272727275,4,0,0,0,0,0,14480,0.0,0
131,2,0.0,0.0,0.0,0.0,0.0,4.0,0,0,64,0.0,0,0,0,0,0,0,14480,0.0,0
340,2,0.0,0.0,0.0,0.0,0.0,2.0,0,0,64,0.0,0,0,0,0,0,0,13032,0.0,0
348,2,0.0,0.0,0.0,0.0,0.0,2.0,0,0,64,0.0,0,0,0,0,0,0,14480,0.0,0
1794,4,88.0,20.784609690826528,72.0,48.0,793.8572499721428,3.0,0,0,32,78.22222222222223,0,0,0,0,0,0,0,0.0,0
823931,27,0.0,206.41860381273776,192.0,55.99999999999999,32521.739677893413,1.0,0,0,872,81.92592592592592,4,0,0,0,0,0,14480,0.0,0
183112,2,0.0,0.0,0.0,0.0,0.0,9.0,0,0,40,0.0,0,0,0,0,0,0,16383,0.0,0
331,2,0.0,0.0,0.0,0.0,0.0,3.0,0,0,64,0.0,0,0,0,0,0,0,14480,0.0,0
785595,11,0.0,557.1361418176715,0.0,0.0,42548.88010939461,1.0,0,0,236,966.6470588235298,4,0,0,0,0,0,16383,0.0,1
50088,2,0.0,0.0,0.0,0.0,21815.658413167363,8.0,0,0,40,0.0,0,0,0,0,0,0,16383,0.0,0
346,2,0.0,0.0,0.0,0.0,0.0,2.0,0,0,64,0.0,0,0,0,0,0,0,30408,0.0,0
831188,39,0.0,717.5377467138461,287.0,30.461538461538467,29691.51455431184,2.0,0,0,1256,396.26666666666654,4,0,0,0,0,0,30408,0.0,0
317,2,0.0,0.0,0.0,0.0,0.0,2.0,0,0,64,0.0,0,0,0,0,0,0,14480,0.0,0
516011,5,0.0,89.78280671126505,0.0,0.0,139314.05193793864,2.0,0,0,116,28.307692307692307,4,0,0,0,0,0,16383,0.0,1
368,2,0.0,0.0,0.0,0.0,0.0,2.0,0,0,64,0.0,0,0,0,0,0,0,14480,0.0,0
1002,2,45.0,0.0,61.0,61.0,0.0,9.0,0,0,16,51.4,0,0,0,0,0,0,0,0.0,0
315,2,0.0,0.0,0.0,0.0,0.0,2.0,0,0,64,0.0,0,0,0,0,0,0,14480,0.0,0
733041,5,0.0,24.78709341572747,0.0,0.0,105488.36702120288,1.0,0,0,116,8.000000000000002,4,0,0,0,0,0,16383,0.0,1
341,2,0.0,0.0,0.0,0.0,0.0,4.0,0,0,64,0.0,0,0,0,0,0,0,8688,0.0,0
368,2,0.0,0.0,0.0,0.0,0.0,2.0,0,0,64,0.0,0,0,0,0,0,0,10136,0.0,0
53914,2,0.0,0.0,0.0,0.0,27181.184668810885,8.0,0,0,40,0.0,0,0,0,0,0,0,16383,0.0,1
330,2,0.0,0.0,0.0,0.0,0.0,3.0,0,0,64,0.0,0,0,0,0,0,0,14480,0.0,0
344,2,0.0,0.0,0.0,0.0,0.0,2.0,0,0,64,0.0,0,0,0,0,0,0,8688,0.0,0
780806,11,0.0,191.10802646089405,1460.0,740.9090909090909,110069.50799219037,1.0,0,0,236,456.4761904761905,4,0,0,0,0,0,16383,0.0,1
317,2,0.0,0.0,0.0,0.0,0.0,4.0,0,0,64,0.0,0,0,0,0,0,0,10136,0.0,0
46648,83,0.0,16.26082202818231,1300.0,920.1204819277108,909.8685249617382,1.0,0,0,2664,462.9879518072292,4,0,0,0,0,0,14480,0.0,0
557578,3,0.0,23.2379000772445,0.0,0.0,93399.08137021476,1.0,0,0,76,9.0,4,0,0,0,0,0,16383,0.0,0
352,2,0.0,0.0,0.0,0.0,0.0,4.0,0,0,64,0.0,0,0,0,0,0,0,8688,0.0,0
4369,15,0.0,292.25742077832683,192.0,100.8,314.86840788766705,2.0,0,0,488,148.24999999999997,4,0,0,0,0,0,14480,0.0,0
333,2,0.0,0.0,0.0,0.0,0.0,4.0,0,0,64,0.0,0,0,0,0,0,0,30408,0.0,0
68842,2,0.0,0.0,0.0,0.0,35541.30814277944,6.0,0,0,40,0.0,0,0,0,0,0,0,16383,0.0,1
242869,9,0.0,0.0,1448.0,910.2222222222222,20167.7255113213,4.0,0,0,296,512.0,4,0,0,0,0,0,5792,0.0,0
322,2,0.0,0.0,0.0,0.0,0.0,2.0,0,0,64,0.0,0,0,0,0,0,0,14480,0.0,0
335,2,0.0,0.0,0.0,0.0,0.0,23.0,0,0,64,0.0,0,0,0,0,0,0,20272,0.0,0
1005264,15,0.0,116.7156607081734,1448.0,614.9333333333334,301245.7867831817,3.0,0,0,488,363.28571428571433,4,0,0,0,0,0,8688,0.0,0
318,2,0.0,0.0,0.0,0.0,0.0,2.0,0,0,64,0.0,0,0,0,0,0,0,14480,0.0,0
1864,4,88.0,13.856406460551018,72.0,48.0,777.4022982557572,5.0,0,0,32,75.55555555555556,0,0,0,0,0,0,0,0.0,0
42913,2,0.0,0.0,0.0,0.0,10170.316833806111,6.0,0,0,40,0.0,0,0,0,0,0,0,16383,0.0,0
123383,2,0.0,0.0,0.0,0.0,87242.12755601505,4.0,0,0,40,0.0,0,0,0,0,0,0,16383,0.0,0
21441,59,0.0,18.83709254785309,1300.0,715.0847457627118,534.8752700502035,1.0,0,0,1896,361.66101694915255,4,0,0,0,0,0,14480,0.0,0
668129,111,0.0,89.28204038670383,848.0,57.315315315315296,8610.496279329704,1.0,0,0,3560,46.13513513513514,4,0,0,0,0,0,41992,0.0,0
18495,45,0.0,19.989267733569253,1300.0,614.0444444444445,653.845001291809,1.0,0,0,1448,312.0666666666666,4,0,0,0,0,0,14480,0.0,0
1329145,9,0.0,11.89584427903758,34.0,19.33333333333333,241790.6017730011,7.0,0,0,196,14.8,4,0,0,0,0,0,16383,0.0,1
24555,37,0.0,21.474606635715823,1300.0,484.2702702702704,1329.2776252694607,1.0,0,0,1192,248.27027027027023,4,0,0,0,0,0,14480,0.0,0
22473,45,0.0,19.989267733569253,1300.0,593.8222222222224,808.565100406074,1.0,0,0,1448,301.9555555555556,4,0,0,0,0,0,14480,0.0,0
122208,71,0.0,17.413875622106488,1300.0,804.3380281690143,2334.3881040048486,1.0,0,0,2280,405.5915492957748,4,0,0,0,0,0,14480,0.0,0
142,2,0.0,0.0,0.0,0.0,0.0,5.0,0,0,64,0.0,0,0,0,0,0,0,65160,0.0,0
4183461,435,0.0,26.443113225696,1448.0,1207.8896551724142,170882.95055736534,1.0,0,0,13928,781.4688427299702,4,0,0,0,1278,525432,34752,0.0,0
1030,2,45.0,0.0,61.0,61.0,0.0,8.0,0,0,16,51.4,0,0,0,0,0,0,0,0.0,0
324,2,0.0,0.0,0.0,0.0,0.0,4.0,0,0,64,0.0,0,0,0,0,0,0,14480,0.0,0
376559,5,0.0,42.86101569802875,0.0,0.0,39667.2611771975,6.0,0,0,116,13.833333333333332,4,0,0,0,0,0,16383,0.0,1
348,2,0.0,0.0,0.0,0.0,0.0,2.0,0,0,64,0.0,0,0,0,0,0,0,14480,0.0,0
577914,5,0.0,100.51770751369892,287.0,114.8,106043.83391723756,7.0,0,0,116,75.84615384615385,4,0,0,0,0,0,16383,0.0,1
2117168,743,0.0,18.044718673099936,1448.0,1411.9650067294754,9479.143498105452,1.0,0,0,23784,964.6727941176472,4,0,0,0,0,0,7240,0.0,0
378,2,0.0,0.0,0.0,0.0,0.0,2.0,0,0,64,0.0,0,0,0,0,0,0,14480,0.0,0
8165,4,114.0,0.0,48.0,48.0,2051.6157047556444,7.0,0,0,32,84.66666666666667,0,0,0,0,0,0,0,0.0,0
53339,45,0.0,19.989267733569253,1300.0,642.1777777777779,2971.051092573869,1.0,0,0,1448,326.1333333333333,4,0,0,0,0,0,14480,0.0,0
385976,5,0.0,98.07795733132758,545.0,218.0,87335.68369916159,1.0,0,0,116,114.76923076923076,4,0,0,0,0,0,16383,0.0,1
3623,7,0.0,158.0177205252626,147.0,42.0,319.02742828791384,4.0,0,0,232,64.71428571428572,4,0,0,0,0,0,7240,0.0,0
355,2,0.0,0.0,0.0,0.0,0.0,2.0,0,0,64,0.0,0,0,0,0,0,0,30408,0.0,0
319,2,0.0,0.0,0.0,0.0,0.0,3.0,0,0,64,0.0,0,0,0,0,0,0,14480,0.0,0
356,2,0.0,0.0,0.0,0.0,0.0,1.0,0,0,64,0.0,0,0,0,0,0,0,8688,0.0,0
305,2,0.0,0.0,0.0,0.0,0.0,2.0,0,0,64,0.0,0,0,0,0,0,0,10136,0.0,0
533048,37,0.0,711.0610836871185,287.0,32.108108108108105,29217.50235199595,1.0,0,0,1192,355.88095238095246,4,0,0,0,0,0,30408,0.0,0
1339506,435,0.0,26.336783224752697,1448.0,1207.8896551724142,44210.50180247563,1.0,0,0,13928,779.1568047337281,4,0,0,0,0,0,34752,0.0,0
135,2,0.0,0.0,0.0,0.0,0.0,3.0,0,0,64,0.0,0,0,0,0,0,0,50680,0.0,0
38057,123,0.0,27.0814519924026,1448.0,71.17073170731705,550.9403342998319,1.0,0,0,3944,41.877049180327866,4,0,0,0,0,0,47784,0.0,0
16025,45,0.0,19.989267733569253,1311.0,645.2,488.9548416871464,1.0,0,0,1448,327.64444444444445,4,0,0,0,0,0,14480,0.0,0
6041,23,0.0,166.09084107103777,848.0,183.3913043478261,363.0682646759626,1.0,0,0,744,118.37735849056604,4,0,0,0,0,0,14480,0.0,0
1155397,15,0.0,122.41532220727564,1448.0,614.9333333333334,377856.6992095386,3.0,0,0,488,391.2307692307692,4,0,0,0,948,9224,8688,0.0,0
13072,15,0.0,99.13316607162618,277.0,46.66666666666666,1910.808269709377,1.0,0,0,488,46.66666666666666,4,0,0,0,0,0,10136,0.0,0
855296,7,0.0,361.5709770274315,1460.0,785.4285714285713,186029.0485026465,2.0,0,0,156,465.3333333333334,4,0,0,0,0,0,16383,0.0,1
385,2,0.0,0.0,0.0,0.0,0.0,3.0,0,0,64,0.0,0,0,0,0,0,0,8688,0.0,0
349,2,0.0,0.0,0.0,0.0,0.0,3.0,0,0,64,0.0,0,0,0,0,0,0,14480,0.0,0
1075,2,45.0,0.0,61.0,61.0,0.0,7.0,0,0,16,51.4,0,0,0,0,0,0,0,0.0,0
12417,37,0.0,21.474606635715823,1300.0,468.1081081081081,627.4049889569474,1.0,0,0,1192,240.1891891891892,4,0,0,0,0,0,14480,0.0,0
1777374,99,0.0,12.289712650710635,1460.0,1123.6565656565654,92746.91266438676,1.0,0,0,1996,877.8425196850392,4,0,0,0,0,0,16383,0.0,1
295,2,0.0,0.0,0.0,0.0,0.0,3.0,0,0,64,0.0,0,0,0,0,0,0,14480,0.0,0
430072,23,0.0,272.2241190903053,192.0,65.73913043478261,20067.9787605428,2.0,0,0,744,95.83333333333331,4,0,0,0,0,0,14480,0.0,0
38325,37,0.0,717.566640864549,287.0,32.108108108108105,1533.5953723705816,2.0,0,0,1192,405.2954545454546,4,0,0,0,0,0,30408,0.0,0
4709,13,0.0,35.452381373177744,458.0,76.30769230769229,392.2291955350409,2.0,0,0,424,39.696969696969695,4,0,0,0,0,0,11584,0.0,0
118481,71,0.0,17.413875622106488,1300.0,865.2394366197182,2697.978236925276,1.0,0,0,2280,436.0422535211267,4,0,0,0,0,0,14480,0.0,0
433444,3,0.0,294.721822030457,0.0,0.0,84877.35978319934,7.0,0,0,76,109.81818181818184,4,0,0,0,0,0,16383,0.0,0
1123,2,45.0,0.0,61.0,61.0,0.0,8.0,0,0,16,51.4,0,0,0,0,0,0,0,0.0,0
13877,39,0.0,21.523615004105377,1300.0,541.7435897435898,485.1444322262393,1.0,0,0,1256,276.89743589743586,4,0,0,0,0,0,14480,0.0,0
1114,2,45.0,0.0,61.0,61.0,0.0,8.0,0,0,16,51.4,0,0,0,0,0,0,0,0.0,0
406,2,0.0,0.0,0.0,0.0,0.0,2.0,0,0,64,0.0,0,0,0,0,0,0,65160,0.0,0
21447,47,0.0,19.65548687392932,1300.0,639.1489361702127,704.250839867831,1.0,0,0,1512,324.404255319149,4,0,0,0,0,0,14480,0.0,0
1038,2,45.0,0.0,61.0,61.0,0.0,8.0,0,0,16,51.4,0,0,0,0,0,0,0,0.0,0
3,0,29.0,0.0,0.0,0.0,0.0,0.0,0,0,0,29.0,0,0,0,0,0,0,0,0.0,1
574026,5,0.0,91.7346068571621,434.0,173.6,110929.58379380438,2.0,0,0,116,95.6923076923077,4,0,0,0,0,0,16383,0.0,1
28810,17,0.0,290.93275282557425,192.0,88.94117647058823,440.8849542195139,1.0,0,0,552,139.2941176470588,4,0,0,0,0,0,14480,0.0,0
314,2,0.0,0.0,0.0,0.0,0.0,2.0,0,0,64,0.0,0,0,0,0,0,0,34752,0.0,0
9,0,504.0,0.0,0.0,0.0,0.0,0.0,0,0,0,504.0,0,0,0,0,0,0,0,0.0,1
1077,2,45.0,0.0,61.0,61.0,0.0,12.0,0,0,16,51.4,0,0,0,0,0,0,0,0.0,0
477310,39,0.0,721.0697540488587,287.0,30.461538461538467,22830.741436529537,1.0,0,0,1256,398.7333333333333,4,0,0,0,0,0,30408,0.0,0
1101,2,45.0,0.0,61.0,61.0,0.0,7.0,0,0,16,51.4,0,0,0,0,0,0,0,0.0,0
352,2,0.0,0.0,0.0,0.0,0.0,5.0,0,0,64,0.0,0,0,0,0,0,0,47784,0.0,0
84086,2,0.0,0.0,0.0,0.0,25385.84055137824,2.0,0,0,40,0.0,0,0,0,0,0,0,16383,0.0,1
1715,4,88.0,16.165807537309526,72.0,48.0,773.6493607140985,2.0,0,0,32,76.44444444444444,0,0,0,0,0,0,0,0.0,0
39316,123,0.0,27.09241369003177,1448.0,69.34959349593501,650.1123409323209,1.0,0,0,3944,40.92622950819674,4,0,0,0,0,0,47784,0.0,0
8,0,24.0,0.0,0.0,0.0,0.0,0.0,0,0,0,24.0,0,0,0,0,0,0,0,0.0,1
330,2,0.0,0.0,0.0,0.0,0.0,2.0,0,0,64,0.0,0,0,0,0,0,0,20272,0.0,0
1140880,27,0.0,195.2776642472102,192.0,55.99999999999999,65765.65441081944,1.0,0,0,872,80.2962962962963,4,0,0,0,0,0,14480,0.0,0
1037,2,45.0,0.0,61.0,61.0,0.0,1.0,0,0,16,51.4,0,0,0,0,0,0,0,0.0,0
355,2,0.0,0.0,0.0,0.0,0.0,1.0,0,0,64,0.0,0,0,0,0,0,0,47784,0.0,0
1601450,23,0.0,657.2992057667796,105.0,34.0,68839.15792222241,1.0,0,0,476,733.0117647058823,4,0,0,0,0,0,16383,0.0,1
306,2,0.0,0.0,0.0,0.0,0.0,2.0,0,0,64,0.0,0,0,0,0,0,0,14480,0.0,0
999,2,37.0,0.0,53.0,53.0,0.0,7.0,0,0,16,43.4,0,0,0,0,0,0,0,0.0,0
4,0,56.0,0.0,0.0,0.0,0.0,0.0,0,0,0,56.0,0,0,0,0,0,0,0,0.0,1
9418,33,0.0,22.3064253725967,1300.0,404.4848484848485,457.034826088849,1.0,0,0,1064,209.12121212121207,4,0,0,0,0,0,14480,0.0,0
361,2,0.0,0.0,0.0,0.0,0.0,2.0,0,0,64,0.0,0,0,0,0,0,0,14480,0.0,0
20412,53,0.0,19.681667209175394,1300.0,602.188679245283,638.0684055773945,1.0,0,0,1704,305.67924528301893,4,0,0,0,0,0,14480,0.0,0
1049,2,45.0,0.0,61.0,61.0,0.0,7.0,0,0,16,51.4,0,0,0,0,0,0,0,0.0,0
96456,2,0.0,0.0,0.0,0.0,37384.73552133277,1.0,0,0,40,0.0,0,0,0,0,0,0,16383,0.0,1
308,2,0.0,0.0,0.0,0.0,0.0,3.0,0,0,64,0.0,0,0,0,0,0,0,14480,0.0,0
1054302,15,0.0,116.7156607081734,1448.0,614.9333333333334,300061.55136098934,2.0,0,0,488,363.28571428571433,4,0,0,0,0,0,8688,0.0,0
324,2,0.0,0.0,0.0,0.0,0.0,3.0,0,0,64,0.0,0,0,0,0,0,0,14480,0.0,0
1370,2,45.0,0.0,61.0,61.0,0.0,7.0,0,0,16,51.4,0,0,0,0,0,0,0,0.0,0
313,2,0.0,0.0,0.0,0.0,0.0,2.0,0,0,64,0.0,0,0,0,0,0,0,7240,0.0,0
1736,4,88.0,20.784609690826528,72.0,48.0,781.1549142135636,1.0,0,0,32,78.22222222222223,0,0,0,0,0,0,0,0.0,0
440877,7,0.0,121.98750911856663,1460.0,707.1428571428571,107170.37866018142,3.0,0,0,156,363.3333333333333,4,0,0,0,0,0,16383,0.0,1
18768,2,0.0,0.0,0.0,0.0,3634.528855298854,8.0,0,0,40,0.0,0,0,0,0,0,0,16383,0.0,1
422374,83,0.0,16.26082202818231,1300.0,892.4819277108433,7817.372690041073,1.0,0,0,2664,449.1686746987952,4,0,0,0,0,0,14480,0.0,0
1126764,5,0.0,200.0595149544493,0.0,0.0,252406.5436375742,5.0,0,0,116,63.07692307692307,4,0,0,0,0,0,16383,0.0,1
13582,41,0.0,20.70123246671622,1300.0,579.609756097561,477.93814499927095,0.0,0,0,1320,295.3414634146341,4,0,0,0,0,0,14480,0.0,0
18412,47,0.0,19.65548687392932,1300.0,620.8510638297872,592.6299098940334,0.0,0,0,1512,315.25531914893617,4,0,0,0,0,0,14480,0.0,0
325,2,0.0,0.0,0.0,0.0,0.0,1.0,0,0,64,0.0,0,0,0,0,0,0,31856,0.0,0
335,2,0.0,0.0,0.0,0.0,0.0,2.0,0,0,64,0.0,0,0,0,0,0,0,8688,0.0,0
646680,13,0.0,313.7850457639034,80.0,37.69230769230769,54101.69052266534,2.0,0,0,276,87.57142857142858,4,0,0,0,0,0,16383,0.0,1
222111,5,0.0,718.7496213437738,0.0,0.0,55490.777575697706,2.0,0,0,168,481.88235294117646,4,0,0,0,0,0,10136,0.0,0
384,2,0.0,0.0,0.0,0.0,0.0,4.0,0,0,64,0.0,0,0,0,0,0,0,7240,0.0,0
329,2,0.0,0.0,0.0,0.0,0.0,3.0,0,0,64,0.0,0,0,0,0,0,0,14480,0.0,0
1005,2,37.0,0.0,53.0,53.0,0.0,9.0,0,0,16,43.4,0,0,0,0,0,0,0,0.0,0
367,2,0.0,0.0,0.0,0.0,0.0,2.0,0,0,64,0.0,0,0,0,0,0,0,5792,0.0,0
15467,37,0.0,21.474606635715823,1300.0,503.5135135135135,781.9351968678992,1.0,0,0,1192,257.8918918918919,4,0,0,0,0,0,14480,0.0,0
57662,41,0.0,20.70123246671622,1300.0,546.2439024390245,2198.4125606388416,1.0,0,0,1320,278.6585365853659,4,0,0,0,0,0,14480,0.0,0
535779,3,0.0,23.2379000772445,0.0,0.0,81821.67213825442,7.0,0,0,76,9.0,4,0,0,0,0,0,16383,0.0,1
61464,59,0.0,18.073453392036743,1300.0,732.6101694915253,2074.5983283145933,1.0,0,0,1896,364.1166666666666,4,0,0,0,0,0,14480,0.0,0
348,2,0.0,0.0,0.0,0.0,0.0,5.0,0,0,64,0.0,0,0,0,0,0,0,14480,0.0,0
467,2,0.0,0.0,0.0,0.0,0.0,2.0,0,0,64,0.0,0,0,0,0,0,0,34752,0.0,0
23480,2,0.0,0.0,0.0,0.0,9350.780074410904,11.0,0,0,40,0.0,0,0,0,0,0,0,16383,0.0,0
17866,15,0.0,99.13316607162618,277.0,46.66666666666666,2154.7330699100767,1.0,0,0,488,46.66666666666666,4,0,0,0,0,0,10136,0.0,0
1007968,15,0.0,116.7156607081734,1448.0,614.9333333333334,301304.8667203429,1.0,0,0,488,363.28571428571433,4,0,0,0,0,0,8688,0.0,0
1176,2,45.0,0.0,61.0,61.0,0.0,4.0,0,0,16,51.4,0,0,0,0,0,0,0,0.0,0
321,2,0.0,0.0,0.0,0.0,0.0,2.0,0,0,64,0.0,0,0,0,0,0,0,14480,0.0,0
15480,45,0.0,19.989267733569253,1300.0,591.1111111111112,456.69381219285,1.0,0,0,1448,300.6,4,0,0,0,0,0,14480,0.0,0
1605946,15,0.0,116.7156607081734,1448.0,614.9333333333334,341144.4583006123,2.0,0,0,488,363.28571428571433,4,0,0,0,948,9224,8688,0.0,0
36935,2,0.0,0.0,0.0,0.0,12264.767119680666,7.0,0,0,40,0.0,0,0,0,0,0,0,16383,0.0,1
359294,9,0.0,380.3895079754143,76.0,30.88888888888889,50631.569628049256,1.0,0,0,196,110.79999999999998,4,0,0,0,0,0,16383,0.0,1
883576,117,0.0,135.12080672889425,1460.0,1240.6324786324783,68919.93617937916,1.0,0,0,2356,1036.1134751773054,4,0,0,0,0,0,16383,0.0,1
702167,5,0.0,23.2379000772445,0.0,0.0,101259.26428085484,1.0,0,0,116,7.5,4,0,0,0,0,0,16383,0.0,0
5122,21,0.0,80.76372296624533,1045.0,145.52380952380955,360.0765188334344,1.0,0,0,680,91.04761904761908,4,0,0,0,0,0,13032,0.0,0
51956,2,0.0,0.0,0.0,0.0,24664.591634567965,7.0,0,0,40,0.0,0,0,0,0,0,0,16383,0.0,1
83431,2,0.0,0.0,0.0,0.0,21352.50347149017,1.0,0,0,40,0.0,0,0,0,0,0,0,16383,0.0,1
1103,2,37.0,0.0,53.0,53.0,0.0,8.0,0,0,16,43.4,0,0,0,0,0,0,0,0.0,0
596998,27,0.0,284.15276498065936,192.0,55.99999999999999,26785.264207395827,3.0,0,0,872,93.03703703703704,4,0,0,0,0,0,14480,0.0,0
56573,55,0.0,18.865591749571376,1300.0,755.1636363636364,1789.680601678194,1.0,0,0,1768,381.8545454545454,4,0,0,0,0,0,14480,0.0,0
323,2,0.0,0.0,0.0,0.0,0.0,3.0,0,0,64,0.0,0,0,0,0,0,0,14480,0.0,0
4296,5,0.0,718.7496213437738,0.0,0.0,484.7004687891734,2.0,0,0,168,481.88235294117646,4,0,0,0,0,0,10136,0.0,0
1006,2,45.0,0.0,61.0,61.0,0.0,8.0,0,0,16,51.4,0,0,0,0,0,0,0,0.0,0
323,2,0.0,0.0,0.0,0.0,0.0,2.0,0,0,64,0.0,0,0,0,0,0,0,14480,0.0,0
451540,35,0.0,718.4582858951719,287.0,33.94285714285714,30991.96549940253,1.0,0,0,1128,415.41860465116287,4,0,0,0,0,0,30408,0.0,0
35428,65,0.0,18.08596645301772,1300.0,793.3846153846154,874.2106629149074,1.0,0,0,2088,400.4307692307691,4,0,0,0,0,0,14480,0.0,0
532,2,0.0,0.0,0.0,0.0,0.0,4.0,0,0,64,0.0,0,0,0,0,0,0,14480,0.0,0
225314,5,0.0,718.7496213437738,0.0,0.0,53231.58454495476,2.0,0,0,168,481.88235294117646,4,0,0,0,0,0,10136,0.0,0
48736,47,0.0,19.760220445550136,1300.0,649.1489361702128,2197.658655090076,1.0,0,0,1512,322.70833333333314,4,0,0,0,0,0,14480,0.0,0
427,2,0.0,0.0,0.0,0.0,0.0,2.0,0,0,64,0.0,0,0,0,0,0,0,14480,0.0,0
4171,15,0.0,238.3314219037571,192.0,100.8,302.96507735255244,2.0,0,0,488,137.99999999999997,4,0,0,0,0,0,14480,0.0,0
363341,123,0.0,27.088913667725382,1448.0,74.01626016260164,9669.903241798227,1.0,0,0,3944,43.28688524590164,4,0,0,0,0,0,47784,0.0,0
370,2,0.0,0.0,0.0,0.0,0.0,3.0,0,0,64,0.0,0,0,0,0,0,0,5792,0.0,0
1531880,109,0.0,156.7286116428965,1460.0,1233.7247706422024,76753.55861351096,0.0,0,0,2196,1019.2781954887212,4,0,0,0,0,0,16383,0.0,1
5212,15,0.0,345.50986478922226,192.0,100.8,437.81287587931246,2.0,0,0,488,158.25,4,0,0,0,0,0,14480,0.0,0
306,2,0.0,0.0,0.0,0.0,0.0,2.0,0,0,64,0.0,0,0,0,0,0,0,14480,0.0,0
378,2,0.0,0.0,0.0,0.0,0.0,3.0,0,0,64,0.0,0,0,0,0,0,0,5792,0.0,0
1055,2,45.0,0.0,61.0,61.0,0.0,2.0,0,0,16,51.4,0,0,0,0,0,0,0,0.0,0
15497,45,0.0,19.989267733569253,1300.0,643.1111111111111,515.4199311496952,1.0,0,0,1448,326.6,4,0,0,0,0,0,14480,0.0,0
351,2,0.0,0.0,0.0,0.0,0.0,2.0,0,0,64,0.0,0,0,0,0,0,0,8688,0.0,0
384,2,0.0,0.0,0.0,0.0,0.0,2.0,0,0,64,0.0,0,0,0,0,0,0,8688,0.0,0
1690,4,88.0,23.09401076758504,72.0,48.0,754.0194515616512,2.0,0,0,32,79.11111111111111,0,0,0,0,0,0,0,0.0,0
1311488,7,0.0,64.51301086934768,202.0,57.71428571428571,246695.69107891765,2.0,0,0,156,54.625,4,0,0,0,0,0,16383,0.0,1
25534,41,0.0,21.474606635715823,1300.0,512.0975609756098,1474.0077448686534,1.0,0,0,1320,275.0,4,0,0,0,0,0,14480,0.0,0
658952,3,0.0,123.93546707863734,0.0,0.0,157006.52438099508,2.0,0,0,76,47.99999999999999,4,0,0,0,0,0,16383,0.0,1
326,2,0.0,0.0,0.0,0.0,0.0,2.0,0,0,64,0.0,0,0,0,0,0,0,5792,0.0,0
1067,2,45.0,0.0,61.0,61.0,0.0,9.0,0,0,16,51.4,0,0,0,0,0,0,0,0.0,0
170470,21,0.0,81.21193845345906,433.0,50.095238095238095,14881.097851800245,1.0,0,0,680,44.23809523809524,4,0,0,0,0,0,13032,0.0,0
1325636,101,0.0,230.3280120331605,864.0,118.07920792079204,29846.081724038097,1.0,0,0,3240,106.68341708542718,4,0,0,0,0,0,36200,0.0,0
10,0,58.0,0.0,0.0,0.0,0.0,0.0,0,0,0,58.0,0,0,0,0,0,0,0,0.0,1
345091,3,0.0,75.91047358566537,0.0,0.0,66273.92830140673,7.0,0,0,76,29.4,4,0,0,0,0,0,16383,0.0,0
1013,2,45.0,0.0,61.0,61.0,0.0,9.0,0,0,16,51.4,0,0,0,0,0,0,0,0.0,0
53272,2,0.0,0.0,0.0,0.0,24217.700148858064,9.0,0,0,40,0.0,0,0,0,0,0,0,16383,0.0,0
213498,5,0.0,92.22255689363638,728.0,291.2,41435.702214394776,6.0,0,0,116,141.07692307692307,4,0,0,0,0,0,16383,0.0,1
4354,5,0.0,718.7496213437738,0.0,0.0,473.0361625828528,3.0,0,0,168,481.88235294117646,4,0,0,0,0,0,10136,0.0,0
32119,39,0.0,21.08021663617728,1300.0,500.7179487179488,1688.3979577290609,1.0,0,0,1256,256.1794871794872,4,0,0,0,0,0,14480,0.0,0
357,2,0.0,0.0,0.0,0.0,0.0,2.0,0,0,64,0.0,0,0,0,0,0,0,13032,0.0,0
1000,2,45.0,0.0,61.0,61.0,0.0,5.0,0,0,16,51.4,0,0,0,0,0,0,0,0.0,0
366,2,0.0,0.0,0.0,0.0,0.0,3.0,0,0,64,0.0,0,0,0,0,0,0,14480,0.0,0
333,2,0.0,0.0,0.0,0.0,0.0,4.0,0,0,64,0.0,0,0,0,0,0,0,14480,0.0,0
721669,5,0.0,10.327955589886445,0.0,0.0,110024.99530561226,2.0,0,0,116,3.333333333333333,4,0,0,0,0,0,16383,0.0,1
711428,17,0.0,570.4106253718911,114.4304758988625,51.78263288168382,46785.95628352961,1.4282540168562514,0,0,356,195.4424133764244,4,0,0,0,0,0,16383,0.0,1
73977,2,0.0,0.0,0.0,0.0,31452.76636548475,7.501508869635186,0,0,40,0.0,0,0,0,0,0,0,16383,0.0,1
492687,5,0.0,74.52238812675098,182.50260703229984,73.00104281291993,76940.09701117195,4.812174120962521,0,0,116,65.56968770338464,4,0,0,0,0,0,16383,0.0,1
1588993,219,0.0,58.55260138734659,1460.0,1248.2381565720098,69756.31925722056,1.0,0,0,4403,1065.3792072283088,4,0,0,0,0,0,16383,0.0,1
79580,2,0.0,0.0,0.0,0.0,42978.700856135365,9.69607967623517,0,0,40,0.0,0,0,0,0,0,0,16383,0.0,1
91498,2,0.0,0.0,0.0,0.0,18431.947673850376,8.0,0,0,40,0.0,0,0,0,0,0,0,16383,0.0,1
1033131,27,0.0,622.4904560713176,114.29315199046414,33.053789428270115,28727.88511647978,2.0,0,0,574,822.7398543030231,4,0,0,0,0,0,16383,0.0,1
621268,5,0.0,372.5110054412704,0.0,0.0,70345.7633460783,2.712367270956322,0,0,116,120.22741002941837,4,0,0,0,0,0,16383,0.0,1
21656,2,0.0,0.0,0.0,0.0,3229.6279964779487,6.159340402867153,0,0,40,0.0,0,0,0,0,0,0,16383,0.0,1
677183,3,0.0,22.12983402605192,0.0,0.0,127653.08668166114,9.647041496547644,0,0,76,8.245938899047689,4,0,0,0,0,0,16383,0.0,1
672488,27,0.0,12.018429602608308,1460.0,697.6326246036795,50248.96983646879,1.62129244904961,0,0,571,421.376361698248,4,0,0,0,0,0,16383,0.0,1
10,0,524.3340499656688,0.0,0.0,0.0,0.0,0.0,0,0,0,524.3340499656688,0,0,0,0,0,0,0,0.0,1
332597,3,0.0,77.50657463400862,0.0,0.0,58026.96196186357,1.7326990505902804,0,0,76,30.018167277909757,4,0,0,0,0,0,16383,0.0,1
79709,2,0.0,0.0,0.0,0.0,42912.773295348496,9.381890457704522,0,0,40,0.0,0,0,0,0,0,0,16383,0.0,1
1322108,8,0.0,13.08390204723908,31.675991189461406,18.011838127340795,245273.02033802535,6.658233998450207,0,0,190,14.419325253658386,4,0,0,0,0,0,16383,0.0,1
617235,5,0.0,29.277002188455995,0.0,0.0,200418.0178271084,6.702559054904643,0,0,116,9.23076923076923,4,0,0,0,0,0,16383,0.0,1
881914,103,0.0,143.5656442108412,1460.0,1237.054840824089,68928.29879304583,1.0,0,0,2093,1029.511891813567,4,0,0,0,0,0,16383,0.0,1
1025321,5,0.0,30.983866769659336,0.0,0.0,114584.13967259356,1.5672331204007373,0,0,116,9.999999999999998,4,0,0,0,0,0,16383,0.0,1
192297,3,0.0,11.68073607570393,27.680938276472663,11.072375310589068,49419.09127356928,6.0,0,0,88,9.556827497714128,4,0,0,0,0,0,16383,0.0,1
10,0,524.6675438428513,0.0,0.0,0.0,0.0,0.0,0,0,0,524.6675438428513,0,0,0,0,0,0,0,0.0,1
372192,3,0.0,118.23742917748568,0.0,0.0,72680.1118385861,7.717071719266422,0,0,76,45.793159410278086,4,0,0,0,0,0,16383,0.0,1
599533,5,0.0,61.15970673447148,0.0,0.0,88390.98359115834,7.626078952987187,0,0,116,19.73921047012814,4,0,0,0,0,0,16383,0.0,1
266734,5,0.0,99.98980636446004,619.0545085783413,247.6218034313365,50533.073026441525,3.3333085038341794,0,0,116,126.76415231207866,4,0,0,0,0,0,16383,0.0,1
300836,3,0.0,554.7799888058314,0.0,0.0,48453.34700314119,3.791328013507209,0,0,76,214.86536574541225,4,0,0,0,0,0,16383,0.0,1
318780,9,0.0,85.886251171774,1460.0,689.9463065875245,65635.5815296767,1.328520851332793,0,0,196,385.97327259880734,4,0,0,0,0,0,16383,0.0,1
212398,15,0.0,386.2881385202612,923.1319443109542,726.4097229443911,34962.67897526737,1.36771784636236,0,0,328,647.7814892185519,4,0,0,0,0,0,16383,0.0,1
1555209,14,0.0,590.0541119536117,20.894174590740864,6.765732724620851,86457.53060890717,1.801007861040563,0,0,315,887.5291674596583,4,0,0,0,0,0,16383,0.0,1
123519,2,0.0,0.0,0.0,0.0,59666.29503727463,8.83666772820456,0,0,40,0.0,0,0,0,0,0,0,16383,0.0,1
28246,2,0.0,0.0,0.0,0.0,10536.748428419098,4.498120403273363,0,0,40,0.0,0,0,0,0,0,0,16383,0.0,1
29697524,632,0.0,381.889667637884,232.271524655606,12.840308445606023,41584.81883795248,1.0,0,0,12663,1018.1619636511556,4,0,0,0,0,0,16383,0.0,1
65393,2,0.0,0.0,0.0,0.0,32513.106422334276,6.722147223910287,0,0,40,0.0,0,0,0,0,0,0,16383,0.0,1
10,0,56.0,0.0,0.0,0.0,0.0,0.0,0,0,0,56.0,0,0,0,0,0,0,0,0.0,1
771601,5,0.0,25.579772148306496,0.0,0.0,104975.26994780282,5.975867506838458,0,0,116,8.255835960847614,4,0,0,0,0,0,16383,0.0,1
466653,8,0.0,114.09351415705484,1460.0,744.2066418578905,88355.66225192735,1.0,0,0,195,420.6383970346059,4,0,0,0,0,0,16383,0.0,1
217725,5,0.0,80.39224056833385,508.36740067933096,203.3469602717324,42587.71670959103,7.594984719897068,0,0,116,103.55730259894004,4,0,0,0,0,0,16383,0.0,1
1125536,9,0.0,16.7700167487717,39.29428906181346,16.87336063794526,149804.8235162259,4.556102983141785,0,0,196,15.129077989831554,4,0,0,0,0,0,16383,0.0,1
2265817,44,0.0,33.154111006215714,1460.0,913.3134472159436,231931.6244384472,1.0,0,0,908,639.0436214840308,4,0,0,0,0,0,16383,0.0,1
23979,2,0.0,0.0,0.0,0.0,11591.465805528967,7.853382727048721,0,0,40,0.0,0,0,0,0,0,0,16383,0.0,1
39619,2,0.0,0.0,0.0,0.0,15583.38954014418,2.2266070094549284,0,0,40,0.0,0,0,0,0,0,0,16383,0.0,1
50995,2,0.0,0.0,0.0,0.0,24724.23793675165,7.0,0,0,40,0.0,0,0,0,0,0,0,16383,0.0,1
67085214,11,0.0,20.11616338946793,33.204824317557275,9.649265186298695,19891473.036387768,3.0484600606615757,0,0,244,11.559939303994703,4,0,0,0,182,125,16383,33107.676395301765,1
71843,2,0.0,0.0,0.0,0.0,25587.77370738515,8.40910885605489,0,0,40,0.0,0,0,0,0,0,0,16383,0.0,1
9004427,8,0.0,126.16013234840996,1196.6400592150803,499.5380570912418,2660959.079034448,4.2681859106817965,0,0,179,261.4065316060127,4,0,0,0,497,3939,16383,397409.505283648,1
67150,2,0.0,0.0,0.0,0.0,47145.28724235366,2.0,0,0,40,0.0,0,0,0,0,0,0,16383,0.0,1
6,0,56.0,0.0,0.0,0.0,0.0,0.0,0,0,0,56.0,0,0,0,0,0,0,0,0.0,1
41175089,2610,0.0,134.64944389491188,1108.7768462621684,996.271898736768,79705.43825280888,1.0,0,0,52225,1152.396012625586,4,0,0,0,0,0,16383,0.0,1
7,0,243.17610536528449,0.0,0.0,0.0,0.0,0.0,0,0,0,243.17610536528449,0,0,0,0,0,0,0,0.0,1
3,0,56.0,0.0,0.0,0.0,0.0,0.0,0,0,0,56.0,0,0,0,0,0,0,0,0.0,1
6,0,32.593080194163434,0.0,0.0,0.0,0.0,0.0,0,0,0,32.593080194163434,0,0,0,0,0,0,0,0.0,1
45618,2,0.0,0.0,0.0,0.0,21392.657236755087,7.0,0,0,40,0.0,0,0,0,0,0,0,16383,0.0,1
443076,3,0.0,68.8610309089558,0.0,0.0,87209.66567707129,5.4621711748307575,0,0,76,26.669762591305997,4,0,0,0,0,0,16383,0.0,1
240083,22,0.0,238.48760084430728,1460.0,1144.6834136746315,39234.22949477463,1.0314626683001078,0,0,468,827.2640222423546,4,0,0,0,0,0,16383,0.0,1
658391,5,0.0,30.983866769659336,0.0,0.0,39754.92438075827,5.189088398321875,0,0,116,9.999999999999998,4,0,0,0,0,0,16383,0.0,1
117759544,0,29.0,0.0,0.0,0.0,21378178.13235939,0.0,0,0,0,29.0,0,0,0,0,68,0,0,2.846041065870067,1
582741,5,0.0,136.4188231249996,36.73363633307656,14.69345453323062,122098.42637054704,5.302334455416268,0,0,116,48.66292756238168,4,0,0,0,0,0,16383,0.0,1
67275,2,0.0,0.0,0.0,0.0,47023.27140294453,6.048576779154434,0,0,40,0.0,0,0,0,0,0,0,16383,0.0,1
3,0,635.8887425087495,0.0,0.0,0.0,0.0,0.0,0,0,0,635.8887425087495,0,0,0,0,0,0,0,0.0,1
3,0,56.0,0.0,0.0,0.0,0.0,0.0,0,0,0,56.0,0,0,0,0,0,0,0,0.0,1
774332,5,0.0,26.413910910259048,0.0,0.0,104699.09486780304,6.193312110052671,0,0,116,8.525053088636641,4,0,0,0,0,0,16383,0.0,1
2110211,9,0.0,76.3379045390719,666.7187540147816,258.9621805605569,475498.0225886346,4.494595113161065,0,0,201,172.3235597642758,4,0,0,0,0,0,16383,0.0,1
899585,21,0.0,677.6367527540383,118.9754180579823,44.11972812372328,37253.30326557915,1.7029903597626237,0,0,450,661.0948029468894,4,0,0,0,0,0,16383,0.0,1
687347,3,0.0,53.89295065602124,0.0,0.0,112963.51337272224,5.941422306432955,0,0,76,20.872650036874838,4,0,0,0,0,0,16383,0.0,1
74109,2,0.0,0.0,0.0,0.0,31521.90603536077,7.030221368428951,0,0,40,0.0,0,0,0,0,0,0,16383,0.0,1
720088,6,0.0,91.40739535074133,460.7758096537904,132.03406270478246,168215.28061699518,3.139938522182113,0,0,154,86.64367278500414,4,0,0,0,0,0,16383,0.0,1
780142,5,0.0,136.57522233913957,0.0,0.0,151595.14121482777,8.749106954308898,0,0,116,44.07946346867188,4,0,0,0,0,0,16383,0.0,1
911396,5,0.0,179.00684980613124,70.61116299833127,28.24446519933251,149057.26302288545,4.267815983632167,0,0,116,78.79235301099135,4,0,0,0,0,0,16383,0.0,1
1410622,17,0.0,96.27257984118488,1058.082921733832,204.42092160751676,148907.3832656158,1.2933701301212903,0,0,372,132.8274980400535,4,0,0,0,0,0,16383,0.0,1
698137,14,0.0,368.9639472740731,569.3891710639509,450.2000092932908,62651.34622013175,2.830022251238457,0,0,313,898.9672376143504,4,0,0,0,0,0,16383,0.0,1
9,0,56.0,0.0,0.0,0.0,0.0,0.0,0,0,0,56.0,0,0,0,0,0,0,0,0.0,1
15039,2,0.0,0.0,0.0,0.0,3875.900399706736,6.831229969887474,0,0,40,0.0,0,0,0,0,0,0,16383,0.0,1
9,0,56.0,0.0,0.0,0.0,0.0,0.0,0,0,0,56.0,0,0,0,0,0,0,0,0.0,1
188180,2,0.0,0.0,0.0,0.0,103606.44086316244,3.0,0,0,40,0.0,0,0,0,0,0,0,16383,0.0,1
259064,5,0.0,206.37666409239276,1114.7679065628158,445.9071626251264,41375.236486434966,2.9467337289233955,0,0,116,261.83163942807056,4,0,0,0,0,0,16383,0.0,1
467526,5,0.0,9.508520366383614,674.1470234795668,269.6588093918267,182581.4739955716,6.470470977981212,0,0,116,125.57013501185418,4,0,0,0,0,0,16383,0.0,1
3,0,24.0,0.0,0.0,0.0,0.0,0.0,0,0,0,24.0,0,0,0,0,0,0,0,0.0,1
66135,2,0.0,0.0,0.0,0.0,21404.53370333286,8.668417552698479,0,0,40,0.0,0,0,0,0,0,0,16383,0.0,1
959506,5,0.0,163.34398120779716,0.0,0.0,132075.2949642638,3.317323858326037,0,0,116,52.71904324341796,4,0,0,0,0,0,16383,0.0,1
5,0,56.0,0.0,0.0,0.0,0.0,0.0,0,0,0,56.0,0,0,0,0,0,0,0,0.0,1
579992,3,0.0,602.1047737154385,0.0,0.0,132791.72317558437,7.0,0,0,76,233.19417612718783,4,0,0,0,0,0,16383,0.0,1
1426385,21,0.0,681.4803278481264,135.0,51.23248885811366,63440.84434625676,1.0,0,0,443,674.0222079977867,4,0,0,0,0,0,16383,0.0,1
235446,5,0.0,605.1554112161427,0.0,0.0,21199.83699582692,6.907977160922315,0,0,116,822.359634227674,4,0,0,0,0,0,16383,0.0,1
753014,7,0.0,76.875482914592,191.72044754178788,54.77727072622512,177256.60909642465,5.400559427234864,0,0,156,59.45097899766101,4,0,0,0,0,0,16383,0.0,1
15613,2,0.0,0.0,0.0,0.0,2438.405567584404,3.4489101452001885,0,0,40,0.0,0,0,0,0,0,0,16383,0.0,1
1071178,13,0.0,714.2787637362301,48.07627468533636,18.54192982984478,84837.33286766247,1.9846051083086915,0,0,281,515.8444317736333,4,0,0,0,0,0,16383,0.0,1
788233,5,0.0,27.75322589739104,0.0,0.0,65243.59560354636,2.2512218295872106,0,0,116,8.957315142010657,4,0,0,0,0,0,16383,0.0,1
41908,2,0.0,0.0,0.0,0.0,11049.727458688663,6.012406156718435,0,0,40,0.0,0,0,0,0,0,0,16383,0.0,1
365300,3,0.0,238.909899142826,0.0,0.0,73972.66264391996,7.45025424614289,0,0,76,92.52940606242588,4,0,0,0,0,0,16383,0.0,1
771241,6,0.0,88.73600135339035,674.1370346190074,192.6105813197165,223057.47888940023,7.872743045251452,0,0,154,114.26797035523452,4,0,0,0,0,0,16383,0.0,1
8,0,24.0,0.0,0.0,0.0,0.0,0.0,0,0,0,24.0,0,0,0,0,0,0,0,0.0,1
1387711,19,0.0,709.2362546564036,135.0,56.38461067255881,73816.72179315222,1.0,0,0,408,589.4469470441943,4,0,0,0,0,0,16383,0.0,1
929178,18,0.0,723.8485105838439,129.21253819302697,54.21404967362423,55932.82601866261,2.6229187885014977,0,0,380,549.5627210817545,4,0,0,0,0,0,16383,0.0,1
523803,5,0.0,119.10359258664684,0.0,0.0,53841.312848921,4.655079003949942,0,0,116,38.44051921346304,4,0,0,0,0,0,16383,0.0,1
5,0,56.0,0.0,0.0,0.0,0.0,0.0,0,0,0,56.0,0,0,0,0,0,0,0,0.0,1
5,0,56.0,0.0,0.0,0.0,0.0,0.0,0,0,0,56.0,0,0,0,0,0,0,0,0.0,1
408789,3,0.0,22.42867871047577,0.0,0.0,88024.39767095647,1.049919653363152,0,0,76,8.357293326973505,4,0,0,0,0,0,16383,0.0,1
444474,3,0.0,57.27232970150163,0.0,0.0,84758.96644969532,3.832086036836929,0,0,76,22.181477913241626,4,0,0,0,0,0,16383,0.0,1
7302564,22,0.0,570.6490685358444,40.2059073644416,10.520754543863305,551124.3058408734,1.0926254830513673,0,0,468,704.4836694179597,4,0,0,0,59556,227,16383,0.0,1
680379,3,0.0,33.67242851953443,0.0,0.0,119950.71366908013,7.490306098057388,0,0,76,13.04127548825165,4,0,0,0,0,0,16383,0.0,1
9,0,56.0,0.0,0.0,0.0,0.0,0.0,0,0,0,56.0,0,0,0,0,0,0,0,0.0,1
1032715,27,0.0,622.9831775686932,114.39587416374744,33.16840620825119,28754.8218312092,2.0,0,0,573,821.7957217280331,4,0,0,0,0,0,16383,0.0,1
478797,45,0.0,75.85840387649517,1460.0,1221.2385667179512,58705.68065975482,1.741288357844559,0,0,929,930.2043678080224,4,0,0,0,0,0,16383,0.0,1
61365,2,0.0,0.0,0.0,0.0,18336.816358920285,4.393580085960341,0,0,40,0.0,0,0,0,0,0,0,16383,0.0,1
9,0,24.0,0.0,0.0,0.0,0.0,0.0,0,0,0,24.0,0,0,0,0,0,0,0,0.0,1
41857,2,0.0,0.0,0.0,0.0,10841.91039205458,7.972837515258887,0,0,40,0.0,0,0,0,0,0,0,16383,0.0,1
286552,3,0.0,59.27292586471017,0.0,0.0,50075.387634161816,4.052730052576514,0,0,76,22.956305475500933,4,0,0,0,0,0,16383,0.0,1
1347981,17,0.0,343.69380423511626,114.54683326045048,51.18927439833603,88799.34264921417,1.613291684887379,0,0,356,97.44736440813072,4,0,0,0,0,0,16383,0.0,1
5446319,7,0.0,90.9205647822318,158.01505975167484,42.68574040002551,1237001.6888363168,5.4638177282715485,0,0,170,52.547277947667965,4,0,0,0,309,158,16383,0.0,1
86802,2,0.0,0.0,0.0,0.0,24389.77616569652,6.273933760057369,0,0,40,0.0,0,0,0,0,0,0,16383,0.0,1
217610,3,0.0,643.7063529810096,0.0,0.0,29867.29237344272,6.570263616890633,0,0,87,283.1914787368071,4,0,0,0,0,0,16383,0.0,1
470692,42,0.0,74.15791304324064,1460.0,1223.056055107543,59152.88583902193,1.908608513668224,0,0,868,923.3225405020726,4,0,0,0,0,0,16383,0.0,1
504539,5,0.0,91.98025988014447,0.0,0.0,52322.93857028169,1.5978110094004023,0,0,116,29.686501224635816,4,0,0,0,0,0,16383,0.0,1
42576,2,0.0,0.0,0.0,0.0,8013.255582245623,2.0,0,0,40,0.0,0,0,0,0,0,0,16383,0.0,1
540409,3,0.0,135.77570403439034,0.0,0.0,100254.05592062887,2.306384246367168,0,0,76,52.5857040544781,4,0,0,0,0,0,16383,0.0,1
934732,5,0.0,208.22012963153995,0.0,0.0,134282.8991491744,2.0137455540113454,0,0,116,67.20275786734196,4,0,0,0,0,0,16383,0.0,1
1729171,6,0.0,58.63323475809006,190.91242986607077,54.546408533163074,382426.92283371225,3.2548712188905995,0,0,146,41.70591090473294,4,0,0,0,0,0,16383,0.0,1
12640803,37,0.0,437.0101904898415,348.38517343532783,150.9559168813078,1012852.3921092502,1.4288129659863291,0,0,761,898.4241834425147,4,0,0,0,256703,1465,16383,1008459.7045329986,1
87799,2,0.0,0.0,0.0,0.0,24062.748339577447,7.0,0,0,40,0.0,0,0,0,0,0,0,16383,0.0,1
620056,5,0.0,496.4406127403216,361.43726460863417,117.62625656441462,142164.5737301292,4.257320689160341,0,0,125,232.85124968294903,4,0,0,0,0,0,16383,0.0,1
10,0,56.0,0.0,0.0,0.0,0.0,0.0,0,0,0,56.0,0,0,0,0,0,0,0,0.0,1
568586,5,0.0,115.81606599946888,182.19938508893767,72.87975403557508,121755.61065866024,6.376821549790461,0,0,116,64.54641389687303,4,0,0,0,0,0,16383,0.0,1
237691,3,0.0,174.92397159925605,0.0,0.0,45607.41670196203,3.267266525213835,0,0,76,67.74776288563777,4,0,0,0,0,0,16383,0.0,1
566798,3,0.0,344.8059459126612,0.0,0.0,81741.60936609405,7.0,0,0,76,133.54276861930322,4,0,0,0,0,0,16383,0.0,1
56139,2,0.0,0.0,0.0,0.0,13595.912895470865,3.34574333719616,0,0,40,0.0,0,0,0,0,0,0,16383,0.0,1
406610,3,0.0,26.5509740180293,0.0,0.0,86764.22425796132,1.486895071217435,0,0,76,9.893328129127951,4,0,0,0,0,0,16383,0.0,1
7,0,56.0,0.0,0.0,0.0,0.0,0.0,0,0,0,56.0,0,0,0,0,0,0,0,0.0,1
103558100,0,54.03376575433114,5.057933639391038,0.0,0.0,2102144.1920507685,0.0,0,0,0,62.51516706701486,0,0,0,0,215,0,0,3.1615081661569757,1
195752,3,0.0,154.0439648435543,0.0,0.0,38449.66797367832,10.949096815043372,0,0,76,59.16945808902602,4,0,0,0,0,0,16383,0.0,1
849758,5,0.0,142.1524431999488,288.8673155696604,115.54692622786416,165025.17999698748,2.8850809747911628,0,0,116,81.54871610640272,4,0,0,0,0,0,16383,0.0,1
795694,7,0.0,501.8203292585334,195.0,55.71428571428572,198741.9780300219,7.0,0,0,156,181.75,4,0,0,0,0,0,16383,0.0,1
525945,13,0.0,424.5672087618616,815.1193620508823,555.7399929819807,71549.0485654074,3.367238101658907,0,0,276,648.3700644335192,4,0,0,0,0,0,16383,0.0,1
5448458,7,0.0,71.82183178391374,318.18472170329494,90.9099204866557,1368663.0284618868,7.799717982132374,0,0,156,70.19790178990135,4,0,0,0,229,318,16383,0.0,1
615295,5,0.0,30.983866769659336,0.0,0.0,29751.604125332706,6.233567215705082,0,0,116,9.999999999999998,4,0,0,0,0,0,16383,0.0,1
1866886,18,0.0,119.8172534410906,107.05694805065647,42.91067608579822,127678.12361890952,3.971525974671756,0,0,385,49.23912694571723,4,0,0,0,0,0,16383,0.0,1
640357,7,0.0,0.0,1460.0,475.1428571428572,252064.40095611828,4.213752180062077,0,0,156,255.84615384615387,4,0,0,0,0,0,16383,0.0,1
37207557,1934,0.0,233.52206226477517,766.9942468822163,648.531369726404,61422.10119311589,1.0,0,0,38708,1141.303362571213,4,0,0,0,0,0,16383,0.0,1
74095,2,0.0,0.0,0.0,0.0,31568.606809016645,7.136917438667156,0,0,40,0.0,0,0,0,0,0,0,16383,0.0,1
9,0,959.6972149635208,0.0,0.0,0.0,0.0,0.0,0,0,0,959.6972149635208,0,0,0,0,0,0,0,0.0,1
649995,7,0.0,0.0,1460.0,485.2847312595474,270900.2278234728,2.0,0,0,156,261.30716298591017,4,0,0,0,0,0,16383,0.0,1
222826,5,0.0,84.38394768147464,522.6889781951485,209.07559127805945,43281.2143715894,5.0777554512128695,0,0,116,107.01917071708073,4,0,0,0,0,0,16383,0.0,1
691768,5,0.0,30.983866769659336,0.0,0.0,49289.00823200557,3.076663886511427,0,0,116,9.999999999999998,4,0,0,0,0,0,16383,0.0,1
30268,2,0.0,0.0,0.0,0.0,9464.586972059022,6.4622929712356125,0,0,40,0.0,0,0,0,0,0,0,16383,0.0,1
218346,5,0.0,93.66031748691016,1428.4224459958289,554.3150569621928,43106.32838500054,5.736897839833158,0,0,130,257.6768336224593,4,0,0,0,0,0,16383,0.0,1
17223,2,0.0,0.0,0.0,0.0,3292.469917191283,5.2093078216936615,0,0,40,0.0,0,0,0,0,0,0,16383,0.0,1
544408,3,0.0,64.19546814565196,0.0,0.0,107279.4250575186,3.3347586673121503,0,0,76,24.86279790300988,4,0,0,0,0,0,16383,0.0,1
225997,3,0.0,237.73933200653025,0.0,0.0,45948.62677436059,2.7873870267523326,0,0,76,92.07604735997674,4,0,0,0,0,0,16383,0.0,1
50656,2,0.0,0.0,0.0,0.0,24745.23136933864,7.0,0,0,40,0.0,0,0,0,0,0,0,16383,0.0,1
224539,7,0.0,130.06183964651393,1460.0,583.5636305017221,45837.20742831974,5.890741658368474,0,0,156,307.869354697816,4,0,0,0,0,0,16383,0.0,1
2891569,209,0.0,44.68519420625188,1460.0,1295.3616591004852,98128.69056557804,1.0,0,0,4202,1091.5478122466996,4,0,0,0,0,0,16383,0.0,1
677653,5,0.0,94.74574204002325,737.6785256175193,295.07141024700775,140163.88720443266,4.0,0,0,116,143.36146406326225,4,0,0,0,0,0,16383,0.0,1
7,0,37.6832426785068,0.0,0.0,0.0,0.0,0.0,0,0,0,37.6832426785068,0,0,0,0,0,0,0,0.0,1
1972195,11,0.0,90.80905864669032,135.30762660001122,30.658422153088814,292276.05617815506,1.4425455148147457,0,0,249,46.57232745197148,4,0,0,0,0,0,16383,0.0,1
1565954,11,0.0,534.5802181885532,0.0,0.0,92927.5489110404,2.649322324576881,0,0,236,985.1055089699006,4,0,0,0,0,0,16383,0.0,1
552442,14,0.0,526.2952064759028,93.03029265536702,77.30348604232495,35354.23765228847,1.9362806214689263,0,0,297,966.5430677887232,4,0,0,0,0,0,16383,0.0,1
756925,3,0.0,116.5234936140372,0.0,0.0,221895.28058799333,7.935993653391379,0,0,76,45.129355020907234,4,0,0,0,0,0,16383,0.0,1
347359,3,0.0,42.95524380796783,0.0,0.0,80752.81794696966,7.175256762652992,0,0,76,16.5435837616997,4,0,0,0,0,0,16383,0.0,1
652585,5,0.0,101.35932936729964,371.9705869392447,148.78823477569787,149304.72567527066,8.415233779175614,0,0,116,89.18390745826542,4,0,0,0,0,0,16383,0.0,1
486351,7,0.0,450.85683505407496,648.1224035793116,450.94145315038776,67988.26639563042,3.1121610909872444,0,0,169,400.2032466333873,4,0,0,0,0,0,16383,0.0,1
702489,12,0.0,88.51142357419295,1460.0,779.1358771446947,199141.58540096376,2.0,0,0,275,498.8580798215056,4,0,0,0,0,0,16383,0.0,1
41990,2,0.0,0.0,0.0,0.0,11136.346834659866,6.204184311337253,0,0,40,0.0,0,0,0,0,0,0,16383,0.0,1
968650,5,0.0,30.983866769659336,0.0,0.0,80640.91482980418,5.513156213150652,0,0,116,9.999999999999998,4,0,0,0,0,0,16383,0.0,1
7,0,534.617278618666,0.0,0.0,0.0,0.0,0.0,0,0,0,534.617278618666,0,0,0,0,0,0,0,0.0,1
1399792,15,0.0,270.5941744846193,473.91243568957833,143.20634899998322,110615.96720849692,1.0,0,0,335,145.983957946565,4,0,0,0,0,0,16383,0.0,1
10,0,56.0,0.0,0.0,0.0,0.0,0.0,0,0,0,56.0,0,0,0,0,0,0,0,0.0,1
23337,2,0.0,0.0,0.0,0.0,7928.150819003385,10.683820345676583,0,0,40,0.0,0,0,0,0,0,0,16383,0.0,1
59842,2,0.0,0.0,0.0,0.0,27003.253350528208,7.586644368453026,0,0,40,0.0,0,0,0,0,0,0,16383,0.0,1
9,0,418.87309223404674,0.0,0.0,0.0,0.0,0.0,0,0,0,418.87309223404674,0,0,0,0,0,0,0,0.0,1
2326779,115,0.0,364.3514685484559,575.5154853921437,448.7806297051651,44199.31996355928,1.0,0,0,2333,1026.9415086963893,4,0,0,0,0,0,16383,0.0,1
254290,3,0.0,45.21229590744939,0.0,0.0,66833.46403568075,4.040946391940917,0,0,76,17.51064690933532,4,0,0,0,0,0,16383,0.0,1
3518610,22,0.0,174.1364538798542,305.954748665653,91.44293007054596,204629.834692447,1.0,0,0,461,220.02941213921707,4,0,0,0,0,0,16383,0.0,1
35433,2,0.0,0.0,0.0,0.0,13158.79284291438,4.481387842813679,0,0,40,0.0,0,0,0,0,0,0,16383,0.0,1
52981,2,0.0,0.0,0.0,0.0,26437.86578297189,4.352459728215723,0,0,40,0.0,0,0,0,0,0,0,16383,0.0,1
3,0,56.0,0.0,0.0,0.0,0.0,0.0,0,0,0,56.0,0,0,0,0,0,0,0,0.0,1
481027,3,0.0,90.79979882676255,0.0,0.0,96815.89459395345,8.678903075055159,0,0,76,33.833493386795354,4,0,0,0,0,0,16383,0.0,1
883576,117,0.0,135.12080672889425,1460.0,1240.6324786324783,68919.93617937916,1.0,0,0,2356,1036.1134751773054,4,0,0,0,0,0,16383,0.0,1
1790214,5,0.0,167.2839570942776,0.0,0.0,207411.56926676567,2.814125685591162,0,0,116,53.99066499281777,4,0,0,0,0,0,16383,0.0,1
1119162,23,0.0,237.3481543472186,1008.4826003600102,505.16173389182495,88107.63331894176,2.0,0,0,495,476.53088042154,4,0,0,0,0,0,16383,0.0,1
291544,5,0.0,495.7448563145563,184.80023211314617,73.92009284525847,61582.69877823857,2.110431863411103,0,0,116,191.9008739118998,4,0,0,0,0,0,16383,0.0,1
1236683,19,0.0,16.54272228504665,103.13243766111216,38.60740145711592,88496.54495912987,1.2891874462959498,0,0,396,25.589054611111905,4,0,0,0,0,0,16383,0.0,1
654218,3,0.0,120.12002946874972,0.0,0.0,121830.46771521465,12.450965623387654,0,0,76,46.52228736784119,4,0,0,0,0,0,16383,0.0,1
240115,33,0.0,83.35005290513429,1460.0,1218.438855945159,32356.30606113355,1.7500430536023788,0,0,676,906.467137823978,4,0,0,0,0,0,16383,0.0,1
238712,3,0.0,158.19623724655682,0.0,0.0,43678.687223116336,5.424971701451384,0,0,76,61.26913922885919,4,0,0,0,0,0,16383,0.0,1
119279857,0,29.0,0.0,0.0,0.0,2791111.6827362613,0.0,0,0,0,29.0,0,0,0,0,60,0,0,1.6066614446390175,1
3,0,56.0,0.0,0.0,0.0,0.0,0.0,0,0,0,56.0,0,0,0,0,0,0,0,0.0,1
12,0,584.721590985985,0.0,0.0,0.0,0.0,0.0,0,0,0,584.721590985985,0,0,0,0,0,0,0,0.0,1
2541444,9,0.0,38.18538883378518,250.3088270571213,203.95649507282,720948.3292233835,3.6571111958121625,0,0,212,140.9931327477277,4,0,0,0,436,6730,16383,0.0,1
43338,2,0.0,0.0,0.0,0.0,8284.352306821513,2.0,0,0,40,0.0,0,0,0,0,0,0,16383,0.0,1
975232,5,0.0,30.983866769659336,0.0,0.0,133287.9057249189,3.6922041683192544,0,0,116,9.999999999999998,4,0,0,0,0,0,16383,0.0,1
79661,2,0.0,0.0,0.0,0.0,43943.1787791573,4.913788443873259,0,0,40,0.0,0,0,0,0,0,0,16383,0.0,1
2324575,15,0.0,80.13487971803393,311.7136737065463,90.06238672789269,162471.05040622095,3.0471849829974937,0,0,319,91.9070888531842,4,0,0,0,0,0,16383,0.0,1
2,0,742.6129435912062,0.0,0.0,0.0,0.0,0.0,0,0,0,742.6129435912062,0,0,0,0,0,0,0,0.0,1
43866,2,0.0,0.0,0.0,0.0,12462.77394442328,9.0,0,0,40,0.0,0,0,0,0,0,0,16383,0.0,1
39863,2,0.0,0.0,0.0,0.0,13445.80786002951,4.022536613687835,0,0,40,0.0,0,0,0,0,0,0,16383,0.0,1
22144,2,0.0,0.0,0.0,0.0,4446.423715657472,4.0,0,0,40,0.0,0,0,0,0,0,0,16383,0.0,1
248771,35,0.0,75.77914341063068,1460.0,1220.2925346903746,32438.61701931893,1.8763194331423116,0,0,716,918.2114230399916,4,0,0,0,0,0,16383,0.0,1
113166,2,0.0,0.0,0.0,0.0,52665.482767367306,2.7948640748328204,0,0,40,0.0,0,0,0,0,0,0,16383,0.0,1
1400939,5,0.0,41.02955645601059,782.9488209732738,298.50261946933773,477762.5544932954,4.356384459628497,0,0,131,145.38696848329002,4,0,0,0,0,488,16383,0.0,1
52525,2,0.0,0.0,0.0,0.0,25097.57298557803,7.893257620500456,0,0,40,0.0,0,0,0,0,0,0,16383,0.0,1
660541,5,0.0,30.983866769659336,0.0,0.0,40673.31734495985,5.49060258234538,0,0,116,9.999999999999998,4,0,0,0,0,0,16383,0.0,1
76540,2,0.0,0.0,0.0,0.0,21964.58892583397,2.3877261358737853,0,0,40,0.0,0,0,0,0,0,0,16383,0.0,1
508733,3,0.0,31.596124162114897,0.0,0.0,115251.75908516732,6.435267084672619,0,0,76,11.773233770339557,4,0,0,0,0,0,16383,0.0,1
614292,5,0.0,29.277002188455995,0.0,0.0,199562.93731273056,6.061644697981024,0,0,116,9.23076923076923,4,0,0,0,0,0,16383,0.0,1
4,0,281.8039800711343,0.0,0.0,0.0,0.0,0.0,0,0,0,281.8039800711343,0,0,0,0,0,0,0,0.0,1
9,0,24.0,0.0,0.0,0.0,0.0,0.0,0,0,0,24.0,0,0,0,0,0,0,0,0.0,1
100426,2,0.0,0.0,0.0,0.0,70234.1398530108,4.245067560997219,0,0,40,0.0,0,0,0,0,0,0,16383,0.0,1
905992,7,0.0,81.05963360695804,292.7950156611909,83.65571876034026,186073.49866309052,4.0,0,0,156,68.17639847408793,4,0,0,0,0,0,16383,0.0,1
2823342,195,0.0,41.53553673712416,1460.0,1305.3208003746931,95835.61904958004,1.0,0,0,3918,1099.4494656259048,4,0,0,0,0,0,16383,0.0,1
473732,7,0.0,0.0,1460.0,582.6160851595301,179870.6709709203,2.0,0,0,156,313.71635354743927,4,0,0,0,0,0,16383,0.0,1
53453,2,0.0,0.0,0.0,0.0,26138.954405538778,8.673645417474908,0,0,40,0.0,0,0,0,0,0,0,16383,0.0,1
3504667,21,0.0,73.54123345199267,542.4051399165159,112.74887186737897,230517.2356328356,1.0,0,0,436,103.07883553409228,4,0,0,0,0,0,16383,0.0,1
1986450,5,0.0,29.277002188455995,0.0,0.0,604776.995179601,6.387899181020313,0,0,116,9.23076923076923,4,0,0,0,120,0,16383,0.0,1
947324,5,0.0,46.95069615511048,0.0,0.0,164210.75424552895,3.377588964523812,0,0,116,15.153272025132289,4,0,0,0,0,0,16383,0.0,1
279428,3,0.0,37.50988435620383,0.0,0.0,52492.84740710996,2.5877565007511,0,0,76,14.527515742974357,4,0,0,0,0,0,16383,0.0,1
235545,3,0.0,127.27706383470849,0.0,0.0,40442.26368144884,7.33886203942817,0,0,76,49.29419485860042,4,0,0,0,0,0,16383,0.0,1
614626,5,0.0,30.983866769659336,0.0,0.0,29724.79591609798,6.99601572956186,0,0,116,9.999999999999998,4,0,0,0,0,0,16383,0.0,1
2418703,33,0.0,444.4351532163236,488.9827762798807,249.50456413815368,71861.05945074007,1.7187396178535304,0,0,681,781.2373036243838,4,0,0,0,0,0,16383,0.0,1
375527,5,0.0,131.71558080942097,0.0,0.0,37423.11565960194,4.929604196233516,0,0,116,42.5110209092437,4,0,0,0,0,0,16383,0.0,1
39883,2,0.0,0.0,0.0,0.0,13449.01014065512,4.059733399653037,0,0,40,0.0,0,0,0,0,0,0,16383,0.0,1
375936,5,0.0,96.4405288556126,0.0,0.0,38314.036116258816,5.354548795778465,0,0,116,31.126046846435287,4,0,0,0,0,0,16383,0.0,1
1346051,12,0.0,573.2123993590134,0.0,0.0,70530.10637870252,1.0835543375106895,0,0,272,928.21683148531,4,0,0,0,0,0,16383,0.0,1
9,0,56.0,0.0,0.0,0.0,0.0,0.0,0,0,0,56.0,0,0,0,0,0,0,0,0.0,1
222074,3,0.0,210.4875889508872,0.0,0.0,45511.76973614563,4.160237238756545,0,0,76,81.52149265901383,4,0,0,0,0,0,16383,0.0,1
125598,2,0.0,0.0,0.0,0.0,62019.92229515086,7.235988744882027,0,0,40,0.0,0,0,0,0,0,0,16383,0.0,1
592522,5,0.0,40.21617845144355,0.0,0.0,84524.83163496102,7.0,0,0,116,12.97971578254554,4,0,0,0,0,0,16383,0.0,1
299709,3,0.0,521.5007776726062,0.0,0.0,49593.5947301812,5.228643363913921,0,0,76,201.97638269602209,4,0,0,0,0,0,16383,0.0,1
728857,5,0.0,30.983866769659336,0.0,0.0,58016.51800496545,7.894654515518667,0,0,116,9.999999999999998,4,0,0,0,0,0,16383,0.0,1
839955,5,0.0,54.43305464857345,78.04881796660777,31.21952718664311,179818.88254889625,5.888193476259149,0,0,116,27.08611584901101,4,0,0,0,0,0,16383,0.0,1
73381,2,0.0,0.0,0.0,0.0,23113.09884388916,9.0,0,0,40,0.0,0,0,0,0,0,0,16383,0.0,1
697019,3,0.0,213.41158806174096,0.0,0.0,132698.05584430875,6.8620214647652205,0,0,76,79.52065584559679,4,0,0,0,0,0,16383,0.0,1
655689,5,0.0,30.983866769659336,0.0,0.0,39330.94738656871,7.018590743335156,0,0,116,9.999999999999998,4,0,0,0,0,0,16383,0.0,1
160564,3,0.0,112.01999463268054,0.0,0.0,30975.37582417284,1.4618572738009377,0,0,76,43.3851573654616,4,0,0,0,0,0,16383,0.0,1
577231,11,0.0,95.7664257391056,1460.0,764.01745453024,144408.13170028882,1.6089671308726017,0,0,236,462.98513366657136,4,0,0,0,0,0,16383,0.0,1
279029,3,0.0,57.744700400282014,0.0,0.0,52719.269773930304,2.7026101127790025,0,0,76,22.3644262982029,4,0,0,0,0,0,16383,0.0,1
44155868,5,0.0,13.648536140494526,0.0,0.0,15271486.899439417,2.658661769689406,0,0,116,4.126929415751525,4,0,0,0,61,0,16383,49129.65247586182,1
964878,5,0.0,114.07066835190824,0.0,0.0,219731.7964047502,1.9598628027134557,0,0,116,35.96543145975723,4,0,0,0,0,0,16383,0.0,1
2149957,32,0.0,440.9636928316225,626.1454425424953,387.0148463295119,130408.88128255431,1.0,0,0,672,562.0094551821161,4,0,0,0,0,0,16383,0.0,1
5862893,13,0.0,83.35604216483762,105.22751377268838,30.12659540484424,858394.0430882238,1.443121556827904,0,0,284,39.655437121834574,4,0,0,0,359,380,16383,0.0,1
371455,5,0.0,65.63977575074172,194.0320962731604,77.61283850926417,54570.35400752719,2.415775103523322,0,0,116,62.16023864978531,4,0,0,0,0,0,16383,0.0,1
751646,11,0.0,556.9559677033244,0.0,0.0,43062.76032993989,3.1421113331397112,0,0,236,966.7226781078408,4,0,0,0,0,0,16383,0.0,1
90784,2,0.0,0.0,0.0,0.0,33121.546990889474,5.622715011514242,0,0,40,0.0,0,0,0,0,0,0,16383,0.0,1
552065,3,0.0,23.439022508634316,0.0,0.0,107234.89028888175,3.0,0,0,76,8.733763987207077,4,0,0,0,0,0,16383,0.0,1
1039183,3,0.0,246.2504286375919,0.0,0.0,264986.3338256932,5.191415615272682,0,0,76,95.37238091098314,4,0,0,0,0,0,16383,0.0,1
30248,2,0.0,0.0,0.0,0.0,9482.999166144951,6.6566121845891,0,0,40,0.0,0,0,0,0,0,0,16383,0.0,1
459533,3,0.0,113.09845004942902,0.0,0.0,99386.43095690744,5.000676512459762,0,0,76,43.802841352331,4,0,0,0,0,0,16383,0.0,1
3173911,77,0.0,7.22969522948921,1441.770700946057,577.808141688846,317085.35942641663,1.588041904965898,0,0,1565,446.7243221329729,4,0,0,0,159,79561,16383,0.0,1
521854,9,0.0,712.6295578594628,45.0,14.222222222222223,40262.3391764634,7.223161797616305,0,0,196,632.8076971053564,4,0,0,0,0,0,16383,0.0,1
49754,2,0.0,0.0,0.0,0.0,23292.91890824227,2.0,0,0,40,0.0,0,0,0,0,0,0,16383,0.0,1
80951,2,0.0,0.0,0.0,0.0,44276.427521359015,4.4674959335840185,0,0,40,0.0,0,0,0,0,0,0,16383,0.0,1
9,0,56.0,0.0,0.0,0.0,0.0,0.0,0,0,0,56.0,0,0,0,0,0,0,0,0.0,1
166437,3,0.0,110.58190964997608,0.0,0.0,31419.62255927507,7.394362110676589,0,0,76,42.82818944661705,4,0,0,0,0,0,16383,0.0,1
38497,2,0.0,0.0,0.0,0.0,14081.658040556138,6.413980471598833,0,0,40,0.0,0,0,0,0,0,0,16383,0.0,1
901715,22,0.0,674.1526527972251,123.93028163981646,42.82894563624314,36643.38216583045,3.0,0,0,462,674.1693675478973,4,0,0,0,0,0,16383,0.0,1
1369754,7,0.0,64.52141995233727,204.4289508796417,58.40827167989764,251602.18011656933,1.7142098240716592,0,0,156,54.59041950208599,4,0,0,0,0,0,16383,0.0,1
517569,5,0.0,120.22782129837556,0.0,0.0,55033.716834160776,3.0762209410731067,0,0,116,38.80336246995083,4,0,0,0,0,0,16383,0.0,1
9,0,57.58749577232769,0.0,0.0,0.0,0.0,0.0,0,0,0,57.58749577232769,0,0,0,0,0,0,0,0.0,1
948848,5,0.0,136.81613202989163,122.89787533340322,49.159150133361294,150032.06540185993,6.2569843876838185,0,0,116,74.97639729709634,4,0,0,0,0,0,16383,0.0,1
82180,2,0.0,0.0,0.0,0.0,38204.18617577748,0.8346017790497706,0,0,40,0.0,0,0,0,0,0,0,16383,0.0,1
51222,2,0.0,0.0,0.0,0.0,22903.027741168746,2.0,0,0,40,0.0,0,0,0,0,0,0,16383,0.0,1
3169207,6,0.0,114.05135994969696,547.9216640115227,156.54904686043506,434673.82527136966,2.015610127917558,0,0,136,112.52123505835876,4,0,0,0,441,1095,16383,0.0,1
10,0,329.35933029703483,0.0,0.0,0.0,0.0,0.0,0,0,0,329.35933029703483,0,0,0,0,0,0,0,0.0,1
52437,2,0.0,0.0,0.0,0.0,20824.88131164033,1.1087442462743784,0,0,40,0.0,0,0,0,0,0,0,16383,0.0,1
43342,2,0.0,0.0,0.0,0.0,8285.761236542992,2.0,0,0,40,0.0,0,0,0,0,0,0,16383,0.0,1
4749900,20,0.0,16.533570214921667,103.9309540936854,36.0494295179925,298941.887002878,1.0,0,0,433,22.062229769987358,4,0,0,0,275,751,16383,0.0,1
606166,5,0.0,64.26844121624686,0.0,0.0,89571.84642055622,7.525744979023046,0,0,116,20.74255020976954,4,0,0,0,0,0,16383,0.0,1
192758,5,0.0,37.68629333433364,142.38579460907815,56.95431784363126,41763.89822013081,4.8786434101221,0,0,116,41.791201567191706,4,0,0,0,0,0,16383,0.0,1
463091,3,0.0,104.7349024442204,0.0,0.0,99484.74293273388,4.229441260312478,0,0,76,40.563653293312406,4,0,0,0,0,0,16383,0.0,1
1669466,186,0.0,174.2611018195269,1039.0299628242478,848.2553253746913,47228.81930412624,1.0,0,0,3750,1008.7727402354632,4,0,0,0,0,0,16383,0.0,1
2308552,28,0.0,614.3447409317812,114.97382093181828,31.57393917152714,65599.3337329555,2.0,0,0,576,832.8877097956074,4,0,0,0,0,0,16383,0.0,1
1849316,15,0.0,91.01858514246813,815.8352383592334,193.50353506968483,133256.38071791234,2.029936329975348,0,0,316,141.32042526917954,4,0,0,0,0,0,16383,0.0,1
335903,3,0.0,70.56113809456389,0.0,0.0,78113.19068104993,2.659338025870528,0,0,76,27.328211272968765,4,0,0,0,0,0,16383,0.0,1
10,0,56.0,0.0,0.0,0.0,0.0,0.0,0,0,0,56.0,0,0,0,0,0,0,0,0.0,1
11,0,504.0,0.0,0.0,0.0,0.0,0.0,0,0,0,504.0,0,0,0,0,0,0,0,0.0,1
11,0,24.0,0.0,0.0,0.0,0.0,0.0,0,0,0,24.0,0,0,0,0,0,0,0,0.0,1
65796,2,0.0,0.0,0.0,0.0,28200.586341432136,8.52997850336365,0,0,40,0.0,0,0,0,0,0,0,16383,0.0,1
1391566,17,0.0,23.157236842846267,752.2468910898509,141.8410641024517,147565.04722958533,1.0,0,0,357,86.56578630451945,4,0,0,0,0,0,16383,0.0,1
1851621,16,0.0,10.90620958285445,1342.052226063125,209.90038585705096,178368.01886544912,4.334513583347462,0,0,342,110.46082873589268,4,0,0,0,0,0,16383,0.0,1
6195953,9,0.0,82.70965767030158,687.5446281202052,198.6542532820209,1403982.04868046,5.95779101295685,0,0,206,115.70504251436356,4,0,0,0,212,822,16383,0.0,1
75826,2,0.0,0.0,0.0,0.0,29901.4337710293,4.743529434853725,0,0,40,0.0,0,0,0,0,0,0,16383,0.0,1
728344,5,0.0,30.983866769659336,0.0,0.0,57847.69276242342,7.816557803596566,0,0,116,9.999999999999998,4,0,0,0,0,0,16383,0.0,1
887812,5,0.0,205.5755066126103,37.68478040068871,15.07391216027549,148443.4031213197,3.01518186306968,0,0,116,81.19536540553979,4,0,0,0,0,0,16383,0.0,1
52994,2,0.0,0.0,0.0,0.0,26397.265393671776,4.587200616138263,0,0,40,0.0,0,0,0,0,0,0,16383,0.0,1
17338,2,0.0,0.0,0.0,0.0,3273.5459489422456,5.93261951228034,0,0,40,0.0,0,0,0,0,0,0,16383,0.0,1
1035172,5,0.0,30.983866769659336,0.0,0.0,126517.04634648646,1.9243002726902123,0,0,116,9.999999999999998,4,0,0,0,0,0,16383,0.0,1
32634,2,0.0,0.0,0.0,0.0,21298.282522112542,2.551304359667725,0,0,40,0.0,0,0,0,0,0,0,16383,0.0,1
99482,2,0.0,0.0,0.0,0.0,27890.92619902311,8.803537659462604,0,0,40,0.0,0,0,0,0,0,0,16383,0.0,1
102128,2,0.0,0.0,0.0,0.0,71391.4779504097,5.098225971453771,0,0,40,0.0,0,0,0,0,0,0,16383,0.0,1
9,0,4.0,0.0,0.0,0.0,0.0,0.0,0,0,0,4.0,0,0,0,0,0,0,0,0.0,1
41835,2,0.0,0.0,0.0,0.0,10827.33032797728,7.799079163924185,0,0,40,0.0,0,0,0,0,0,0,16383,0.0,1
220338,7,0.0,99.5566095794962,1460.0,552.9228295258137,41973.04053221292,6.632051359398516,0,0,156,285.23469849303206,4,0,0,0,0,0,16383,0.0,1
1271714,7,0.0,46.943791553789225,183.6281582764796,59.89641347945695,143158.61341705392,2.0,0,0,156,43.98800426298084,4,0,0,0,0,0,16383,0.0,1
2238010,16,0.0,52.06372967375097,222.1038902103288,67.37508760676761,153580.2455878138,3.458239035732437,0,0,352,62.40083868613304,4,0,0,0,0,0,16383,0.0,1
720448,5,0.0,71.51991350229387,189.67061794693407,75.86824717877361,120908.3966444026,1.1277367517969643,0,0,116,65.29483833941406,4,0,0,0,0,0,16383,0.0,1
253465,15,0.0,87.66269495890073,1460.0,1124.937723325281,41737.50258937536,3.8668705441715545,0,0,316,690.8666584604694,4,0,0,0,0,0,16383,0.0,1
26769,2,0.0,0.0,0.0,0.0,6181.3782489352925,21.9113141713982,0,0,40,0.0,0,0,0,0,0,0,16383,0.0,1
8,0,354.3730663414386,0.0,0.0,0.0,0.0,0.0,0,0,0,354.3730663414386,0,0,0,0,0,0,0,0.0,1
345284,5,0.0,64.86634610599596,193.6095253606055,77.4438101442422,54285.39709632296,3.0,0,0,116,61.5156464800865,4,0,0,0,0,0,16383,0.0,1
9,0,24.0,0.0,0.0,0.0,0.0,0.0,0,0,0,24.0,0,0,0,0,0,0,0,0.0,1
1912661,22,0.0,687.9532271445049,122.33472232755636,42.83118938843091,78646.00237550343,2.0,0,0,458,667.0353327310094,4,0,0,0,0,0,16383,0.0,1
296059,3,0.0,559.7359072647716,0.0,0.0,45212.40932293615,2.014088230485248,0,0,76,216.78478471107596,4,0,0,0,0,0,16383,0.0,1
151410,3,0.0,111.71144946576725,225.7616461073397,90.30465844293587,32901.86829214249,4.763762860213591,0,0,93,75.3799142051917,4,0,0,0,0,0,16383,0.0,1
890268,5,0.0,114.72280322091204,410.7377305680361,164.29509222721444,170797.20223564218,6.751864931548326,0,0,116,89.45394583163144,4,0,0,0,0,0,16383,0.0,1
370459,3,0.0,101.77079209057806,0.0,0.0,73024.85535078231,6.899443370476234,0,0,76,39.41565828971462,4,0,0,0,0,0,16383,0.0,1
10,0,24.0,0.0,0.0,0.0,0.0,0.0,0,0,0,24.0,0,0,0,0,0,0,0,0.0,1
464005,5,0.0,80.36516254569483,184.45066547519104,73.7802661900764,69674.87597641234,3.0,0,0,116,67.71676067073355,4,0,0,0,0,0,16383,0.0,1
502729,3,0.0,106.04650561264364,0.0,0.0,114520.64365104034,3.862572644552078,0,0,76,41.07163501612601,4,0,0,0,0,0,16383,0.0,1
482424,3,0.0,84.17309496056401,0.0,0.0,94312.74229944806,7.934683806305495,0,0,76,31.36427490470332,4,0,0,0,0,0,16383,0.0,1
120747,2,0.0,0.0,0.0,0.0,55696.01308218973,9.07152296052155,0,0,40,0.0,0,0,0,0,0,0,16383,0.0,1
162395,3,0.0,100.2278980107204,0.0,0.0,34799.46010820221,8.0,0,0,76,38.81809798208956,4,0,0,0,0,0,16383,0.0,1
285074,3,0.0,54.72186582224164,0.0,0.0,50574.57979643292,3.71635257639196,0,0,76,21.193687500293876,4,0,0,0,0,0,16383,0.0,1
36012,2,0.0,0.0,0.0,0.0,11848.163082534553,7.582468689541692,0,0,40,0.0,0,0,0,0,0,0,16383,0.0,1
59515,2,0.0,0.0,0.0,0.0,26878.16418536145,8.941454226862,0,0,40,0.0,0,0,0,0,0,0,16383,0.0,1
877097,11,0.0,690.405584128468,352.9993704064585,71.09297118005266,70587.09517111888,3.346997801258392,0,0,253,676.0445849770557,4,0,0,0,0,0,16383,0.0,1
18341,2,0.0,0.0,0.0,0.0,3502.9549216789264,7.661684288399856,0,0,40,0.0,0,0,0,0,0,0,16383,0.0,1
231503,5,0.0,91.8596050712528,489.20313882255954,195.68125552902384,44030.232356364126,5.064042527281012,0,0,116,104.22450906641284,4,0,0,0,0,0,16383,0.0,1
627747,3,0.0,17.119734646938124,0.0,0.0,124921.2574706738,9.005313475668347,0,0,76,6.379093747398824,4,0,0,0,0,0,16383,0.0,1
5,0,881.375406937002,0.0,0.0,0.0,0.0,0.0,0,0,0,881.375406937002,0,0,0,0,0,0,0,0.0,1
39378,2,0.0,0.0,0.0,0.0,14349.834422292675,4.681571280128988,0,0,40,0.0,0,0,0,0,0,0,16383,0.0,1
1010904,16,0.0,655.0760363087064,59.229269603304765,22.802691513942868,66500.37390869505,3.257904185032187,0,0,341,717.658822338338,4,0,0,0,0,0,16383,0.0,1
1513777,8,0.0,80.55311661803034,1366.685490610114,397.88940773075024,410965.69884449086,4.2658533031050885,0,0,193,230.0246870938236,4,0,0,0,0,0,16383,0.0,1
26424,2,0.0,0.0,0.0,0.0,5874.260411701331,12.370153860750552,0,0,40,0.0,0,0,0,0,0,0,16383,0.0,1
1402524,17,0.0,309.2269240788014,219.82274383035312,80.22767618795864,81270.84761669017,1.416286412268636,0,0,372,125.46992318433604,4,0,0,0,0,0,16383,0.0,1
1027159,19,0.0,14.168805127167571,100.87216009136816,39.12544840662608,80110.19981062887,4.2180400228420405,0,0,396,26.55436107120344,4,0,0,0,0,0,16383,0.0,1
224189,5,0.0,85.77171047540796,526.0349398479168,210.41397593916676,43450.96088245364,4.2412650380207975,0,0,116,107.97148287979168,4,0,0,0,0,0,16383,0.0,1
407177,3,0.0,253.7354169697276,0.0,0.0,88122.44608117799,8.37898549629514,0,0,76,98.271304426675,4,0,0,0,0,0,16383,0.0,1
523594,3,0.0,80.55805360111427,0.0,0.0,99352.8430116995,1.518008066404625,0,0,76,31.2,4,0,0,0,0,0,16383,0.0,1
8,0,56.0,0.0,0.0,0.0,0.0,0.0,0,0,0,56.0,0,0,0,0,0,0,0,0.0,1
996138,5,0.0,58.64752233949102,0.0,0.0,210975.2939087735,1.3288425266203112,0,0,116,18.49102381410093,4,0,0,0,0,0,16383,0.0,1
794063,8,0.0,62.15913389028151,97.75414387777607,28.776751354197444,166115.96696777034,4.277157289688176,0,0,180,36.52877729409381,4,0,0,0,0,0,16383,0.0,1
234822,8,0.0,106.56896788725142,1460.0,829.7224530995398,49243.1506255043,1.7422531871990872,0,0,185,452.8292703280496,4,0,0,0,0,0,16383,0.0,1
213414,5,0.0,71.46375566876651,233.75584873656103,93.5023394946244,34678.69716524027,3.6602379878985296,0,0,116,68.74296916324458,4,0,0,0,0,0,16383,0.0,1
812239,5,0.0,70.13168290307688,220.73070958275,88.29228383310002,121000.66323140792,3.584925599700868,0,0,116,62.687352908167554,4,0,0,0,0,0,16383,0.0,1
544451,7,0.0,109.69526738489796,586.4532052589759,167.55805864542165,152028.150086828,2.767133379464701,0,0,156,108.1682141452454,4,0,0,0,0,0,16383,0.0,1
615958,5,0.0,29.277002188455995,0.0,0.0,199427.69795805687,2.7501554108355046,0,0,116,9.23076923076923,4,0,0,0,0,0,16383,0.0,1
437876,3,0.0,201.5160076832654,0.0,0.0,89460.02354694136,1.550629067798063,0,0,76,78.0468141751493,4,0,0,0,0,0,16383,0.0,1
60400,2,0.0,0.0,0.0,0.0,24869.70441908295,7.069722569311366,0,0,40,0.0,0,0,0,0,0,0,16383,0.0,1
5,0,56.0,0.0,0.0,0.0,0.0,0.0,0,0,0,56.0,0,0,0,0,0,0,0,0.0,1
53489,2,0.0,0.0,0.0,0.0,19128.49091200564,5.075203577832758,0,0,40,0.0,0,0,0,0,0,0,16383,0.0,1
399828,5,0.0,283.7043104049672,0.0,0.0,102105.65118796247,6.445639619700049,0,0,116,89.44935694800671,4,0,0,0,0,0,16383,0.0,1
26997,2,0.0,0.0,0.0,0.0,6495.054096022797,20.312555353774638,0,0,40,0.0,0,0,0,0,0,0,16383,0.0,1
3,0,56.0,0.0,0.0,0.0,0.0,0.0,0,0,0,56.0,0,0,0,0,0,0,0,0.0,1
286037,6,0.0,88.49073906849024,886.1222484644823,257.1786144083796,54133.21452384212,6.217616419981997,0,0,149,148.13844690841407,4,0,0,0,0,0,16383,0.0,1
801794,19,0.0,722.787135225521,124.5782363396517,50.74782264416164,41320.76617279873,2.473921220116103,0,0,396,529.0580596579912,4,0,0,0,0,0,16383,0.0,1
502888,11,0.0,91.8874144887239,1460.0,578.9887942216629,133703.0456748352,1.283602888041901,0,0,236,355.02647691311586,4,0,0,0,0,0,16383,0.0,1
10,0,193.06277271652328,0.0,0.0,0.0,0.0,0.0,0,0,0,193.06277271652328,0,0,0,0,0,0,0,0.0,1
82073,2,0.0,0.0,0.0,0.0,38151.00507084743,1.6180334441962794,0,0,40,0.0,0,0,0,0,0,0,16383,0.0,1
296027,5,0.0,527.9687597469673,43.17039150653507,17.268156602614027,57854.43875483813,2.313826808224416,0,0,116,175.51141543914997,4,0,0,0,0,0,16383,0.0,1
1085919,7,0.0,85.90079392361093,331.8733800533688,94.82096572953397,225695.93687093563,1.7584993720071664,0,0,156,70.18284389996471,4,0,0,0,0,0,16383,0.0,1
116350,2,0.0,0.0,0.0,0.0,53819.41307162081,1.4298252740727917,0,0,40,0.0,0,0,0,0,0,0,16383,0.0,1
69778,2,0.0,0.0,0.0,0.0,20181.23008125149,1.0,0,0,40,0.0,0,0,0,0,0,0,16383,0.0,1
614579,5,0.0,29.277002188455995,0.0,0.0,199520.90358696616,7.354869597184739,0,0,116,9.23076923076923,4,0,0,0,0,0,16383,0.0,1
51051,2,0.0,0.0,0.0,0.0,21190.797904478823,3.028238586954873,0,0,40,0.0,0,0,0,0,0,0,16383,0.0,1
179610,9,0.0,181.521095903844,1460.0,881.5422249174502,32750.521762335564,2.0,0,0,196,510.4644186671141,4,0,0,0,0,0,16383,0.0,1
79383,2,0.0,0.0,0.0,0.0,43830.5817099607,5.461830016285244,0,0,40,0.0,0,0,0,0,0,0,16383,0.0,1
43027,2,0.0,0.0,0.0,0.0,18151.029876344342,2.607687709724149,0,0,40,0.0,0,0,0,0,0,0,16383,0.0,1
89960,2,0.0,0.0,0.0,0.0,20467.856877199927,7.0,0,0,40,0.0,0,0,0,0,0,0,16383,0.0,1
2,0,56.0,0.0,0.0,0.0,0.0,0.0,0,0,0,56.0,0,0,0,0,0,0,0,0.0,1
778415,18,0.0,215.34534130506933,1004.4254084413506,327.8330173666413,57683.124953553786,1.6595107686407702,0,0,382,249.46828533963523,4,0,0,0,0,0,16383,0.0,1
36470,2,0.0,0.0,0.0,0.0,12259.003957598788,6.592482901082737,0,0,40,0.0,0,0,0,0,0,0,16383,0.0,1
69513,2,0.0,0.0,0.0,0.0,48526.15942498946,6.728053960581551,0,0,40,0.0,0,0,0,0,0,0,16383,0.0,1
2365918,29,0.0,599.3005233309744,111.46112862031154,30.193203483969533,62069.36741243673,2.0,0,0,611,864.5585082467104,4,0,0,0,0,0,16383,0.0,1
690575,3,0.0,378.5999185505144,0.0,0.0,135801.96433266974,4.11249587754975,0,0,76,141.07253546848858,4,0,0,0,0,0,16383,0.0,1
77236,2,0.0,0.0,0.0,0.0,25732.25459887281,8.756273917801167,0,0,40,0.0,0,0,0,0,0,0,16383,0.0,1
2291354,60,0.0,6.760152065315884,1460.0,967.202712418132,131571.54616250514,1.0,0,0,1232,693.3859770138099,4,0,0,0,0,0,16383,0.0,1
3439602,0,50.0,0.0,0.0,0.0,96055.119358567,0.0,0,0,0,50.0,0,0,0,0,0,0,0,0.0,1
22705,2,0.0,0.0,0.0,0.0,8037.809683133144,7.191464413123182,0,0,40,0.0,0,0,0,0,0,0,16383,0.0,1
618564,5,0.0,29.277002188455995,0.0,0.0,201722.1626448908,6.045367074641782,0,0,116,9.23076923076923,4,0,0,0,0,0,16383,0.0,1
142444,2,0.0,0.0,0.0,0.0,61523.718765761645,2.832154246637633,0,0,40,0.0,0,0,0,0,0,0,16383,0.0,1
76556,2,0.0,0.0,0.0,0.0,21943.34268143481,2.4374312259958546,0,0,40,0.0,0,0,0,0,0,0,16383,0.0,1
1606990,15,0.0,194.22551883461185,881.4868118027088,147.85084865475406,115220.47120849368,1.0,0,0,332,123.25920402628915,4,0,0,0,0,0,16383,0.0,1
46830,2,0.0,0.0,0.0,0.0,17699.429970338602,4.323175134626787,0,0,40,0.0,0,0,0,0,0,0,16383,0.0,1
8,0,649.1121305660412,0.0,0.0,0.0,0.0,0.0,0,0,0,649.1121305660412,0,0,0,0,0,0,0,0.0,1
9686924,91,0.0,8.542353218822463,332.1234156998937,248.26338425010908,486546.7768151446,1.0,0,0,1836,205.0510178925712,4,0,0,0,154,78081,16383,0.0,1
41205,2,0.0,0.0,0.0,0.0,12545.456490252374,10.556050486289308,0,0,40,0.0,0,0,0,0,0,0,16383,0.0,1
1602641,21,0.0,613.7518339897242,79.88938974773208,25.86894525164658,65388.82356606695,1.0,0,0,447,811.3466333239576,4,0,0,0,0,0,16383,0.0,1
160744,3,0.0,98.37837098589344,0.0,0.0,34763.3451875805,8.0,0,0,76,38.10177924553802,4,0,0,0,0,0,16383,0.0,1
619131,5,0.0,29.277002188455995,0.0,0.0,201988.1269581238,6.558075265077407,0,0,116,9.23076923076923,4,0,0,0,0,0,16383,0.0,1
24757,2,0.0,0.0,0.0,0.0,12267.382558021876,6.602102343025229,0,0,40,0.0,0,0,0,0,0,0,16383,0.0,1
8,0,678.1232798341782,0.0,0.0,0.0,0.0,0.0,0,0,0,678.1232798341782,0,0,0,0,0,0,0,0.0,1
480443,5,0.0,50.08034506065618,218.23552924054897,87.2942116962196,102255.9928619975,1.0,0,0,116,49.364568504047895,4,0,0,0,0,0,16383,0.0,1
1044844,59,0.0,103.65850621823624,1417.6372338009885,1141.774578088715,76909.68853334757,1.0,0,0,1207,908.8293003007605,4,0,0,0,0,0,16383,0.0,1
250665,3,0.0,67.26157396263159,0.0,0.0,52441.469815197255,11.62550615942436,0,0,76,26.050295579697057,4,0,0,0,0,0,16383,0.0,1
794876,7,0.0,487.9279548352992,212.14128957210215,60.61179702060063,199547.36131518625,7.033676403874464,0,0,156,179.61210962736945,4,0,0,0,0,0,16383,0.0,1
2033290,19,0.0,683.9311616395607,116.81221341098129,40.63134562231404,92449.84022127977,1.8791857726012475,0,0,400,652.2253939543284,4,0,0,0,0,0,16383,0.0,1
612865,7,0.0,83.83718779097153,401.8037525719476,114.8010721634136,166652.83646157017,1.7301900496555915,0,0,156,76.4825146269422,4,0,0,0,0,0,16383,0.0,1
3,0,56.0,0.0,0.0,0.0,0.0,0.0,0,0,0,56.0,0,0,0,0,0,0,0,0.0,1
8,0,56.0,0.0,0.0,0.0,0.0,0.0,0,0,0,56.0,0,0,0,0,0,0,0,0.0,1
9,0,56.0,0.0,0.0,0.0,0.0,0.0,0,0,0,56.0,0,0,0,0,0,0,0,0.0,1
119014033,0,29.0,0.0,0.0,0.0,2090562.0064990087,0.0,0,0,0,29.0,0,0,0,0,59,0,0,0.9690820372622816,1
51560,2,0.0,0.0,0.0,0.0,15088.886675796866,8.897919186957665,0,0,40,0.0,0,0,0,0,0,0,16383,0.0,1
7,0,56.0,0.0,0.0,0.0,0.0,0.0,0,0,0,56.0,0,0,0,0,0,0,0,0.0,1
1239794,5,0.0,104.47987706454307,0.0,0.0,207976.1809759572,5.048256289829514,0,0,116,33.72073532373114,4,0,0,0,0,0,16383,0.0,1
99027,2,0.0,0.0,0.0,0.0,27538.974183336777,8.900960895690467,0,0,40,0.0,0,0,0,0,0,0,16383,0.0,1
21239,2,0.0,0.0,0.0,0.0,3325.0850617164765,6.980788367493894,0,0,40,0.0,0,0,0,0,0,0,16383,0.0,1
1975154,27,0.0,569.5093483086002,362.197166715149,218.4649069403465,107983.56956822213,1.0,0,0,575,620.1520805729525,4,0,0,0,0,0,16383,0.0,1
743820,5,0.0,30.983866769659336,0.0,0.0,46350.93504087503,5.155128652244772,0,0,116,9.999999999999998,4,0,0,0,0,0,16383,0.0,1
25814,2,0.0,0.0,0.0,0.0,9115.049966814162,6.24900873610909,0,0,40,0.0,0,0,0,0,0,0,16383,0.0,1
165835,3,0.0,47.07309237612079,0.0,0.0,30346.44989575855,7.423297601142243,0,0,76,18.231330282719917,4,0,0,0,0,0,16383,0.0,1
729107,5,0.0,30.983866769659336,0.0,0.0,58098.85797577954,7.932744086032632,0,0,116,9.999999999999998,4,0,0,0,0,0,16383,0.0,1
7,0,27.03737397829343,0.0,0.0,0.0,0.0,0.0,0,0,0,27.03737397829343,0,0,0,0,0,0,0,0.0,1
3,0,24.0,0.0,0.0,0.0,0.0,0.0,0,0,0,24.0,0,0,0,0,0,0,0,0.0,1
69640,2,0.0,0.0,0.0,0.0,35234.35057000762,6.326639249425911,0,0,40,0.0,0,0,0,0,0,0,16383,0.0,1
7,0,341.3051470996202,0.0,0.0,0.0,0.0,0.0,0,0,0,341.3051470996202,0,0,0,0,0,0,0,0.0,1
614597,5,0.0,30.983866769659336,0.0,0.0,29448.715404540035,2.9666747348659177,0,0,116,9.999999999999998,4,0,0,0,0,0,16383,0.0,1
302894,8,0.0,213.4196850820091,1252.99792912854,398.999066482555,43292.77868346611,1.2839534579855416,0,0,184,267.64041072111155,4,0,0,0,0,0,16383,0.0,1
56702,2,0.0,0.0,0.0,0.0,14343.153692932312,3.995256594804313,0,0,40,0.0,0,0,0,0,0,0,16383,0.0,1
654052,9,14.489789115412073,429.49623477661794,243.13595623244757,89.67320960581705,93910.8048911026,3.758503514743132,0,0,167,165.19943670593105,3,0,0,0,0,0,12426,0.0,1
700508,3,0.0,35.79270249172206,0.0,0.0,129884.45830764118,4.4035082685969975,0,0,76,13.862454066619629,4,0,0,0,0,0,16383,0.0,1
45519,2,0.0,0.0,0.0,0.0,12870.426140651192,7.822383035989172,0,0,40,0.0,0,0,0,0,0,0,16383,0.0,1
761368,3,0.0,37.1721883449777,0.0,0.0,152081.90812176658,1.0,0,0,76,14.396726640218407,4,0,0,0,0,0,16383,0.0,1
702440,12,0.0,88.51592544366493,1460.0,779.1948323422201,199114.08560692333,2.0,0,0,275,498.8781506071878,4,0,0,0,0,0,16383,0.0,1
61693,2,0.0,0.0,0.0,0.0,24932.265225095325,9.0,0,0,40,0.0,0,0,0,0,0,0,16383,0.0,1
543159,3,0.0,111.04589833417997,0.0,0.0,75958.21400813684,9.351214753225708,0,0,76,43.0078914912921,4,0,0,0,0,0,16383,0.0,1
45036,2,0.0,0.0,0.0,0.0,21867.57536020736,7.0,0,0,40,0.0,0,0,0,0,0,0,16383,0.0,1
358126,5,0.0,64.86634610599596,183.3216736439417,73.32866945757668,56547.4888438933,3.0,0,0,116,60.04595337770596,4,0,0,0,0,0,16383,0.0,1
1,0,56.0,0.0,0.0,0.0,0.0,0.0,0,0,0,56.0,0,0,0,0,0,0,0,0.0,1
2356656,8,0.0,50.30453789062385,26.111381869500438,14.847648514029656,540902.2201986486,2.6960545409264323,0,0,177,22.03243540977544,4,0,0,0,292,133,16383,0.0,1
119846486,0,29.0,0.0,0.0,0.0,4323063.942586961,0.0,0,0,0,29.0,0,0,0,0,61,0,0,2.97123710785583,1
88884,2,0.0,0.0,0.0,0.0,34746.797888313966,5.586120318618564,0,0,40,0.0,0,0,0,0,0,0,16383,0.0,1
1507693,29,0.0,348.6531634618917,549.3350960985467,452.3718386241569,111068.90648113516,2.247486169728018,0,0,612,981.4755268419256,4,0,0,0,0,0,16383,0.0,1
615836,5,0.0,502.9475658705543,347.03816822859835,112.94021012997246,138478.66893680464,4.28690787350288,0,0,125,232.5498505633278,4,0,0,0,0,0,16383,0.0,1
59569,2,0.0,0.0,0.0,0.0,26903.289182260683,8.766371899874006,0,0,40,0.0,0,0,0,0,0,0,16383,0.0,1
41055,2,0.0,0.0,0.0,0.0,12556.57157693002,10.674239255661304,0,0,40,0.0,0,0,0,0,0,0,16383,0.0,1
527089,3,0.0,89.14182260892879,0.0,0.0,82961.19517533726,7.619526200036303,0,0,76,34.5244794414957,4,0,0,0,0,0,16383,0.0,1
76702,2,0.0,0.0,0.0,0.0,21757.0710659711,2.87320929857472,0,0,40,0.0,0,0,0,0,0,0,16383,0.0,1
166439,3,0.0,110.82689080655273,0.0,0.0,31441.285104655617,7.375385951885469,0,0,76,42.923070240572656,4,0,0,0,0,0,16383,0.0,1
59703,2,0.0,0.0,0.0,0.0,26952.41617647974,8.186599481210184,0,0,40,0.0,0,0,0,0,0,0,16383,0.0,1
22985,2,0.0,0.0,0.0,0.0,8048.007707697307,9.23919048032328,0,0,40,0.0,0,0,0,0,0,0,16383,0.0,1
469512,6,0.0,31.77674555221538,142.4573169497284,59.074348147488806,67927.66479636557,3.257148860335462,0,0,139,36.88126283562575,4,0,0,0,0,0,16383,0.0,1
266466,3,0.0,178.43638048944388,0.0,0.0,53714.88802495461,7.990679157065766,0,0,76,66.48832020841327,4,0,0,0,0,0,16383,0.0,1
976479,9,0.0,665.5538472530775,172.13066806751942,38.99978213342583,87920.70932639237,5.026920668274272,0,0,215,729.4978264715738,4,0,0,0,0,0,16383,0.0,1
2528433,17,0.0,378.8669358819628,122.92329911278183,54.866133360390016,170630.4411980996,1.4422938054511354,0,0,373,120.19871731983346,4,0,0,0,0,0,16383,0.0,1
10,0,56.58520599993415,0.0,0.0,0.0,0.0,0.0,0,0,0,56.58520599993415,0,0,0,0,0,0,0,0.0,1
282931,3,0.0,166.7416379704485,0.0,0.0,69501.72091914547,7.778460943383576,0,0,76,64.5787586978893,4,0,0,0,0,0,16383,0.0,1
705365,11,0.0,87.76055765050782,1460.0,732.3996634015394,194785.86897156748,1.771124537516501,0,0,248,451.7061231216709,4,0,0,0,0,0,16383,0.0,1
398047,3,0.0,120.74485111224796,0.0,0.0,81799.76061910286,11.177963138214317,0,0,76,46.29928354248899,4,0,0,0,0,0,16383,0.0,1
2,0,56.0,0.0,0.0,0.0,0.0,0.0,0,0,0,56.0,0,0,0,0,0,0,0,0.0,1
282935,3,0.0,483.0062993756205,0.0,0.0,41303.02882637297,2.0,0,0,76,187.0675353595052,4,0,0,0,0,0,16383,0.0,1
45695,2,0.0,0.0,0.0,0.0,21369.058301074787,7.0,0,0,40,0.0,0,0,0,0,0,0,16383,0.0,1
108123,2,0.0,0.0,0.0,0.0,32546.86718077114,7.527677466221695,0,0,40,0.0,0,0,0,0,0,0,16383,0.0,1
65545,2,0.0,0.0,0.0,0.0,32130.46124111228,6.211635898569861,0,0,40,0.0,0,0,0,0,0,0,16383,0.0,1
43194,2,0.0,0.0,0.0,0.0,12399.90208321941,9.0,0,0,40,0.0,0,0,0,0,0,0,16383,0.0,1
85680,2,0.0,0.0,0.0,0.0,59908.40748855038,5.943353723603807,0,0,40,0.0,0,0,0,0,0,0,16383,0.0,1
32790,2,0.0,0.0,0.0,0.0,20706.45495146704,4.299017859414895,0,0,40,0.0,0,0,0,0,0,0,16383,0.0,1
338023,5,0.0,65.1252737300209,206.5867578209676,82.63470312838703,51558.467939573726,2.804414059677473,0,0,116,63.56512277188933,4,0,0,0,0,0,16383,0.0,1
20332,2,0.0,0.0,0.0,0.0,3711.835239228552,5.8604006451348,0,0,40,0.0,0,0,0,0,0,0,16383,0.0,1
1455564,19,0.0,682.9634511145297,124.0,47.6041172101266,95229.27794713202,2.0,0,0,412,360.26308772852,4,0,0,0,0,0,16383,0.0,1
4,0,504.0,0.0,0.0,0.0,0.0,0.0,0,0,0,504.0,0,0,0,0,0,0,0,0.0,1
536767,3,0.0,139.57253148618432,0.0,0.0,98709.7487715208,3.273821712763305,0,0,76,54.05620900340023,4,0,0,0,0,0,16383,0.0,1
1072242,7,0.0,93.6626351444267,399.7893177547835,114.22551935850956,221090.88519290995,2.0,0,0,156,78.89874665890387,4,0,0,0,0,0,16383,0.0,1
32403,2,0.0,0.0,0.0,0.0,21329.1078441112,2.2898735444652614,0,0,40,0.0,0,0,0,0,0,0,16383,0.0,1
1932759,5,0.0,142.34288899415156,0.0,0.0,406397.1934677442,2.0,0,0,116,45.94096987711667,4,0,0,0,0,0,16383,0.0,1
1303588,17,0.0,31.993903532042395,1058.6919866580306,138.69636963687896,88644.96212854779,1.9416919866580304,0,0,356,76.5596785759083,4,0,0,0,0,0,16383,0.0,1
373844,5,0.0,83.29230196457692,576.289953539448,230.5159814157792,74344.0973850918,2.669428128947124,0,0,116,114.92128877266768,4,0,0,0,0,0,16383,0.0,1
1969734,40,0.0,350.0100735228961,794.5219365333044,536.7378283482444,119372.51022183106,1.0,0,0,835,674.1721461410463,4,0,0,0,0,0,16383,0.0,1
18317,2,0.0,0.0,0.0,0.0,2688.4281858225286,7.618232046898354,0,0,40,0.0,0,0,0,0,0,0,16383,0.0,1
60484,2,0.0,0.0,0.0,0.0,27237.923372618512,4.817185164649144,0,0,40,0.0,0,0,0,0,0,0,16383,0.0,1
736953,5,0.0,30.983866769659336,0.0,0.0,48495.45350410248,5.702722086462369,0,0,116,9.999999999999998,4,0,0,0,0,0,16383,0.0,1
100442,2,0.0,0.0,0.0,0.0,44789.4220473733,5.898847146192559,0,0,40,0.0,0,0,0,0,0,0,16383,0.0,1
2119734,18,0.0,26.825869676824126,96.970704409102,36.87594018917442,144502.31820867694,3.687586862626756,0,0,389,25.623541885885523,4,0,0,0,0,0,16383,0.0,1
3,0,24.0,0.0,0.0,0.0,0.0,0.0,0,0,0,24.0,0,0,0,0,0,0,0,0.0,1
66089,2,0.0,0.0,0.0,0.0,46275.02644026336,2.0,0,0,40,0.0,0,0,0,0,0,0,16383,0.0,1
57689,2,0.0,0.0,0.0,0.0,20180.60389038549,3.717424041156964,0,0,40,0.0,0,0,0,0,0,0,16383,0.0,1
39278,2,0.0,0.0,0.0,0.0,14858.312500251808,2.0,0,0,40,0.0,0,0,0,0,0,0,16383,0.0,1
103692,2,0.0,0.0,0.0,0.0,39812.8174230093,5.275859958668282,0,0,40,0.0,0,0,0,0,0,0,16383,0.0,1
3642438,66,0.0,62.61160427187096,713.443658587675,468.8312860888516,191508.8568943996,0.6677605916031529,0,0,1339,393.647483863479,4,0,0,0,0,0,16383,0.0,1
614388,5,0.0,30.983866769659336,0.0,0.0,29484.584154463075,2.6505316809193973,0,0,116,9.999999999999998,4,0,0,0,0,0,16383,0.0,1
4,0,504.0,0.0,0.0,0.0,0.0,0.0,0,0,0,504.0,0,0,0,0,0,0,0,0.0,1
5,0,56.0,0.0,0.0,0.0,0.0,0.0,0,0,0,56.0,0,0,0,0,0,0,0,0.0,1
515331,5,0.0,80.55805360111427,0.0,0.0,48647.116482982674,4.895512931978934,0,0,116,26.0,4,0,0,0,0,0,16383,0.0,1
10,0,453.47765455140257,0.0,0.0,0.0,0.0,0.0,0,0,0,453.47765455140257,0,0,0,0,0,0,0,0.0,1
4861580,20,0.0,16.447750753059406,103.69963956962212,36.53408852079175,320754.6462300651,1.0,0,0,423,22.55582879590754,4,0,0,0,272,744,16383,0.0,1
614596,5,0.0,30.983866769659336,0.0,0.0,29437.943470985985,2.809225125056788,0,0,116,9.999999999999998,4,0,0,0,0,0,16383,0.0,1
469813,7,0.0,9.580386239155878,100.08432804473502,42.773269842582735,66295.62569823136,1.8028109348245005,0,0,171,21.829374436636783,4,0,0,0,0,0,16383,0.0,1
1507907,8,0.0,107.7593740633206,1405.2491258472833,408.3680587715299,407143.6761441554,3.921840293857649,0,0,194,247.2070452128637,4,0,0,0,0,0,16383,0.0,1
8,0,56.0,0.0,0.0,0.0,0.0,0.0,0,0,0,56.0,0,0,0,0,0,0,0,0.0,1
525943,13,0.0,451.9859949234095,736.2213202137661,500.1446454259763,70030.29799840355,3.534513102020284,0,0,276,646.6691405573993,4,0,0,0,0,0,16383,0.0,1
7,0,956.5927535193588,0.0,0.0,0.0,0.0,0.0,0,0,0,956.5927535193588,0,0,0,0,0,0,0,0.0,1
1116224,7,0.0,14.323768042665154,1460.0,465.8140547962503,455684.8759717352,2.0,0,0,162,253.70004272299903,4,0,0,0,58,573,16383,0.0,1
3,0,56.0,0.0,0.0,0.0,0.0,0.0,0,0,0,56.0,0,0,0,0,0,0,0,0.0,1
2555868,36,0.0,578.6622642892828,127.79767436752456,26.89358878814832,50208.62746393796,1.277012524325979,0,0,751,918.2352841865562,4,0,0,0,0,0,16383,0.0,1
10,0,24.0,0.0,0.0,0.0,0.0,0.0,0,0,0,24.0,0,0,0,0,0,0,0,0.0,1
481344,8,0.0,9.736888812721244,93.49572412831292,39.17948588817069,63503.1173796292,1.5831908042770977,0,0,189,20.85316014791201,4,0,0,0,0,0,16383,0.0,1
321901,3,0.0,75.66569661953368,0.0,0.0,71006.36255629257,7.0,0,0,76,29.305198288663675,4,0,0,0,0,0,16383,0.0,1
823666,5,0.0,60.39178057916016,411.66731033514736,164.66692413405897,116983.8571652962,3.70984932175402,0,0,116,81.82952351587056,4,0,0,0,0,0,16383,0.0,1
158198,3,0.0,175.3051309711255,0.0,0.0,30400.56724033981,10.896021296044584,0,0,76,67.89538527558788,4,0,0,0,0,0,16383,0.0,1
4,0,504.0,0.0,0.0,0.0,0.0,0.0,0,0,0,504.0,0,0,0,0,0,0,0,0.0,1
234311,5,0.0,160.60265189645108,1082.3102879203584,432.9241151681434,41578.825592071495,4.729994567540407,0,0,116,228.3272254228313,4,0,0,0,0,0,16383,0.0,1
207573,3,0.0,8.059287008879227,0.0,0.0,46390.6381051919,7.830869243805524,0,0,76,3.121348436769504,4,0,0,0,0,0,16383,0.0,1
10,0,56.78630608891972,0.0,0.0,0.0,0.0,0.0,0,0,0,56.78630608891972,0,0,0,0,0,0,0,0.0,1
24952,2,0.0,0.0,0.0,0.0,12438.953694517571,6.238053988720685,0,0,40,0.0,0,0,0,0,0,0,16383,0.0,1
1895518,5,0.0,187.82559302177867,0.0,0.0,399560.75015765015,2.0,0,0,116,60.620449480406734,4,0,0,0,0,0,16383,0.0,1
618945,5,0.0,194.71547956779,0.0,0.0,65989.70928638575,2.3409545898677675,0,0,116,62.84415080123675,4,0,0,0,0,0,16383,0.0,1
133042,2,0.0,0.0,0.0,0.0,49928.3137422871,8.0,0,0,40,0.0,0,0,0,0,0,0,16383,0.0,1
650049,7,0.0,89.4711792633354,1460.0,662.2667161739286,118262.869187319,1.862996831358872,0,0,166,340.942073653189,4,0,0,0,0,0,16383,0.0,1
662466,5,0.0,30.983866769659336,0.0,0.0,35050.98610994278,4.0,0,0,116,9.999999999999998,4,0,0,0,0,0,16383,0.0,1
867624,3,0.0,21.578514857664437,0.0,0.0,261574.7832769128,8.606692830094083,0,0,76,8.357322867962367,4,0,0,0,0,0,16383,0.0,1
87360,2,0.0,0.0,0.0,0.0,34372.47157914593,2.5754434853759367,0,0,40,0.0,0,0,0,0,0,0,16383,0.0,1
87347,2,0.0,0.0,0.0,0.0,42317.42321140557,1.286519548927123,0,0,40,0.0,0,0,0,0,0,0,16383,0.0,1
125288,2,0.0,0.0,0.0,0.0,46715.5356431454,7.605280624705859,0,0,40,0.0,0,0,0,0,0,0,16383,0.0,1
266524,3,0.0,178.8876282612235,0.0,0.0,53745.499058817295,7.997237899903602,0,0,76,66.65646252480146,4,0,0,0,0,0,16383,0.0,1
211254,9,0.0,128.75697404851127,1460.0,962.7800982423554,39792.34748089816,2.0900780159881784,0,0,196,540.7510255129888,4,0,0,0,0,0,16383,0.0,1
983181,5,0.0,30.983866769659336,0.0,0.0,80400.4887361938,2.897365865790932,0,0,116,9.999999999999998,4,0,0,0,0,0,16383,0.0,1
791871,5,0.0,30.983866769659336,0.0,0.0,67971.75136828049,2.754738932802684,0,0,116,9.999999999999998,4,0,0,0,0,0,16383,0.0,1
342845,9,0.0,93.34750212204489,1460.0,679.2510246690829,69192.85232285988,1.0266173808351788,0,0,198,383.7512841400569,4,0,0,0,0,0,16383,0.0,1
288487,3,0.0,515.5723294198535,0.0,0.0,42950.52356967223,2.0,0,0,76,199.68030456084568,4,0,0,0,0,0,16383,0.0,1
89993,2,0.0,0.0,0.0,0.0,34323.88822332897,6.542163791714121,0,0,40,0.0,0,0,0,0,0,0,16383,0.0,1
785611,11,0.0,186.7778097164959,1460.0,760.9282845407287,109673.12955667668,1.0,0,0,253,472.68493532963305,4,0,0,0,0,0,16383,0.0,1
19424,2,0.0,0.0,0.0,0.0,4807.846104649735,6.988325699530225,0,0,40,0.0,0,0,0,0,0,0,16383,0.0,1
379092,5,0.0,93.95825595588768,0.0,0.0,106934.85319613936,2.0,0,0,116,29.62417301032035,4,0,0,0,0,0,16383,0.0,1
1021339,26,0.0,635.2243041190434,117.36985299781394,36.204408444069145,29553.569031176045,1.9753431334790703,0,0,555,797.8716239075158,4,0,0,0,0,0,16383,0.0,1
5,0,56.0,0.0,0.0,0.0,0.0,0.0,0,0,0,56.0,0,0,0,0,0,0,0,0.0,1
1032115,5,0.0,40.34960143232232,0.0,0.0,140259.23023469257,3.0,0,0,116,13.022777864457606,4,0,0,0,0,0,16383,0.0,1
477199,5,0.0,18.16017033962897,52.99504144208535,21.19801657683413,97857.68071979724,1.3722086113966352,0,0,116,14.719495470608678,4,0,0,0,0,0,16383,0.0,1
8,0,38.63834422208343,0.0,0.0,0.0,0.0,0.0,0,0,0,38.63834422208343,0,0,0,0,0,0,0,0.0,1
108895,2,0.0,0.0,0.0,0.0,76194.95058524415,4.7711951850266665,0,0,40,0.0,0,0,0,0,0,0,16383,0.0,1
5898849,7,0.0,103.590874868445,789.7893565526584,225.17151564185744,1477793.5913485491,6.573790665735987,0,0,158,133.6385982043897,4,0,0,0,223,789,16383,0.0,1
161771,3,0.0,111.19011101759536,0.0,0.0,31146.725507277588,2.264758609300172,0,0,76,43.06374482341006,4,0,0,0,0,0,16383,0.0,1
2182484,18,0.0,92.17067178070518,673.4092056708214,136.2818597066047,180939.33588479672,2.2293657770376725,0,0,377,118.45725058716336,4,0,0,0,0,0,16383,0.0,1
22722,2,0.0,0.0,0.0,0.0,7954.116494946429,6.592678366857264,0,0,40,0.0,0,0,0,0,0,0,16383,0.0,1
661857,5,0.0,30.983866769659336,0.0,0.0,35580.03923713606,4.0,0,0,116,9.999999999999998,4,0,0,0,0,0,16383,0.0,1
23100,2,0.0,0.0,0.0,0.0,11084.11583312848,3.5048905340888057,0,0,40,0.0,0,0,0,0,0,0,16383,0.0,1
58575,2,0.0,0.0,0.0,0.0,30806.61662898372,5.330035643623569,0,0,40,0.0,0,0,0,0,0,0,16383,0.0,1
850243,5,0.0,146.4959867748287,299.3062771932161,119.72251087728644,164292.6499061012,2.7363778177604545,0,0,116,84.24550505267655,4,0,0,0,0,0,16383,0.0,1
7632534,9,0.0,170.83662551905127,1421.903669045902,671.7409397224643,2367359.6937273717,2.946153595824597,0,0,215,383.7385167007868,4,0,0,0,9504,6049,16383,567760.2573215126,1
227306,3,0.0,527.7320566809134,0.0,0.0,42080.066044502535,8.481414986163053,0,0,76,204.3897466784966,4,0,0,0,0,0,16383,0.0,1
98606,2,0.0,0.0,0.0,0.0,27141.1775369623,8.774330256886934,0,0,40,0.0,0,0,0,0,0,0,16383,0.0,1
741146,20,0.0,296.8723134685131,876.0246339174975,271.3767494436838,46932.86184643829,1.5602595134920914,0,0,423,281.1105882915926,4,0,0,0,0,0,16383,0.0,1
387941,3,0.0,98.23476245629436,0.0,0.0,75965.03755366393,8.948579371638596,0,0,76,37.2138208677947,4,0,0,0,0,0,16383,0.0,1
99506,2,0.0,0.0,0.0,0.0,27909.87238817416,8.798293197209187,0,0,40,0.0,0,0,0,0,0,0,16383,0.0,1
617817,5,0.0,29.277002188455995,0.0,0.0,201371.1614141097,5.368730409794266,0,0,116,9.23076923076923,4,0,0,0,0,0,16383,0.0,1
668174,3,0.0,359.2860255399072,0.0,0.0,134208.50121632876,4.095683615937438,0,0,76,133.875862349263,4,0,0,0,0,0,16383,0.0,1
1476801,15,0.0,229.81870686171,408.5332093247287,90.61122785586716,142998.0971020431,1.7674940077921688,0,0,334,94.45425121349618,4,0,0,0,0,0,16383,0.0,1
4708719,41,0.0,12.917696302477,1284.155305527937,765.4327086721156,329617.5068026742,1.0,0,0,853,487.990709460616,4,0,0,0,35,97,16383,0.0,1
85673,2,0.0,0.0,0.0,0.0,34159.00141844123,2.025852244067064,0,0,40,0.0,0,0,0,0,0,0,16383,0.0,1
287180,3,0.0,213.12493326488635,0.0,0.0,44459.795361182194,3.131918490843326,0,0,76,82.54293171964721,4,0,0,0,0,0,16383,0.0,1
2812517,259,0.0,51.50498393581846,1460.0,1274.7441945560474,80553.98865255647,1.0,0,0,5206,1088.2605848609255,4,0,0,0,0,0,16383,0.0,1
52033,2,0.0,0.0,0.0,0.0,24643.2237028807,7.0,0,0,40,0.0,0,0,0,0,0,0,16383,0.0,1
794884,5,0.0,30.983866769659336,0.0,0.0,69587.77452044029,2.421013879330686,0,0,116,9.999999999999998,4,0,0,0,0,0,16383,0.0,1
547438,5,0.0,91.83291898834383,353.33993850391744,141.33597540156697,110622.60753657095,5.381952719416647,0,0,116,83.31406437192317,4,0,0,0,0,0,16383,0.0,1
65354,2,0.0,0.0,0.0,0.0,32611.24344162817,6.853078076416229,0,0,40,0.0,0,0,0,0,0,0,16383,0.0,1
60430,2,0.0,0.0,0.0,0.0,19286.224183472164,3.398516025657651,0,0,40,0.0,0,0,0,0,0,0,16383,0.0,1
999485,5,0.0,30.983866769659336,0.0,0.0,101797.58208918554,1.13534107814186,0,0,116,9.999999999999998,4,0,0,0,0,0,16383,0.0,1
53637,2,0.0,0.0,0.0,0.0,19292.53577598117,3.929551866860656,0,0,40,0.0,0,0,0,0,0,0,16383,0.0,1
275064,31,0.0,68.11261953650504,1460.0,1244.9132640271623,35326.482136080944,2.16547367123638,0,0,646,908.5619627215292,4,0,0,0,0,0,16383,0.0,1
1311587,10,0.0,572.4036674899791,0.0,0.0,83120.74297251306,1.0,0,0,216,925.6248387559916,4,0,0,0,0,0,16383,0.0,1
303609,7,0.0,139.75683743837544,1409.798361127763,480.82975735005977,49167.748018569415,1.9072585338356087,0,0,171,267.44115561898667,4,0,0,0,0,0,16383,0.0,1
1030810,44,0.0,43.51146614725604,1460.0,948.6504940488624,76006.03562846954,1.0,0,0,897,678.7676072023344,4,0,0,0,0,0,16383,0.0,1
980578,17,0.0,709.4874502992901,128.6004864992351,42.70792975300738,70625.94112332775,1.9809755475826245,0,0,356,590.512011371855,4,0,0,0,0,0,16383,0.0,1
1311450,5,0.0,45.07767854353224,0.0,0.0,126268.21993972478,2.7257030236945137,0,0,116,14.548758190399314,4,0,0,0,0,0,16383,0.0,1
520648,3,0.0,80.55805360111427,0.0,0.0,98813.14146981823,1.580699084554285,0,0,76,31.2,4,0,0,0,0,0,16383,0.0,1
9,0,55.505508760389866,0.0,0.0,0.0,0.0,0.0,0,0,0,55.505508760389866,0,0,0,0,0,0,0,0.0,1
7,0,559.1552237872207,0.0,0.0,0.0,0.0,0.0,0,0,0,559.1552237872207,0,0,0,0,0,0,0,0.0,1
965642,6,0.0,74.93136696772422,198.7439909131739,65.16345972626094,165252.0385816901,5.880007572355088,0,0,140,63.10658746573774,4,0,0,0,0,0,16383,0.0,1
125041,2,0.0,0.0,0.0,0.0,46508.30345892758,7.452719164278457,0,0,40,0.0,0,0,0,0,0,0,16383,0.0,1
61876,2,0.0,0.0,0.0,0.0,9086.291545969356,2.0,0,0,40,0.0,0,0,0,0,0,0,16383,0.0,1
10,0,504.3526079860103,0.0,0.0,0.0,0.0,0.0,0,0,0,504.3526079860103,0,0,0,0,0,0,0,0.0,1
24396,2,0.0,0.0,0.0,0.0,5607.497386094047,8.323327542291015,0,0,40,0.0,0,0,0,0,0,0,16383,0.0,1
1480584,24,0.0,457.82809401686137,541.0640951567369,257.8520696389917,72569.3573973128,1.3064634680428204,0,0,512,664.9028524827463,4,0,0,0,0,0,16383,0.0,1
892725,8,0.0,65.61453584441821,133.1112841585723,58.9846134268123,138253.021476928,1.7104751552585826,0,0,188,46.26052327206823,4,0,0,0,0,0,16383,0.0,1
686692,3,0.0,478.1305074494664,0.0,0.0,137672.15600311602,2.4558298159789462,0,0,76,178.159264346835,4,0,0,0,0,0,16383,0.0,1
1029453,5,0.0,267.78351380620086,384.8819840040656,153.95279360162624,258714.20021787795,5.09303637459165,0,0,116,143.64228929009633,4,0,0,0,0,0,16383,0.0,1
527377,5,0.0,151.84545232382584,0.0,0.0,59261.805156554976,4.0,0,0,116,49.00790900395914,4,0,0,0,0,0,16383,0.0,1
733391,3,0.0,43.906059128369165,0.0,0.0,192841.4333406533,10.900024305196474,0,0,76,17.004743580177188,4,0,0,0,0,0,16383,0.0,1
104233,2,0.0,0.0,0.0,0.0,43705.27555560888,6.425712424909789,0,0,40,0.0,0,0,0,0,0,0,16383,0.0,1
820070,5,0.0,81.65926621558751,302.4277343345933,120.97109373383734,141346.42143194744,5.001637011582544,0,0,116,75.00910959817432,4,0,0,0,0,0,16383,0.0,1
30259,2,0.0,0.0,0.0,0.0,9473.285764615115,6.554098571303513,0,0,40,0.0,0,0,0,0,0,0,16383,0.0,1
10,0,1293.9632451119326,0.0,0.0,0.0,0.0,0.0,0,0,0,1293.9632451119326,0,0,0,0,0,0,0,0.0,1
655994,5,0.0,97.03032475283575,193.51100397377976,77.4044015895119,99136.29412175258,4.058373509832588,0,0,116,75.88133661408696,4,0,0,0,0,0,16383,0.0,1
977224,5,0.0,30.983866769659336,0.0,0.0,87188.99669728741,4.766158937547321,0,0,116,9.999999999999998,4,0,0,0,0,0,16383,0.0,1
705138,12,0.0,87.9288602570546,1460.0,745.7263738347377,196453.04633113477,1.8401080784392,0,0,256,465.6591939989688,4,0,0,0,0,0,16383,0.0,1
672537,7,0.0,86.8915180008018,303.1307076224954,132.50769602752695,100845.27528635008,1.0316466071048307,0,0,156,92.28759548211056,4,0,0,0,0,0,16383,0.0,1
679573,3,0.0,45.56728154432973,0.0,0.0,124310.1735714048,8.116154488350105,0,0,76,17.648132255313364,4,0,0,0,0,0,16383,0.0,1
153378,3,0.0,119.81748062124124,0.0,0.0,34000.1894881169,4.857336313121884,0,0,76,46.40511070305973,4,0,0,0,0,0,16383,0.0,1
464572,5,0.0,78.86853592712885,0.0,0.0,51909.92526800452,6.0,0,0,116,25.454710515460945,4,0,0,0,0,0,16383,0.0,1
1111509,13,0.0,10.62335320832831,734.5534386781603,100.22957446577963,122344.98839041105,4.468177612219766,0,0,277,53.43482140041983,4,0,0,0,0,0,16383,0.0,1
4,0,56.51671709632792,0.0,0.0,0.0,0.0,0.0,0,0,0,56.51671709632792,0,0,0,0,0,0,0,0.0,1
289084,3,0.0,519.0773410703118,0.0,0.0,43127.83987938175,2.0,0,0,76,201.03778973589448,4,0,0,0,0,0,16383,0.0,1
67345,2,0.0,0.0,0.0,0.0,47246.55515505527,4.067276546745326,0,0,40,0.0,0,0,0,0,0,0,16383,0.0,1
4429568,31,0.0,116.39905239424968,1254.067326037132,745.0748920091947,528360.5608467455,1.1617695789181994,0,0,644,590.499425592498,4,0,0,0,5577,25975,16383,0.0,1
161701,3,0.0,137.19330394630845,0.0,0.0,31031.798620471385,9.0,0,0,76,53.1347381395225,4,0,0,0,0,0,16383,0.0,1
74672,2,0.0,0.0,0.0,0.0,15917.853500169524,8.719589349623291,0,0,40,0.0,0,0,0,0,0,0,16383,0.0,1
30837,2,0.0,0.0,0.0,0.0,4763.008413110222,3.965975995241382,0,0,40,0.0,0,0,0,0,0,0,16383,0.0,1
835794,17,0.0,101.74956350435886,925.540310389461,130.23748517794283,53215.22918141596,1.9846993170350185,0,0,356,85.01935844604951,4,0,0,0,0,0,16383,0.0,1
1317324,10,0.0,572.3564046351581,0.0,0.0,83017.51699511243,1.0,0,0,217,925.455005719715,4,0,0,0,0,0,16383,0.0,1
18169,2,0.0,0.0,0.0,0.0,2652.965028006226,3.1877652066256577,0,0,40,0.0,0,0,0,0,0,0,16383,0.0,1
4,0,39.67009125387974,0.0,0.0,0.0,0.0,0.0,0,0,0,39.67009125387974,0,0,0,0,0,0,0,0.0,1
10,0,685.3448896926616,0.0,0.0,0.0,0.0,0.0,0,0,0,685.3448896926616,0,0,0,0,0,0,0,0.0,1
10,0,1033.8832309902511,0.0,0.0,0.0,0.0,0.0,0,0,0,1033.8832309902511,0,0,0,0,0,0,0,0.0,1
904179,21,0.0,686.1759478029225,112.17549162738136,39.37871884558032,38338.89911550478,2.6490167452372853,0,0,436,642.0722854775942,4,0,0,0,0,0,16383,0.0,1
9,0,56.0,0.0,0.0,0.0,0.0,0.0,0,0,0,56.0,0,0,0,0,0,0,0,0.0,1
703250,5,0.0,79.49037949271937,317.729773201447,127.0919092805788,122855.72116732557,2.262056600014186,0,0,116,81.83113762436179,4,0,0,0,0,0,16383,0.0,1
67580,2,0.0,0.0,0.0,0.0,30654.46418838477,7.97924892410049,0,0,40,0.0,0,0,0,0,0,0,16383,0.0,1
57930,2,0.0,0.0,0.0,0.0,30694.16132080109,4.578980994307274,0,0,40,0.0,0,0,0,0,0,0,16383,0.0,1
396673,3,0.0,171.8455961802545,0.0,0.0,72589.20200836848,2.3789603547857103,0,0,76,69.53730163504045,4,0,0,0,0,0,16383,0.0,1
1394615,16,0.0,24.48297605375319,653.6657513137244,123.31568559973648,146868.77961744036,1.0,0,0,351,76.81487752213528,4,0,0,0,0,0,16383,0.0,1
79275,2,0.0,0.0,0.0,0.0,43645.63891770066,7.233039531481383,0,0,40,0.0,0,0,0,0,0,0,16383,0.0,1
230766,3,0.0,644.3822173646809,0.0,0.0,29902.5427421626,6.308336298145945,0,0,89,279.5930962864336,4,0,0,0,0,0,16383,0.0,1
61170,2,0.0,0.0,0.0,0.0,24936.760228819243,9.0,0,0,40,0.0,0,0,0,0,0,0,16383,0.0,1
152867,2,0.0,0.0,0.0,0.0,64280.86213331397,1.429122583160524,0,0,40,0.0,0,0,0,0,0,0,16383,0.0,1
155638,3,0.0,131.14423884322736,0.0,0.0,33871.26866639923,3.9263517769166185,0,0,76,50.79194529908674,4,0,0,0,0,0,16383,0.0,1
9,0,1148.8931015751575,0.0,0.0,0.0,0.0,0.0,0,0,0,1148.8931015751575,0,0,0,0,0,0,0,0.0,1
9,0,56.0,0.0,0.0,0.0,0.0,0.0,0,0,0,56.0,0,0,0,0,0,0,0,0.0,1
10,0,4.0,0.0,0.0,0.0,0.0,0.0,0,0,0,4.0,0,0,0,0,0,0,0,0.0,1
4800712,20,0.0,16.49452420231864,103.82571095156068,36.2699389586348,308866.22413119185,1.0,0,0,429,22.28680672920733,4,0,0,0,273,748,16383,0.0,1
2107931,5,0.0,29.277002188455995,0.0,0.0,589557.0543434578,5.5714151353217805,0,0,116,9.23076923076923,4,0,0,0,120,0,16383,0.0,1
5,0,56.0,0.0,0.0,0.0,0.0,0.0,0,0,0,56.0,0,0,0,0,0,0,0,0.0,1
536877,3,0.0,50.691802766773286,0.0,0.0,124379.71798774724,2.1503673732740456,0,0,76,18.888596625049463,4,0,0,0,0,0,16383,0.0,1
24640,2,0.0,0.0,0.0,0.0,9871.881895297029,8.713781409811292,0,0,40,0.0,0,0,0,0,0,0,16383,0.0,1
56136,2,0.0,0.0,0.0,0.0,20203.45289525181,7.143001122665726,0,0,40,0.0,0,0,0,0,0,0,16383,0.0,1
88032,2,0.0,0.0,0.0,0.0,24033.185625009137,7.0,0,0,40,0.0,0,0,0,0,0,0,16383,0.0,1
297737,5,0.0,427.9090726654064,263.3299157541076,105.33196630164298,47725.80348635654,3.2022677366517858,0,0,116,173.21218820390703,4,0,0,0,0,0,16383,0.0,1
3704512,7,0.0,319.0039085232128,159.0801855258315,30.39323301039401,1020136.3627811488,2.3673907286970706,0,0,160,256.89047827940954,4,0,0,0,9363,334,16383,0.0,1
8,0,38.60772450715538,0.0,0.0,0.0,0.0,0.0,0,0,0,38.60772450715538,0,0,0,0,0,0,0,0.0,1
61428,2,0.0,0.0,0.0,0.0,32634.13100201236,5.443215089071812,0,0,40,0.0,0,0,0,0,0,0,16383,0.0,1
723259,7,0.0,67.8826806981987,189.61951659401583,54.17700474114739,177640.032003064,2.7743957425198262,0,0,156,54.855192549409686,4,0,0,0,0,0,16383,0.0,1
23148,2,0.0,0.0,0.0,0.0,4708.707969453495,3.591852774287005,0,0,40,0.0,0,0,0,0,0,0,16383,0.0,1
242901,3,0.0,642.2126999585915,0.0,0.0,32719.47666716948,2.3502462802607065,0,0,83,308.88656013434434,4,0,0,0,0,0,16383,0.0,1
10,0,688.254060012638,0.0,0.0,0.0,0.0,0.0,0,0,0,688.254060012638,0,0,0,0,0,0,0,0.0,1
20357,2,0.0,0.0,0.0,0.0,2844.7324509472446,8.558991473128707,0,0,40,0.0,0,0,0,0,0,0,16383,0.0,1
1092917,6,0.0,118.42372327990638,347.89764712428337,99.39932774979523,221298.12990920528,2.6546226036565166,0,0,147,80.58105591869342,4,0,0,0,0,0,16383,0.0,1
770502,7,0.0,105.33192833168349,194.13335404025327,55.46667258292953,175219.52409457407,6.244430639831111,0,0,156,69.23901658156223,4,0,0,0,0,0,16383,0.0,1
848572,5,0.0,131.54169271009414,263.3661975881792,105.3464790352717,166814.66222197466,3.2483447637011507,0,0,116,74.9607875776782,4,0,0,0,0,0,16383,0.0,1
9,0,24.0,0.0,0.0,0.0,0.0,0.0,0,0,0,24.0,0,0,0,0,0,0,0,0.0,1
1618995,16,0.0,509.9006668775549,0.0,0.0,103556.28281924943,1.0006533907612996,0,0,355,1039.2790123006305,4,0,0,0,0,0,16383,0.0,1
9,0,56.0,0.0,0.0,0.0,0.0,0.0,0,0,0,56.0,0,0,0,0,0,0,0,0.0,1
112799,2,0.0,0.0,0.0,0.0,65227.089961549886,4.170379252836539,0,0,40,0.0,0,0,0,0,0,0,16383,0.0,1
53469,2,0.0,0.0,0.0,0.0,19105.46283462032,5.236026389455932,0,0,40,0.0,0,0,0,0,0,0,16383,0.0,1
512680,3,0.0,80.55805360111427,0.0,0.0,97353.35662317468,1.750265763938842,0,0,76,31.2,4,0,0,0,0,0,16383,0.0,1
5,0,657.4151743537836,0.0,0.0,0.0,0.0,0.0,0,0,0,657.4151743537836,0,0,0,0,0,0,0,0.0,1
63636,2,0.0,0.0,0.0,0.0,34778.65197612756,5.124912351288179,0,0,40,0.0,0,0,0,0,0,0,16383,0.0,1
1,0,56.0,0.0,0.0,0.0,0.0,0.0,0,0,0,56.0,0,0,0,0,0,0,0,0.0,1
221215,3,0.0,214.8360110225213,0.0,0.0,45286.46085590766,3.656435683799115,0,0,76,83.2056292855858,4,0,0,0,0,0,16383,0.0,1
783894,7,0.0,301.2791211078827,442.4404169743964,126.41154770697042,210367.9630568201,7.486130485214924,0,0,156,150.8888163636059,4,0,0,0,0,0,16383,0.0,1
438311,3,0.0,200.44352549216197,0.0,0.0,89482.04192571613,1.475562097944188,0,0,76,77.63144360862452,4,0,0,0,0,0,16383,0.0,1
1731538,17,0.0,22.77368907043214,620.8087260221827,86.14872424640163,123116.89417812436,1.9599408809493053,0,0,356,48.73351287166379,4,0,0,0,0,0,16383,0.0,1
17901,2,0.0,0.0,0.0,0.0,2578.982113630894,6.959773605543443,0,0,40,0.0,0,0,0,0,0,0,16383,0.0,1
604292,5,0.0,49.934137270210925,0.0,0.0,61783.23711630507,1.7924590637942963,0,0,116,16.1161735045635,4,0,0,0,0,0,16383,0.0,1
3147292,18,0.0,6.02487065717567,1436.3825462636366,169.70372412125354,367988.25510851847,1.7618533463343038,0,0,386,92.71396840222624,4,0,0,0,128,3130,16383,0.0,1
22446,2,0.0,0.0,0.0,0.0,8197.76111497148,7.8168691037587505,0,0,40,0.0,0,0,0,0,0,0,16383,0.0,1
928756,5,0.0,30.983866769659336,0.0,0.0,81251.065731143,7.46806905423429,0,0,116,9.999999999999998,4,0,0,0,0,0,16383,0.0,1
63836,2,0.0,0.0,0.0,0.0,34244.83862523161,8.601101761180544,0,0,40,0.0,0,0,0,0,0,0,16383,0.0,1
2875557,17,0.0,346.74336041318975,446.1526686071087,91.0306077953308,258519.44693712651,2.5211512849105646,0,0,356,120.7496265044716,4,0,0,0,63,800,16383,0.0,1
212986,3,0.0,173.18465218500242,0.0,0.0,39488.09117164679,6.382031183980297,0,0,76,64.96014220630255,4,0,0,0,0,0,16383,0.0,1
67665,2,0.0,0.0,0.0,0.0,20641.698636121648,4.410857478700356,0,0,40,0.0,0,0,0,0,0,0,16383,0.0,1
2244669,5,0.0,96.48112581512557,98.04254317117773,39.21701726847109,494450.47736389126,2.719940856484239,0,0,116,53.75038558428851,4,0,0,0,602,196,16383,0.0,1
296203,5,0.0,522.5686659894644,26.18535856720063,10.474143426880254,52084.44809634959,2.596910690546656,0,0,116,169.0571029222029,4,0,0,0,0,0,16383,0.0,1
697813,11,0.0,346.33407759609554,1460.0,844.16259837761,141000.68761253962,1.9995577032504384,0,0,236,563.4254328498373,4,0,0,0,0,0,16383,0.0,1
6,0,621.1199618063201,0.0,0.0,0.0,0.0,0.0,0,0,0,621.1199618063201,0,0,0,0,0,0,0,0.0,1
68774,2,0.0,0.0,0.0,0.0,21415.826294617767,2.2042685939651454,0,0,40,0.0,0,0,0,0,0,0,16383,0.0,1
609458,5,0.0,249.07558535927404,212.24084883638477,84.8963395345539,93830.8162935314,2.827553052274047,0,0,116,130.90503986498936,4,0,0,0,0,0,16383,0.0,1
723610,5,0.0,12.79625134304534,0.0,0.0,109250.55491622364,1.82929163668752,0,0,116,4.129972362124907,4,0,0,0,0,0,16383,0.0,1
1348331,12,0.0,573.2158658782325,0.0,0.0,70552.346150788,1.03046368630896,0,0,274,926.7903521185652,4,0,0,0,0,0,16383,0.0,1
24443,2,0.0,0.0,0.0,0.0,5789.168416112649,10.364413020285816,0,0,40,0.0,0,0,0,0,0,0,16383,0.0,1
1030976,9,0.0,58.21788457350168,45.0,14.64171929137313,136121.33284889362,2.6595884438857404,0,0,209,24.160376548224257,4,0,0,0,0,0,16383,0.0,1
8,0,702.7042124714187,0.0,0.0,0.0,0.0,0.0,0,0,0,702.7042124714187,0,0,0,0,0,0,0,0.0,1
365333,3,0.0,45.29875682828664,0.0,0.0,71521.10513305054,4.1546125783764,0,0,76,17.544133079985365,4,0,0,0,0,0,16383,0.0,1
472893,9,0.0,122.33729553628504,1460.0,767.9949890135938,87803.294667529,1.0893942827855785,0,0,203,443.15761787434576,4,0,0,0,0,0,16383,0.0,1
67340,2,0.0,0.0,0.0,0.0,21552.44514149633,6.059124057302746,0,0,40,0.0,0,0,0,0,0,0,16383,0.0,1
1093645,7,0.0,77.60237864583831,302.7040504468308,86.48687155623736,240838.88224237543,2.496173066122812,0,0,156,66.67272158753171,4,0,0,0,0,0,16383,0.0,1
468817,5,0.0,90.1782362479942,535.0243639215182,214.0097455686073,106220.25634389948,3.8492709705310535,0,0,116,110.74380820313414,4,0,0,0,0,0,16383,0.0,1
10,0,695.0875125740677,0.0,0.0,0.0,0.0,0.0,0,0,0,695.0875125740677,0,0,0,0,0,0,0,0.0,1
803739,11,0.0,522.904239636671,0.0,0.0,46864.158681337394,1.0,0,0,236,1010.3466666666671,4,0,0,0,0,0,16383,0.0,1
659963,5,0.0,684.0331736102058,0.0,0.0,93464.88249538712,3.752714452993378,0,0,116,618.2443512642416,4,0,0,0,0,0,16383,0.0,1
843700,7,0.0,18.82751247502075,43.23098434478328,18.4541919671635,116364.37655540918,2.160819605019701,0,0,162,16.852178382591894,4,0,0,0,0,0,16383,0.0,1
20066,2,0.0,0.0,0.0,0.0,8708.237626933087,6.0,0,0,40,0.0,0,0,0,0,0,0,16383,0.0,1
22764,2,0.0,0.0,0.0,0.0,7741.976521044647,5.074914986351149,0,0,40,0.0,0,0,0,0,0,0,16383,0.0,1
9,0,613.0903239498351,0.0,0.0,0.0,0.0,0.0,0,0,0,613.0903239498351,0,0,0,0,0,0,0,0.0,1
66028,2,0.0,0.0,0.0,0.0,11693.882464414502,5.812607216238712,0,0,40,0.0,0,0,0,0,0,0,16383,0.0,1
96949438,0,176.3097721324802,29.763123103082947,0.0,0.0,1863609.534669667,0.0,0,0,0,226.21809623347556,0,0,0,0,975,0,0,3.851156879983488,1
158723,3,0.0,321.9252707640688,0.0,0.0,35058.16609937673,6.3475897210857735,0,0,76,123.27832326335142,4,0,0,0,0,0,16383,0.0,1
646475,5,0.0,29.277002188455995,0.0,0.0,203333.98687566692,2.8884070000427524,0,0,116,9.23076923076923,4,0,0,0,0,0,16383,0.0,1
6,0,949.4518894942566,0.0,0.0,0.0,0.0,0.0,0,0,0,949.4518894942566,0,0,0,0,0,0,0,0.0,1
1372183,18,0.0,138.67646467446295,1087.8901307790388,214.62610863606997,139842.55509001526,1.0,0,0,384,151.36712508957373,4,0,0,0,0,0,16383,0.0,1
98246,2,0.0,0.0,0.0,0.0,40881.79035061377,8.0,0,0,40,0.0,0,0,0,0,0,0,16383,0.0,1
1696975,5,0.0,136.36090081209596,0.0,0.0,199162.05828284685,3.0,0,0,116,44.01029149325743,4,0,0,0,0,0,16383,0.0,1
969219,5,0.0,30.983866769659336,0.0,0.0,82124.74055381806,6.610120433560676,0,0,116,9.999999999999998,4,0,0,0,0,0,16383,0.0,1
1650832,5,0.0,29.036668421962737,21.95724030665607,12.210914252170978,393401.2862156968,3.744655038332009,0,0,131,14.193899354291974,4,0,0,0,0,0,16383,0.0,1
24498,2,0.0,0.0,0.0,0.0,5035.822928700543,2.498460701577889,0,0,40,0.0,0,0,0,0,0,0,16383,0.0,1
49364022,6,0.0,12.948329322183884,5.646883355961781,1.640974650450432,16470640.797891725,2.0,0,0,136,4.878167565968493,4,0,0,0,74,21,16383,53367.47360268719,1
8,0,367.5416579088032,0.0,0.0,0.0,0.0,0.0,0,0,0,367.5416579088032,0,0,0,0,0,0,0,0.0,1
710430,5,0.0,76.07096181487692,261.5015974214345,104.6006389685738,122176.14179431392,1.7107999747199458,0,0,116,74.60422384440544,4,0,0,0,0,0,16383,0.0,1
59190,2,0.0,0.0,0.0,0.0,15266.833245303716,6.032179389666618,0,0,40,0.0,0,0,0,0,0,0,16383,0.0,1
2,0,577.5244469424752,0.0,0.0,0.0,0.0,0.0,0,0,0,577.5244469424752,0,0,0,0,0,0,0,0.0,1
213071,5,0.0,90.45067751025196,451.6645338397543,180.6658135359017,40642.86679503434,2.1417105655766253,0,0,116,98.87989800624852,4,0,0,0,0,0,16383,0.0,1
707141,5,0.0,30.983866769659336,0.0,0.0,44913.25471748909,3.387322517975314,0,0,116,9.999999999999998,4,0,0,0,0,0,16383,0.0,1
398639,5,0.0,291.6885005793302,0.0,0.0,101470.06427361658,6.669174055827797,0,0,116,91.96669859793766,4,0,0,0,0,0,16383,0.0,1
17842,2,0.0,0.0,0.0,0.0,2561.652702312208,8.86591160114123,0,0,40,0.0,0,0,0,0,0,0,16383,0.0,1
419682,5,0.0,103.28721023634291,3.635970219572183,1.4543880878288735,122351.56601293873,2.0,0,0,116,33.226591895856096,4,0,0,0,0,0,16383,0.0,1
72248,2,0.0,0.0,0.0,0.0,33016.8823412578,8.049471275322864,0,0,40,0.0,0,0,0,0,0,0,16383,0.0,1
63810,2,0.0,0.0,0.0,0.0,34019.38655633215,9.325732155504848,0,0,40,0.0,0,0,0,0,0,0,16383,0.0,1
16487,2,0.0,0.0,0.0,0.0,3269.7961992678543,6.531148799976971,0,0,40,0.0,0,0,0,0,0,0,16383,0.0,1
653084,5,0.0,29.277002188455995,0.0,0.0,207028.82553844847,5.929497526920597,0,0,116,9.23076923076923,4,0,0,0,0,0,16383,0.0,1
552000,3,0.0,82.06597415923254,0.0,0.0,99711.27529601783,8.759169022309448,0,0,76,31.784015120899586,4,0,0,0,0,0,16383,0.0,1
22575,2,0.0,0.0,0.0,0.0,8181.289160730852,7.922984649148224,0,0,40,0.0,0,0,0,0,0,0,16383,0.0,1
704201,3,0.0,53.08103601050368,0.0,0.0,117639.28004094573,2.3357358134016266,0,0,76,20.558196846811693,4,0,0,0,0,0,16383,0.0,1
879582,8,0.0,25.08521699003363,34.73474403464763,19.263357710985936,120816.42561725037,2.933205087759306,0,0,193,18.276800495200497,4,0,0,0,0,0,16383,0.0,1
385030,5,0.0,100.94516576961128,824.8458687695235,329.93834750780934,78569.74315579883,4.672517962854638,0,0,116,158.72644577078322,4,0,0,0,0,0,16383,0.0,1
900121,5,0.0,86.38959029294666,0.0,0.0,162321.01680681226,5.668781667353965,0,0,116,27.88212037418869,4,0,0,0,0,0,16383,0.0,1
279461,5,0.0,83.89276191381383,652.2900019024418,260.91600076097666,54294.7350605264,2.0,0,0,116,126.80292339887478,4,0,0,0,0,0,16383,0.0,1
317189,4,0.0,648.821937575803,0.0,0.0,30134.10069703669,4.587748501287942,0,0,103,255.95549726769391,4,0,0,0,0,0,16383,0.0,1
42589,2,0.0,0.0,0.0,0.0,24487.466020068336,5.24054617507815,0,0,40,0.0,0,0,0,0,0,0,16383,0.0,1
8583,2,0.0,0.0,0.0,0.0,2208.32349866724,7.0,0,0,40,0.0,0,0,0,0,0,0,16383,0.0,1
4,0,77.6472378731512,0.0,0.0,0.0,0.0,0.0,0,0,0,77.6472378731512,0,0,0,0,0,0,0,0.0,1
704135,7,0.0,109.2235184302557,190.30466512030316,54.37276146294375,172013.07542654336,3.04373209624251,0,0,156,67.75346643931178,4,0,0,0,0,0,16383,0.0,1
2119648,378,0.0,76.02619377672991,1460.0,1296.8351655231952,47878.33315003915,1.0,0,0,7592,1111.6190528817506,4,0,0,0,0,0,16383,0.0,1
881938,104,0.0,143.4432299208725,1460.0,1237.1067013830418,68928.1775706521,1.0,0,0,2096,1029.607586744567,4,0,0,0,0,0,16383,0.0,1
372845,5,0.0,362.7388105010372,0.0,0.0,31588.30295501061,2.1465587182158483,0,0,116,117.07344767446706,4,0,0,0,0,0,16383,0.0,1
976022,5,0.0,24.013290143448323,0.0,0.0,165449.24408172985,2.082275967485536,0,0,116,7.750256067768506,4,0,0,0,0,0,16383,0.0,1
796139,4,0.0,721.4362527549722,0.0,0.0,119421.83232523115,6.827150454883544,0,0,104,528.0604734244839,4,0,0,0,0,0,16383,0.0,1
191941,2,0.0,0.0,0.0,0.0,78540.49799032939,4.881261512334214,0,0,40,0.0,0,0,0,0,0,0,16383,0.0,1
12,0,798.8495849504478,0.0,0.0,0.0,0.0,0.0,0,0,0,798.8495849504478,0,0,0,0,0,0,0,0.0,1
27891,2,0.0,0.0,0.0,0.0,10100.24405461126,4.029673461739403,0,0,40,0.0,0,0,0,0,0,0,16383,0.0,1
526845,5,0.0,147.3803841627855,0.0,0.0,58451.646747375366,4.0,0,0,116,47.56681445167664,4,0,0,0,0,0,16383,0.0,1
1100418,14,0.0,9.406281108721942,943.2982933773892,122.16486290304148,110205.40650208225,3.0,0,0,301,63.77430417522724,4,0,0,0,0,0,16383,0.0,1
891011,9,0.0,55.43253380078442,34.0,19.33333333333333,133280.5835626594,1.157878805893111,0,0,196,24.430523067023604,4,0,0,0,0,0,16383,0.0,1
162365,3,0.0,128.97363786479494,0.0,0.0,31486.6863994229,7.885596273087475,0,0,76,49.95127515501372,4,0,0,0,0,0,16383,0.0,1
802404,5,0.0,88.85003566855076,490.5457106404016,183.98629616972767,178270.45275644757,6.955805895060608,0,0,126,100.2799737987418,4,0,0,0,0,0,16383,0.0,1
402312,5,0.0,88.91977401442568,426.1882010465351,170.47528041861403,80375.13142211533,2.373546808710577,0,0,116,98.21874642031705,4,0,0,0,0,0,16383,0.0,1
8581,2,0.0,0.0,0.0,0.0,2226.7923552365187,6.33828716102251,0,0,40,0.0,0,0,0,0,0,0,16383,0.0,1
91042,2,0.0,0.0,0.0,0.0,18384.11393604515,7.935484513527496,0,0,40,0.0,0,0,0,0,0,0,16383,0.0,1
9,0,56.0,0.0,0.0,0.0,0.0,0.0,0,0,0,56.0,0,0,0,0,0,0,0,0.0,1
194219,9,0.0,383.2492278734579,1460.0,962.9455515859764,35882.05197000847,2.0,0,0,196,602.1979030540192,4,0,0,0,0,0,16383,0.0,1
434738,11,0.0,86.42802459316663,1460.0,635.9596310688635,114248.91144162636,1.928630562115394,0,0,247,391.55619170112016,4,0,0,0,0,0,16383,0.0,1
392296,3,0.0,80.07357357347384,0.0,0.0,65668.10235952858,4.061808460689223,0,0,76,31.012361692137844,4,0,0,0,0,0,16383,0.0,1
33850,2,0.0,0.0,0.0,0.0,10963.797363975727,8.630557887554486,0,0,40,0.0,0,0,0,0,0,0,16383,0.0,1
1519729,8,0.0,76.36984188534291,1231.441451154454,360.0463970975528,409844.780335517,4.6511639568249175,0,0,189,208.91721838083424,4,0,0,0,0,0,16383,0.0,1
502188,28,0.0,268.82559370002286,869.0107378252371,728.5695437436913,49076.18098783164,2.0,0,0,593,938.74145654957,4,0,0,0,0,0,16383,0.0,1
449449,11,0.0,88.29755488052837,1460.0,606.358977438619,119356.16293166924,1.8495277289940024,0,0,236,370.0979489932087,4,0,0,0,0,0,16383,0.0,1
15,0,757.4523776228762,0.0,0.0,0.0,0.0,0.0,0,0,0,757.4523776228762,0,0,0,0,0,0,0,0.0,1
4712537,31,0.0,14.690098640820764,709.7448989625536,410.353641925061,311517.88586530223,1.0,0,0,650,261.14022832902526,4,0,0,0,152,417,16383,0.0,1
29913,2,0.0,0.0,0.0,0.0,16832.521412311562,6.996964079299668,0,0,40,0.0,0,0,0,0,0,0,16383,0.0,1
631744,8,0.0,45.4902449085572,167.41070875256253,57.56528006794483,118335.69330872135,1.0,0,0,186,42.89007920370528,4,0,0,0,0,0,16383,0.0,1
1080270,18,0.0,9.821741924247696,717.190248670023,104.15775153070254,88011.82624016565,4.058079495130533,0,0,377,55.9328989551714,4,0,0,0,0,0,16383,0.0,1
3,0,760.0915495490784,0.0,0.0,0.0,0.0,0.0,0,0,0,760.0915495490784,0,0,0,0,0,0,0,0.0,1
10,0,691.2158630283327,0.0,0.0,0.0,0.0,0.0,0,0,0,691.2158630283327,0,0,0,0,0,0,0,0.0,1
152605,3,0.0,644.0453744520776,0.0,0.0,29704.01423480786,8.246131917290088,0,0,76,322.1136668543902,4,0,0,0,0,0,16383,0.0,1
9002155,8,0.0,126.21178300188863,1197.026163208417,499.81761334191424,2660599.1127680205,4.266326661917735,0,0,179,261.55910129096947,4,0,0,0,497,3943,16383,397636.3230971205,1
1089357,17,0.0,6.109344358639629,1281.476427042002,164.45798231648277,91351.68064626904,3.1912804500122856,0,0,359,83.27957215003714,4,0,0,0,0,0,16383,0.0,1
45835,2,0.0,0.0,0.0,0.0,21838.08588917124,8.634815694612218,0,0,40,0.0,0,0,0,0,0,0,16383,0.0,1
2413290,33,0.0,585.1130986103885,113.8590377060275,28.22876708597013,57043.62972293981,1.7570481146986254,0,0,684,895.2523191010571,4,0,0,0,0,0,16383,0.0,1
460919,5,0.0,35.434160354661266,0.0,0.0,52639.50745590769,5.7219723915976966,0,0,116,11.436326078370517,4,0,0,0,0,0,16383,0.0,1
266488,3,0.0,178.6044530159074,0.0,0.0,53726.28946363357,7.993122037780351,0,0,76,66.55094678673264,4,0,0,0,0,0,16383,0.0,1
1503150,27,0.0,160.53630793786297,1176.170437666848,589.6510224336752,111651.60952646454,2.0,0,0,562,455.5602294488012,4,0,0,0,0,0,16383,0.0,1
208374,3,0.0,93.16288547773289,0.0,0.0,43453.287760600506,5.355334842605834,0,0,76,35.183415243919946,4,0,0,0,0,0,16383,0.0,1
8,0,24.0,0.0,0.0,0.0,0.0,0.0,0,0,0,24.0,0,0,0,0,0,0,0,0.0,1
7,0,379.6564658765127,0.0,0.0,0.0,0.0,0.0,0,0,0,379.6564658765127,0,0,0,0,0,0,0,0.0,1
53074,2,0.0,0.0,0.0,0.0,18665.658167289555,8.307521329377682,0,0,40,0.0,0,0,0,0,0,0,16383,0.0,1
213086,5,0.0,89.61089508138394,442.0265374138377,176.81061496553508,40379.07443839517,2.2088743037363225,0,0,116,97.54695612584835,4,0,0,0,0,0,16383,0.0,1
1012178,5,0.0,30.983866769659336,0.0,0.0,98662.94178613902,1.0908247359464145,0,0,116,9.999999999999998,4,0,0,0,0,0,16383,0.0,1
4409430,28,0.0,213.83848747529217,1060.4332085963702,615.0913275727037,512573.5542813032,1.3138780765150273,0,0,577,613.0570275219892,4,0,0,0,10593,21329,16383,0.0,1
244523,3,0.0,81.0452114213188,0.0,0.0,51532.376076525456,14.382111625478524,0,0,76,31.38867541246269,4,0,0,0,0,0,16383,0.0,1
13,0,24.0,0.0,0.0,0.0,0.0,0.0,0,0,0,24.0,0,0,0,0,0,0,0,0.0,1
849536,5,0.0,140.16712692698138,284.09594859086815,113.63837943634724,165359.9996862121,2.953049165372249,0,0,116,80.31608682860296,4,0,0,0,0,0,16383,0.0,1
158714,3,0.0,169.34592632932862,0.0,0.0,30465.202668468293,10.63073508530526,0,0,76,65.58739524215578,4,0,0,0,0,0,16383,0.0,1
3812178,19,0.0,14.443673824962351,103.28946189568202,39.24376210124889,297528.8760133202,1.657892379136406,0,0,396,24.168161437971225,4,0,0,0,245,745,16383,0.0,1
39409,2,0.0,0.0,0.0,0.0,15198.053934511849,2.0,0,0,40,0.0,0,0,0,0,0,0,16383,0.0,1
163817,2,4.733423210458085,0.0,19.271794499722205,19.271794499722205,20317.57589546636,3.014304973669589,0,0,35,10.548771726163736,0,0,0,0,0,0,13613,0.0,1
3,0,45.43869312167254,0.0,0.0,0.0,0.0,0.0,0,0,0,45.43869312167254,0,0,0,0,0,0,0,0.0,1
1118111,7,0.0,71.47006647351205,248.49720340438452,70.9992009726813,234510.04988496655,1.7952224578153175,0,0,156,60.14998676022587,4,0,0,0,0,0,16383,0.0,1
1060036,13,0.0,653.8987617695526,13.81782776892194,3.597540957589144,75671.63413332125,3.8741803432427786,0,0,276,708.2520969344035,4,0,0,0,0,0,16383,0.0,1
8,0,1140.5768636476628,0.0,0.0,0.0,0.0,0.0,0,0,0,1140.5768636476628,0,0,0,0,0,0,0,0.0,1
3895,0,0.5071804154671754,0.0,0.0,0.0,1069.8215352828206,3.449737091729772,0,0,19,0.5071804154671754,0,0,0,0,0,0,8073,0.0,1
1368875,7,0.0,64.53066840969376,200.50144825557445,57.28612807302128,251728.58593452937,2.499710348885113,0,0,156,53.7275240726218,4,0,0,0,0,0,16383,0.0,1
636616,7,0.0,0.0,1460.0,475.1428571428572,267181.0010401012,2.807836089523388,0,0,156,255.84615384615387,4,0,0,0,0,0,16383,0.0,1
74669,2,0.0,0.0,0.0,0.0,15409.991900211087,5.529248617158046,0,0,40,0.0,0,0,0,0,0,0,16383,0.0,1
4,0,504.0,0.0,0.0,0.0,0.0,0.0,0,0,0,504.0,0,0,0,0,0,0,0,0.0,1
1600957,15,0.0,532.7037824447135,6.878401398786107,2.7979937893367213,125776.35642593529,1.1165830745556966,0,0,332,954.4869947622396,4,0,0,0,0,0,16383,0.0,1
704063,5,0.0,30.983866769659336,0.0,0.0,45460.6582713692,3.54669568207213,0,0,116,9.999999999999998,4,0,0,0,0,0,16383,0.0,1
7,0,56.0,0.0,0.0,0.0,0.0,0.0,0,0,0,56.0,0,0,0,0,0,0,0,0.0,1
3687127,19,0.0,14.848395855198516,102.62416925376924,38.68721579734212,279616.30504088075,1.6560423134423146,0,0,396,24.79117635828555,4,0,0,0,247,735,16383,0.0,1
329690,3,0.0,101.2397763644332,0.0,0.0,74357.70990086532,2.601999356664261,0,0,76,39.2099967833213,4,0,0,0,0,0,16383,0.0,1
1791145,17,0.0,275.5008536399666,293.56814323686325,66.64455963248734,114490.93213215118,1.3413386450602331,0,0,356,92.70988115876337,4,0,0,0,0,0,16383,0.0,1
1299477,11,0.0,573.2787293210822,0.0,0.0,68618.84982595955,1.0,0,0,238,950.9475427178802,4,0,0,0,0,0,16383,0.0,1
415292,8,0.0,132.51326916490467,1460.0,785.2285202684379,92764.52884456742,1.179018982700859,0,0,177,422.6552157496586,4,0,0,0,0,0,16383,0.0,1
3800225,19,0.0,14.376439183704845,102.83302629452731,39.04196951968576,294931.39027792134,1.5666052589054629,0,0,396,24.056835681592027,4,0,0,0,244,741,16383,0.0,1
544112,16,0.0,483.9852215219663,530.3018449987381,384.5163346549545,80833.80621242026,3.628121992936429,0,0,344,681.1100942815414,4,0,0,0,0,0,16383,0.0,1
127630,2,0.0,0.0,0.0,0.0,61379.71551018721,7.898386466584035,0,0,40,0.0,0,0,0,0,0,0,16383,0.0,1
69405,2,0.0,0.0,0.0,0.0,25492.30661993505,7.399518784586935,0,0,40,0.0,0,0,0,0,0,0,16383,0.0,1
79292,2,0.0,0.0,0.0,0.0,43674.06842497486,6.960768235146665,0,0,40,0.0,0,0,0,0,0,0,16383,0.0,1
2329493,48,0.0,536.4842074455617,109.9891889163648,17.273486918393935,32823.580484909566,1.0108110836351965,0,0,992,996.169299281422,4,0,0,0,0,0,16383,0.0,1
302658,8,0.0,224.47719176975332,1207.111466171155,384.3931696314342,43313.893605998186,1.3468978516170715,0,0,182,263.6872819435299,4,0,0,0,0,0,16383,0.0,1
770134,7,0.0,118.66963377126844,194.79117369636973,55.65462105610564,174172.70168557804,5.80588420242019,0,0,156,73.29557112761324,4,0,0,0,0,0,16383,0.0,1
10,0,524.8955454818998,0.0,0.0,0.0,0.0,0.0,0,0,0,524.8955454818998,0,0,0,0,0,0,0,0.0,1
217706,27,0.0,102.9493921806994,1460.0,1213.640109022909,32143.221966449382,1.4231426188672998,0,0,571,876.0638909399993,4,0,0,0,0,0,16383,0.0,1
230319,9,0.0,113.81330759488878,1460.0,897.6297793775823,47188.33825417058,2.0,0,0,196,502.65669165721033,4,0,0,0,0,0,16383,0.0,1
81399,2,0.0,0.0,0.0,0.0,37745.81877741692,7.881290904490888,0,0,40,0.0,0,0,0,0,0,0,16383,0.0,1
432627,5,0.0,71.92603146698282,205.7233934369896,82.28935737479586,67459.26925916443,4.922272908242894,0,0,116,67.50799731990841,4,0,0,0,0,0,16383,0.0,1
705319,11,0.0,87.79515227124917,1460.0,735.1389703120243,195128.55747560292,1.7853041125366444,0,0,250,454.5741784957453,4,0,0,0,0,0,16383,0.0,1
2386623,6,0.0,111.42062580587,1006.4543196822846,287.55837705208125,624017.9724192704,3.0,0,0,153,175.0317943540097,4,0,0,0,431,2012,16383,0.0,1
160639,3,0.0,326.4032106374736,0.0,0.0,35136.36310688674,5.5690842770114575,0,0,76,124.35171713321148,4,0,0,0,0,0,16383,0.0,1
525690,66,0.0,92.57396955035512,1460.0,1224.91222699146,50957.63241579679,1.0,0,0,1352,979.8744782852356,4,0,0,0,0,0,16383,0.0,1
158150,3,0.0,175.96546379625576,0.0,0.0,30427.38515115833,10.870226215811252,0,0,76,68.15113107905626,4,0,0,0,0,0,16383,0.0,1
9,0,66.92103556073529,0.0,0.0,0.0,0.0,0.0,0,0,0,66.92103556073529,0,0,0,0,0,0,0,0.0,1
217598,3,0.0,48.28855315364157,0.0,0.0,48472.95157650621,8.935416248097091,0,0,76,18.702076217650543,4,0,0,0,0,0,16383,0.0,1
649916,5,0.0,29.277002188455995,0.0,0.0,197791.35017157247,2.1032650088750486,0,0,116,9.23076923076923,4,0,0,0,0,0,16383,0.0,1
69799,2,0.0,0.0,0.0,0.0,19737.476041791462,2.2076671386245343,0,0,40,0.0,0,0,0,0,0,0,16383,0.0,1
1013586,26,0.0,617.2833607597948,122.9274602436377,36.18403413308617,31427.050369576016,1.4320257026839194,0,0,550,821.9334167905695,4,0,0,0,0,0,16383,0.0,1
5,0,34.07615885945181,0.0,0.0,0.0,0.0,0.0,0,0,0,34.07615885945181,0,0,0,0,0,0,0,0.0,1
1480975,7,0.0,141.56202853749733,1291.008551719178,481.3618951654701,316949.0899173672,7.629894371907897,0,0,156,260.5335463442237,4,0,0,0,0,0,16383,0.0,1
76529,2,0.0,0.0,0.0,0.0,30094.08981129953,2.906298852579746,0,0,40,0.0,0,0,0,0,0,0,16383,0.0,1
457403,5,0.0,102.17887347533794,0.0,0.0,50794.77077145786,1.0985967609180216,0,0,116,32.97808960868488,4,0,0,0,0,0,16383,0.0,1
702397,7,0.0,46.56054331856127,90.53622158040504,37.07819060458089,156058.8460983118,4.220987483148758,0,0,156,32.74610585190994,4,0,0,0,0,0,16383,0.0,1
43973,2,0.0,0.0,0.0,0.0,17959.80949055247,2.030276367202023,0,0,40,0.0,0,0,0,0,0,0,16383,0.0,1
26900,2,0.0,0.0,0.0,0.0,12239.813476188549,6.0,0,0,40,0.0,0,0,0,0,0,0,16383,0.0,1
535229,3,0.0,87.37745510195172,0.0,0.0,78211.6283741456,8.957443614058736,0,0,76,33.841142844384535,4,0,0,0,0,0,16383,0.0,1
40921,2,0.0,0.0,0.0,0.0,13587.744197428256,6.050349526969353,0,0,40,0.0,0,0,0,0,0,0,16383,0.0,1
641945,3,0.0,78.26923319369016,0.0,0.0,124130.04043885632,9.0,0,0,76,30.31354366795868,4,0,0,0,0,0,16383,0.0,1
659787,5,0.0,30.983866769659336,0.0,0.0,34211.23783875128,4.0,0,0,116,9.999999999999998,4,0,0,0,0,0,16383,0.0,1
857437,19,0.0,416.3929997998008,1460.0,633.1480697056895,86038.65898151246,1.0,0,0,407,727.8091452619111,4,0,0,0,0,0,16383,0.0,1
3603719,5,0.0,116.66593451922934,244.4168344929581,69.8333812837023,325179.3104954653,1.4530432520722114,0,0,125,71.42706422279869,4,0,0,0,451,488,16383,0.0,1
323009,3,0.0,104.39394871111384,0.0,0.0,70647.71071804069,7.0,0,0,76,40.43160248029752,4,0,0,0,0,0,16383,0.0,1
9,0,55.25285811825011,0.0,0.0,0.0,0.0,0.0,0,0,0,55.25285811825011,0,0,0,0,0,0,0,0.0,1
20761,2,0.0,0.0,0.0,0.0,3064.683703613481,7.844736491311155,0,0,40,0.0,0,0,0,0,0,0,16383,0.0,1
631831,5,0.0,30.983866769659336,0.0,0.0,34220.90260385359,2.7184174939653807,0,0,116,9.999999999999998,4,0,0,0,0,0,16383,0.0,1
544158,3,0.0,126.09277629334484,0.0,0.0,101831.92155242855,1.0,0,0,76,48.83552226611819,4,0,0,0,0,0,16383,0.0,1
980801,23,0.0,597.6771999490895,343.85322135718025,241.83933818997207,62866.59787505584,1.0,0,0,480,656.4834729184156,4,0,0,0,0,0,16383,0.0,1
22723,2,0.0,0.0,0.0,0.0,7950.6600085532655,6.567948805632796,0,0,40,0.0,0,0,0,0,0,0,16383,0.0,1
56501,2,0.0,0.0,0.0,0.0,39453.27165113584,1.6491808906649843,0,0,40,0.0,0,0,0,0,0,0,16383,0.0,1
63126,2,0.0,0.0,0.0,0.0,28145.046740675934,6.725119593118189,0,0,40,0.0,0,0,0,0,0,0,16383,0.0,1
443112,10,0.0,98.7192490432873,1460.0,623.1622393172371,117839.92706186204,1.8057145256682177,0,0,228,376.4162377473149,4,0,0,0,0,0,16383,0.0,1
317732,3,0.0,124.22290227166648,0.0,0.0,61735.242782943846,6.030923103214328,0,0,76,48.111323171571584,4,0,0,0,0,0,16383,0.0,1
8,0,56.0,0.0,0.0,0.0,0.0,0.0,0,0,0,56.0,0,0,0,0,0,0,0,0.0,1
245899,3,0.0,50.70424362525618,0.0,0.0,51763.14601543691,14.830623316249389,0,0,76,19.63766911426608,4,0,0,0,0,0,16383,0.0,1
115471,2,0.0,0.0,0.0,0.0,66180.45042776191,2.8667724835376336,0,0,40,0.0,0,0,0,0,0,0,16383,0.0,1
9,0,50.82132098919842,0.0,0.0,0.0,0.0,0.0,0,0,0,50.82132098919842,0,0,0,0,0,0,0,0.0,1
764365,19,0.0,12.559680199284994,1460.0,465.4429878856965,60106.2931904038,2.0,0,0,408,260.6146924075918,4,0,0,0,0,0,16383,0.0,1
959470,5,0.0,30.983866769659336,0.0,0.0,129273.79744674188,3.884954785784256,0,0,116,9.999999999999998,4,0,0,0,0,0,16383,0.0,1
83367,2,0.0,0.0,0.0,0.0,30858.77788636179,6.6190087263316,0,0,40,0.0,0,0,0,0,0,0,16383,0.0,1
30392,2,0.0,0.0,0.0,0.0,9219.68142007659,4.808405738893691,0,0,40,0.0,0,0,0,0,0,0,16383,0.0,1
1506480,5,0.0,30.983866769659336,0.0,0.0,163373.499110251,3.705505557004106,0,0,116,9.999999999999998,4,0,0,0,0,0,16383,0.0,1
650816,3,0.0,81.71042727299793,0.0,0.0,92951.01325288812,2.384611075978768,0,0,76,31.646312403981327,4,0,0,0,0,0,16383,0.0,1
807660,5,0.0,26.794259469310624,0.0,0.0,78844.87511234912,3.081751953426638,0,0,116,8.647810058216702,4,0,0,0,0,0,16383,0.0,1
52817,2,0.0,0.0,0.0,0.0,24426.641070612743,7.0,0,0,40,0.0,0,0,0,0,0,0,16383,0.0,1
166405,3,0.0,108.28945827006592,0.0,0.0,31748.169024475028,7.0,0,0,76,41.94032684497883,4,0,0,0,0,0,16383,0.0,1
56268,2,0.0,0.0,0.0,0.0,20116.073304946283,6.525424937033678,0,0,40,0.0,0,0,0,0,0,0,16383,0.0,1
712832,5,0.0,30.983866769659336,0.0,0.0,44136.40769896741,2.93374942300147,0,0,116,9.999999999999998,4,0,0,0,0,0,16383,0.0,1
402336,3,0.0,235.23509143842983,0.0,0.0,81592.74802468541,5.103198711012059,0,0,76,92.33009588213424,4,0,0,0,0,0,16383,0.0,1
44732,2,0.0,0.0,0.0,0.0,20025.92193588047,2.0,0,0,40,0.0,0,0,0,0,0,0,16383,0.0,1
542623,7,0.0,650.4678093890715,220.83625686493923,82.46325532596653,50548.82293136448,4.902022817646513,0,0,159,662.0089070165776,4,0,0,0,0,0,16383,0.0,1
10,0,56.0,0.0,0.0,0.0,0.0,0.0,0,0,0,56.0,0,0,0,0,0,0,0,0.0,1
727182,5,0.0,30.983866769659336,0.0,0.0,45635.90021883151,4.184503789994535,0,0,116,9.999999999999998,4,0,0,0,0,0,16383,0.0,1
7387791,8,0.0,162.51161229104284,1264.4415810741764,590.3228574303994,2427482.5169998487,2.838781188024877,0,0,189,319.27798925917057,4,0,0,0,725,5290,16383,493215.0316993417,1
263515,3,0.0,155.4383159289831,0.0,0.0,52154.78163316029,7.656409603500657,0,0,76,57.91886438065321,4,0,0,0,0,0,16383,0.0,1
43558,2,0.0,0.0,0.0,0.0,17617.01272471805,3.721227315792856,0,0,40,0.0,0,0,0,0,0,0,16383,0.0,1
1871727,27,0.0,617.2101566329803,127.81592307829024,36.42059150285132,51955.22874389162,1.0,0,0,573,847.1387211519002,4,0,0,0,0,0,16383,0.0,1
727675,5,0.0,30.983866769659336,0.0,0.0,57627.61724880179,7.714753276443946,0,0,116,9.999999999999998,4,0,0,0,0,0,16383,0.0,1
60809,2,0.0,0.0,0.0,0.0,27357.101610370668,3.4107027153961007,0,0,40,0.0,0,0,0,0,0,0,16383,0.0,1
753294,7,0.0,93.27294842362852,592.774396201046,169.36411320029887,210454.818605728,6.253000987450984,0,0,156,104.52360776794777,4,0,0,0,0,0,16383,0.0,1
404088,5,0.0,14.53494453250718,18.556471811545585,7.422588724618235,153560.9475515106,2.0,0,0,116,7.956638150675705,4,0,0,0,0,0,16383,0.0,1
522923,8,0.0,694.101520233904,96.8853580381076,28.5180458181282,43646.391245682105,6.838387506609531,0,0,180,640.9993210956677,4,0,0,0,0,0,16383,0.0,1
694838,5,0.0,30.983866769659336,0.0,0.0,47320.298776296935,3.876964316428309,0,0,116,9.999999999999998,4,0,0,0,0,0,16383,0.0,1
469708,5,0.0,67.27355949190313,386.1390876878371,154.45563507513484,103807.47189604653,2.9853331974149158,0,0,116,80.61674739703292,4,0,0,0,0,0,16383,0.0,1
242673,8,0.0,110.54208612889526,1460.0,837.8735388711694,52166.51061062825,1.9231969516855785,0,0,192,466.6178947653104,4,0,0,0,0,0,16383,0.0,1
188285,2,0.0,0.0,0.0,0.0,73513.28372322666,3.2906675900298343,0,0,40,0.0,0,0,0,0,0,0,16383,0.0,1
672564,11,0.0,234.2382612057141,1460.0,824.6560995793388,123060.87955763012,1.5506633794408515,0,0,236,514.4543247626601,4,0,0,0,0,0,16383,0.0,1
925864,5,0.0,64.88101806566443,0.0,0.0,163351.612493628,4.4192465367995135,0,0,116,20.940258537775076,4,0,0,0,0,0,16383,0.0,1
1816240,28,0.0,521.5185773286993,345.4179579946947,157.6817833233954,63764.935973758445,1.0,0,0,582,769.1743793338408,4,0,0,0,0,0,16383,0.0,1
219574,5,0.0,81.07318787550095,514.7065799058003,205.8826319623201,42876.253287584,7.073355023549946,0,0,116,104.74725735780466,4,0,0,0,0,0,16383,0.0,1
3,0,111.11999514534256,0.0,0.0,0.0,0.0,0.0,0,0,0,111.11999514534256,0,0,0,0,0,0,0,0.0,1
2285215,6,0.0,120.27608905445464,676.038877201811,193.1539649148032,613763.9180828892,3.0,0,0,141,132.23337766835763,4,0,0,0,465,1352,16383,0.0,1
1362702,17,0.0,397.5304973523927,115.97865450494704,53.37911865462485,85749.12905659257,1.255336373763244,0,0,356,114.23219052081303,4,0,0,0,0,0,16383,0.0,1
25445,2,0.0,0.0,0.0,0.0,7604.7643833321345,6.529371591065647,0,0,40,0.0,0,0,0,0,0,0,16383,0.0,1
9,0,529.1589903440243,0.0,0.0,0.0,0.0,0.0,0,0,0,529.1589903440243,0,0,0,0,0,0,0,0.0,1
641557,5,0.0,30.983866769659336,0.0,0.0,34341.68052652349,3.7604824483768415,0,0,116,9.999999999999998,4,0,0,0,0,0,16383,0.0,1
66133,2,0.0,0.0,0.0,0.0,46277.35310072894,2.0,0,0,40,0.0,0,0,0,0,0,0,16383,0.0,1
24358,2,0.0,0.0,0.0,0.0,5466.100214709275,6.734721405619412,0,0,40,0.0,0,0,0,0,0,0,16383,0.0,1
762777,5,0.0,139.00250236444555,0.0,0.0,149470.64852339457,8.929891860358744,0,0,116,44.86286472822121,4,0,0,0,0,0,16383,0.0,1
2943387,76,0.0,433.8458669979924,646.6237792549072,488.7425538017481,197090.29271248096,1.604740684568842,0,0,1542,729.6473263075334,4,0,0,0,23749,75139,16383,0.0,1
935588,17,0.0,197.09408198034387,1202.782902887433,830.0723804784695,185471.3931042913,1.181778867217362,0,0,374,661.4498598829095,4,0,0,0,0,0,16383,0.0,1
641621,8,0.0,65.35543875994993,103.7789594688982,40.54564648114743,111205.7963931282,1.7840635265840286,0,0,189,43.68441100383688,4,0,0,0,0,0,16383,0.0,1
8,0,720.7531632311584,0.0,0.0,0.0,0.0,0.0,0,0,0,720.7531632311584,0,0,0,0,0,0,0,0.0,1
96193,2,0.0,0.0,0.0,0.0,50776.90940193357,8.041915216716257,0,0,40,0.0,0,0,0,0,0,0,16383,0.0,1
10,0,529.0301945108255,0.0,0.0,0.0,0.0,0.0,0,0,0,529.0301945108255,0,0,0,0,0,0,0,0.0,1
79684516,8,0.0,19.905372718661795,7.569164509493318,2.199586267716007,26985622.26005097,5.327185376933928,0,0,176,6.722435244975349,4,0,0,0,111,28,16383,51713.46860266552,1
24925,2,0.0,0.0,0.0,0.0,9626.479431805725,9.517320862713897,0,0,40,0.0,0,0,0,0,0,0,16383,0.0,1
239570,5,0.0,166.94248322339052,1103.5694416107306,441.4277766442922,41233.20254285485,4.328878460174895,0,0,116,237.1282711485435,4,0,0,0,0,0,16383,0.0,1
9,0,48.31380636376848,0.0,0.0,0.0,0.0,0.0,0,0,0,48.31380636376848,0,0,0,0,0,0,0,0.0,1
765838,5,0.0,23.81947703329024,0.0,0.0,105558.08622057122,5.516991010164634,0,0,116,7.6877031554419295,4,0,0,0,0,0,16383,0.0,1
15050,2,0.0,0.0,0.0,0.0,3588.1186498505213,3.148109122375073,0,0,40,0.0,0,0,0,0,0,0,16383,0.0,1
9,0,56.0,0.0,0.0,0.0,0.0,0.0,0,0,0,56.0,0,0,0,0,0,0,0,0.0,1
26145,2,0.0,0.0,0.0,0.0,7694.281184191923,5.338661987263743,0,0,40,0.0,0,0,0,0,0,0,16383,0.0,1
165895,3,0.0,119.02330497461612,0.0,0.0,31808.47598086678,7.22763645574131,0,0,76,46.09752779772546,4,0,0,0,0,0,16383,0.0,1
1515786,5,0.0,85.89032320392607,191.85438287487645,80.48078756647513,227222.8858378428,1.1313917716650197,0,0,118,67.89255709962566,4,0,0,0,0,0,16383,0.0,1
9,0,26.67454257497388,0.0,0.0,0.0,0.0,0.0,0,0,0,26.67454257497388,0,0,0,0,0,0,0,0.0,1
406578,5,0.0,238.39367718758947,0.0,0.0,105712.6351055256,5.177071784309549,0,0,116,75.16333147868599,4,0,0,0,0,0,16383,0.0,1
38550,2,0.0,0.0,0.0,0.0,13747.321462758826,5.149103272173539,0,0,40,0.0,0,0,0,0,0,0,16383,0.0,1
346427,5,0.0,64.86634610599596,192.69404910493384,77.07761964197354,54486.69191861292,3.0,0,0,116,61.3848641578477,4,0,0,0,0,0,16383,0.0,1
5,0,725.3562932204136,0.0,0.0,0.0,0.0,0.0,0,0,0,725.3562932204136,0,0,0,0,0,0,0,0.0,1
70853,2,0.0,0.0,0.0,0.0,34130.83418179824,7.0,0,0,40,0.0,0,0,0,0,0,0,16383,0.0,1
499079,53,0.0,80.11396084017741,1460.0,1216.6902179580015,57586.52901388407,1.3225619287717056,0,0,1079,947.426458948992,4,0,0,0,0,0,16383,0.0,1
777806,5,0.0,29.65633850873348,0.0,0.0,63119.2916167874,3.713831615395182,0,0,116,9.571542096151203,4,0,0,0,0,0,16383,0.0,1
1376610,7,0.0,128.4249711386327,171.8935784668426,49.11245099052645,319700.1278915571,1.8055106078705827,0,0,156,58.0115266323084,4,0,0,0,0,0,16383,0.0,1
540161,8,0.0,584.0044156166207,403.8519859485728,219.47660064451645,55483.81655901017,4.473414552813647,0,0,177,662.0478714042897,4,0,0,0,0,0,16383,0.0,1
3026609,140,0.0,114.6940417950771,1263.0432348692125,1006.8523885707614,214429.0934005477,1.146436256602816,0,0,2825,903.8360508193734,4,0,0,0,5950,161244,16383,0.0,1
2,0,695.5375364515968,0.0,0.0,0.0,0.0,0.0,0,0,0,695.5375364515968,0,0,0,0,0,0,0,0.0,1
20803,2,0.0,0.0,0.0,0.0,3079.511999961748,5.21792427746785,0,0,40,0.0,0,0,0,0,0,0,16383,0.0,1
1520816,41,0.0,34.741390549579734,1460.0,813.8961529841488,109807.1996232696,1.6893318181804486,0,0,844,546.5155377601598,4,0,0,0,0,0,16383,0.0,1
470671,3,0.0,161.99412325325315,0.0,0.0,98634.90113554962,4.412189761953912,0,0,76,60.36166564912277,4,0,0,0,0,0,16383,0.0,1
8,0,56.0,0.0,0.0,0.0,0.0,0.0,0,0,0,56.0,0,0,0,0,0,0,0,0.0,1
1451452,21,0.0,650.7626351507763,237.4788613569908,103.35944375039526,97648.25340246162,2.0,0,0,449,442.28419166675206,4,0,0,0,0,0,16383,0.0,1
2258432,28,0.0,615.0928301919182,117.7535078026452,31.77500618062601,64327.46505596973,1.7488307324515988,0,0,576,832.1358006692178,4,0,0,0,0,0,16383,0.0,1
302790,8,0.0,218.27205130127743,1232.8615702671966,392.5895600283514,43302.04454598923,1.3115753494277138,0,0,183,265.9056590196258,4,0,0,0,0,0,16383,0.0,1
693706,5,0.0,30.983866769659336,0.0,0.0,42111.62427887691,5.547938282471788,0,0,116,9.999999999999998,4,0,0,0,0,0,16383,0.0,1
564845,7,0.0,98.689709058528,434.8605984167663,124.2458852619332,159213.95831942774,2.9718091148974803,0,0,156,84.94857551769188,4,0,0,0,0,0,16383,0.0,1
162607,2,19.36288811829445,0.0,78.83461591019882,78.83461591019882,7542.3719510411875,6.149190311063096,0,0,23,43.1515792350562,0,0,0,0,0,0,5053,0.0,1
100658,2,0.0,0.0,0.0,0.0,70395.2084337933,5.853915598761969,0,0,40,0.0,0,0,0,0,0,0,16383,0.0,1
915567,19,0.0,714.0070737461089,128.19493128937094,51.721668949285,49642.77570675658,3.0,0,0,409,571.6674432970887,4,0,0,0,0,0,16383,0.0,1
107736,2,0.0,0.0,0.0,0.0,75434.45816317781,5.921461171516695,0,0,40,0.0,0,0,0,0,0,0,16383,0.0,1
620603,5,0.0,30.983866769659336,0.0,0.0,30085.34109872965,5.368008367933864,0,0,116,9.999999999999998,4,0,0,0,0,0,16383,0.0,1
660037,5,0.0,82.36752381088331,200.6761786010986,80.34264576012544,94748.56125702498,1.993620956593409,0,0,116,68.02061424754571,4,0,0,0,0,0,16383,0.0,1
525585,5,0.0,136.63750019602622,0.0,0.0,56536.80271942664,4.043290425886287,0,0,116,44.09956356055184,4,0,0,0,0,0,16383,0.0,1
516083,57,0.0,99.59530540064168,1409.9909263368313,1171.6314200758964,55942.59739203128,1.0342527901802523,0,0,1163,960.9073393933928,4,0,0,0,0,0,16383,0.0,1
667277,30,0.0,51.31658279532963,1460.0,946.9315880355488,49527.6092450748,1.604844702527695,0,0,620,609.6910359534518,4,0,0,0,0,0,16383,0.0,1
1030743,27,0.0,611.7584774527213,116.70421205886744,32.63361484028391,29568.17017883642,1.728370854339646,0,0,574,838.1466389959917,4,0,0,0,0,0,16383,0.0,1
24472,2,0.0,0.0,0.0,0.0,5059.860785547085,2.69161219682085,0,0,40,0.0,0,0,0,0,0,0,16383,0.0,1
117215700,0,29.0,0.0,0.0,0.0,4417737.787201408,0.0,0,0,0,29.0,0,0,0,0,61,0,0,1.0,1
908852,5,0.0,30.983866769659336,0.0,0.0,72875.22822232713,4.778279827816084,0,0,116,9.999999999999998,4,0,0,0,0,0,16383,0.0,1
970575,17,0.0,676.5528496963661,172.41150721855252,98.1545390553124,60624.46025113804,1.0,0,0,364,616.1936188129343,4,0,0,0,0,0,16383,0.0,1
606131,5,0.0,0.0,278.2133733785293,111.28534935141174,252806.01457014587,6.800424551699344,0,0,116,50.58424970518715,4,0,0,0,0,0,16383,0.0,1
956745,6,0.0,73.98558129151765,199.6997878977363,61.88644149347559,168794.35335059257,5.083510085219761,0,0,147,61.41971957334042,4,0,0,0,0,0,16383,0.0,1
7,0,56.0,0.0,0.0,0.0,0.0,0.0,0,0,0,56.0,0,0,0,0,0,0,0,0.0,1
9,0,56.0,0.0,0.0,0.0,0.0,0.0,0,0,0,56.0,0,0,0,0,0,0,0,0.0,1
1603642,8,0.0,26.68675695641426,41.67934043177664,23.72398211327849,249637.87858061527,3.9742304012356486,0,0,194,21.69478970837937,4,0,0,0,0,0,16383,0.0,1
258989,5,0.0,621.1918040309895,0.0,0.0,21991.365481856206,6.224701645507847,0,0,116,779.956558963039,4,0,0,0,0,0,16383,0.0,1
528108,5,0.0,157.9716851697742,0.0,0.0,60373.37140319006,4.0,0,0,116,50.98514215290472,4,0,0,0,0,0,16383,0.0,1
1325521,6,0.0,53.52098141036896,143.1134758714188,40.88956453469109,264355.606323775,1.3119544429258712,0,0,143,40.98010219614177,4,0,0,0,0,0,16383,0.0,1
418336,3,0.0,554.1552048246632,175.76586503206997,57.20129815035859,89314.20102586405,7.638837263632733,0,0,85,245.69677975525877,4,0,0,0,0,0,16383,0.0,1
236271,3,0.0,126.15126516683004,0.0,0.0,40269.68084638243,7.754119133892521,0,0,76,48.85817490941285,4,0,0,0,0,0,16383,0.0,1
667431,5,0.0,30.983866769659336,0.0,0.0,43615.22744215509,6.456450162849752,0,0,116,9.999999999999998,4,0,0,0,0,0,16383,0.0,1
79830,2,0.0,0.0,0.0,0.0,26102.456538315044,6.113767016199205,0,0,40,0.0,0,0,0,0,0,0,16383,0.0,1
90112,2,0.0,0.0,0.0,0.0,26828.94246457048,3.222676079123085,0,0,40,0.0,0,0,0,0,0,0,16383,0.0,1
664332,5,0.0,30.983866769659336,0.0,0.0,36443.70003390372,2.6144328340425416,0,0,116,9.999999999999998,4,0,0,0,0,0,16383,0.0,1
653773,3,0.0,238.60512795405947,0.0,0.0,130925.3419011306,5.825209792096871,0,0,76,88.90818176911776,4,0,0,0,0,0,16383,0.0,1
262586,3,0.0,82.69154112411951,0.0,0.0,70207.07824362053,5.331226325741694,0,0,76,32.02629616459406,4,0,0,0,0,0,16383,0.0,1
952377,5,0.0,30.983866769659336,0.0,0.0,77226.90887082684,7.359097596093974,0,0,116,9.999999999999998,4,0,0,0,0,0,16383,0.0,1
10,0,54.29063597579152,0.0,0.0,0.0,0.0,0.0,0,0,0,54.29063597579152,0,0,0,0,0,0,0,0.0,1
684777,3,0.0,75.98164681271871,0.0,0.0,126298.8329854232,8.181447881627996,0,0,76,29.427565272307348,4,0,0,0,0,0,16383,0.0,1
958198,6,0.0,74.14003638516647,199.54369786965304,62.42160730404685,168215.8622895322,5.213585108622496,0,0,146,61.69519989076122,4,0,0,0,0,0,16383,0.0,1
2949806,17,0.0,405.80967845518063,263.01312575189786,68.04083777936866,242937.5376927595,2.7959292936955773,0,0,364,120.61795906387648,4,0,0,0,0,0,16383,0.0,1
538785,7,0.0,103.28585846301397,481.9220845613453,137.69202416038436,148441.99155738458,2.168255324518766,0,0,156,92.47934744792272,4,0,0,0,0,0,16383,0.0,1
3,0,56.0,0.0,0.0,0.0,0.0,0.0,0,0,0,56.0,0,0,0,0,0,0,0,0.0,1
654403,3,0.0,113.84098270906058,0.0,0.0,157836.10818193085,2.501227818614383,0,0,76,44.09042301480781,4,0,0,0,0,0,16383,0.0,1
3,0,24.0,0.0,0.0,0.0,0.0,0.0,0,0,0,24.0,0,0,0,0,0,0,0,0.0,1
240392,3,0.0,179.43370566063902,0.0,0.0,49523.60825140604,9.617186826439566,0,0,76,69.49437537719385,4,0,0,0,0,0,16383,0.0,1
9,0,56.0,0.0,0.0,0.0,0.0,0.0,0,0,0,56.0,0,0,0,0,0,0,0,0.0,1
80477,2,0.0,0.0,0.0,0.0,42651.9305342548,6.673961772370228,0,0,40,0.0,0,0,0,0,0,0,16383,0.0,1
206317,3,0.0,105.44173266656126,0.0,0.0,41057.90039145335,3.6366898316514487,0,0,76,40.83740746128464,4,0,0,0,0,0,16383,0.0,1
2,0,25.872912537916957,0.0,0.0,0.0,0.0,0.0,0,0,0,25.872912537916957,0,0,0,0,0,0,0,0.0,1
164888,3,0.0,124.21116737056104,0.0,0.0,32495.72729940661,7.165052794305597,0,0,76,48.106778263916496,4,0,0,0,0,0,16383,0.0,1
9,0,56.0,0.0,0.0,0.0,0.0,0.0,0,0,0,56.0,0,0,0,0,0,0,0,0.0,1
10,0,24.0,0.0,0.0,0.0,0.0,0.0,0,0,0,24.0,0,0,0,0,0,0,0,0.0,1
8064,2,0.0,0.0,0.0,0.0,2179.9837690691834,7.0,0,0,40,0.0,0,0,0,0,0,0,16383,0.0,1
499231,3,0.0,62.7010380647413,0.0,0.0,141763.38289068273,11.947276191575472,0,0,76,24.28400762146604,4,0,0,0,0,0,16383,0.0,1
1548333,13,0.0,566.1315601221154,0.0,0.0,88156.01725323718,1.9264637979561847,0,0,281,935.8173979217833,4,0,0,0,0,0,16383,0.0,1
53308,2,0.0,0.0,0.0,0.0,18927.019215679604,6.482235703159138,0,0,40,0.0,0,0,0,0,0,0,16383,0.0,1
98631,2,0.0,0.0,0.0,0.0,27118.363577855467,8.64564269411648,0,0,40,0.0,0,0,0,0,0,0,16383,0.0,1
3,0,81.92121633261436,0.0,0.0,0.0,0.0,0.0,0,0,0,81.92121633261436,0,0,0,0,0,0,0,0.0,1
60107,2,0.0,0.0,0.0,0.0,27100.10076694871,6.443699196414062,0,0,40,0.0,0,0,0,0,0,0,16383,0.0,1
2251771,16,0.0,56.52610916516603,236.34886626128696,70.98161381442208,154993.58793471614,3.392895108893179,0,0,347,67.09135137999495,4,0,0,0,0,0,16383,0.0,1
662686,5,0.0,30.983866769659336,0.0,0.0,35315.101984650886,4.0,0,0,116,9.999999999999998,4,0,0,0,0,0,16383,0.0,1
10,0,538.9172332538121,0.0,0.0,0.0,0.0,0.0,0,0,0,538.9172332538121,0,0,0,0,0,0,0,0.0,1
9,0,24.0,0.0,0.0,0.0,0.0,0.0,0,0,0,24.0,0,0,0,0,0,0,0,0.0,1
436439,10,0.0,94.70943864402622,1460.0,633.5184662509771,113761.57110094649,2.212628041850727,0,0,218,371.8148488123448,4,0,0,0,0,0,16383,0.0,1
437910,7,0.0,127.11319142106896,106.94971509304052,45.89323203308108,54872.03905941276,2.306432822703372,0,0,171,59.51450297589236,4,0,0,0,0,0,16383,0.0,1
70503,2,0.0,0.0,0.0,0.0,33751.22721753262,7.0,0,0,40,0.0,0,0,0,0,0,0,16383,0.0,1
860409,5,0.0,170.24493020553817,89.62472579221772,35.84989031688709,149902.23325565626,2.411647779016847,0,0,116,79.9084817362962,4,0,0,0,0,0,16383,0.0,1
682581,3,0.0,68.82856345595039,0.0,0.0,114352.939611261,7.374528558763601,0,0,76,26.657188000827627,4,0,0,0,0,0,16383,0.0,1
296133,5,0.0,501.5431376050941,29.168971348635974,8.646401919724553,44088.19178215933,3.104798346571402,0,0,117,159.3915808288763,4,0,0,0,0,0,16383,0.0,1
47073,2,0.0,0.0,0.0,0.0,17591.69363868122,5.720993312518511,0,0,40,0.0,0,0,0,0,0,0,16383,0.0,1
39517,2,0.0,0.0,0.0,0.0,14458.400970473958,3.4495216379259834,0,0,40,0.0,0,0,0,0,0,0,16383,0.0,1
404608,5,0.0,251.6136928114464,0.0,0.0,104660.24672868656,5.547194323169874,0,0,116,79.33148068554381,4,0,0,0,0,0,16383,0.0,1
3,0,56.0,0.0,0.0,0.0,0.0,0.0,0,0,0,56.0,0,0,0,0,0,0,0,0.0,1
1069562,13,0.0,710.6752624837748,23.51032557659669,6.121031511066595,83088.05077856714,2.38302683436974,0,0,276,555.4538284424831,4,0,0,0,0,0,16383,0.0,1
109705,2,0.0,0.0,0.0,0.0,33114.57733315946,7.374721970507377,0,0,40,0.0,0,0,0,0,0,0,16383,0.0,1
8,0,686.7533635128607,0.0,0.0,0.0,0.0,0.0,0,0,0,686.7533635128607,0,0,0,0,0,0,0,0.0,1
60406,2,0.0,0.0,0.0,0.0,32471.60355078191,6.050573103824229,0,0,40,0.0,0,0,0,0,0,0,16383,0.0,1
199331,11,0.0,468.1237861301205,622.137007410257,489.5577213760759,33731.406641442416,1.5738787620477692,0,0,246,543.5140442855374,4,0,0,0,0,0,16383,0.0,1
65360,2,0.0,0.0,0.0,0.0,32595.71720885488,6.832363539660995,0,0,40,0.0,0,0,0,0,0,0,16383,0.0,1
574781,5,0.0,93.44161296237404,405.4303743884113,162.1721497553645,109980.03246859772,2.9717559731832903,0,0,116,91.8351839833648,4,0,0,0,0,0,16383,0.0,1
815176,3,0.0,45.59455797567069,0.0,0.0,226372.2723956135,7.224318558853526,0,0,76,17.658696371746114,4,0,0,0,0,0,16383,0.0,1
176968,5,0.0,15.19602642685754,109.92966988802458,43.97186795520983,48176.530544427296,5.547841857978875,0,0,116,26.39963726648588,4,0,0,0,0,0,16383,0.0,1
413109,3,0.0,138.2259314427276,0.0,0.0,90612.32825377058,8.182694687786764,0,0,76,51.50524778445589,4,0,0,0,0,0,16383,0.0,1
68804,2,0.0,0.0,0.0,0.0,21000.85993457478,1.139203159661349,0,0,40,0.0,0,0,0,0,0,0,16383,0.0,1
474124,3,0.0,136.91400854920232,0.0,0.0,99042.22478832814,6.427834472361979,0,0,76,51.0164038099581,4,0,0,0,0,0,16383,0.0,1
661231,5,0.0,30.983866769659336,0.0,0.0,35780.469518311904,4.0,0,0,116,9.999999999999998,4,0,0,0,0,0,16383,0.0,1
655009,5,0.0,101.86515636909442,354.39283120395066,141.7571324815803,150181.14648062177,8.325091442071543,0,0,116,86.63911994155816,4,0,0,0,0,0,16383,0.0,1
653084,3,0.0,110.91410915800924,0.0,0.0,158076.64418123927,2.646557722712803,0,0,76,42.95684976284013,4,0,0,0,0,0,16383,0.0,1
1981137,8,0.0,85.4140638001415,1460.0,419.5142741862919,616034.574807613,2.0,0,0,192,243.0486782203735,4,0,0,0,350,3418,16383,0.0,1
478828,3,0.0,105.27620879565264,0.0,0.0,97685.31795618476,8.055629712790187,0,0,76,39.22764103112493,4,0,0,0,0,0,16383,0.0,1
677455,5,0.0,95.04392713376312,753.8491081297541,301.5396432519016,141174.43216509093,4.0,0,0,116,145.94326100282746,4,0,0,0,0,0,16383,0.0,1
83272,2,0.0,0.0,0.0,0.0,34111.52090947374,4.794824604075138,0,0,40,0.0,0,0,0,0,0,0,16383,0.0,1
367571,3,0.0,74.33835257860366,0.0,0.0,73599.17756943297,5.537323096428554,0,0,76,28.791120152142717,4,0,0,0,0,0,16383,0.0,1
4985918,19,0.0,16.35220420815358,103.44210703467972,37.07368049876631,345039.7411700138,1.0,0,0,413,23.105374091020757,4,0,0,0,269,736,16383,0.0,1
2549751,17,0.0,406.8081500470149,124.64958113618002,56.5202642775471,174298.12035483756,1.3344011789887489,0,0,369,130.23744206972464,4,0,0,0,0,0,16383,0.0,1
517522,3,0.0,40.30427077935951,0.0,0.0,119783.67737389446,5.027138423405381,0,0,76,15.018031939418217,4,0,0,0,0,0,16383,0.0,1
1603092,9,0.0,42.3458343599968,704.3047230374879,199.9406055994727,268452.4306513739,3.059881173860466,0,0,196,106.41038948547435,4,0,0,0,0,0,16383,0.0,1
73938,2,0.0,0.0,0.0,0.0,23820.423812621,8.354530566446467,0,0,40,0.0,0,0,0,0,0,0,16383,0.0,1
1085973,7,0.0,79.52544075533552,319.70304376179354,91.34372678908386,242823.57208886053,2.7159876348507783,0,0,156,68.71821826875029,4,0,0,0,0,0,16383,0.0,1
320762,3,0.0,46.13430806811385,0.0,0.0,71375.04098324085,7.0,0,0,76,17.867740683660735,4,0,0,0,0,0,16383,0.0,1
745746,7,0.0,85.5082858660535,1460.0,555.1940226077941,166578.44913255112,1.760160929790159,0,0,156,282.4558557596652,4,0,0,0,0,0,16383,0.0,1
1876680,18,0.0,29.070282729237974,215.5001315701295,62.528797702276606,133791.27056008475,4.538300285918679,0,0,383,43.75344808617788,4,0,0,0,0,0,16383,0.0,1
3198841,34,0.0,593.5800564834481,111.1939957579318,26.82081146294409,71523.17445189615,1.0,0,0,704,895.7804858187296,4,0,0,0,0,0,16383,0.0,1
56230,2,0.0,0.0,0.0,0.0,20289.48544185871,7.268174367744914,0,0,40,0.0,0,0,0,0,0,0,16383,0.0,1
10,0,688.6939714424335,0.0,0.0,0.0,0.0,0.0,0,0,0,688.6939714424335,0,0,0,0,0,0,0,0.0,1
70321741,10,0.0,20.062015176158933,26.619498836618284,7.735580858504458,21713828.380387045,3.6338223256339295,0,0,226,10.317274243585953,4,0,0,0,164,100,16383,37887.15928880104,1
138775,2,0.0,0.0,0.0,0.0,20504.686791379536,1.3203027831666547,0,0,40,0.0,0,0,0,0,0,0,16383,0.0,1
117981590,0,29.0,0.0,0.0,0.0,1923919.5869403728,0.0,0,0,0,29.0,0,0,0,0,59,0,0,3.0,1
85584,2,0.0,0.0,0.0,0.0,59854.60840712458,5.826636478869668,0,0,40,0.0,0,0,0,0,0,0,16383,0.0,1
945758,28,0.0,331.3133388909219,927.0016343962836,705.9990981094899,63973.46727189855,1.608089437056091,0,0,583,718.9070044739597,4,0,0,0,0,0,16383,0.0,1
3,0,80.60567261572405,0.0,0.0,0.0,0.0,0.0,0,0,0,80.60567261572405,0,0,0,0,0,0,0,0.0,1
489330,3,0.0,36.12665529222412,0.0,0.0,93532.3382165294,11.032823285217589,0,0,76,13.461383931571426,4,0,0,0,0,0,16383,0.0,1
32895897,1778,0.0,69.31395239750479,1341.696478814563,885.3944739734419,119938.91860135648,0.3584955187437483,0,0,35576,767.8393529431715,1,0,0,0,0,0,16383,0.0,1
1607557,9,0.0,17.704672352007467,36.858109517343294,19.21785416091542,242311.05960893465,3.7401718620597006,0,0,196,16.568489075871643,4,0,0,0,0,0,16383,0.0,1
672716,5,0.0,74.03411427521736,192.0252250206784,76.81009000827135,100636.75125198324,4.658258326440549,0,0,116,66.46580672320911,4,0,0,0,0,0,16383,0.0,1
58619,2,0.0,0.0,0.0,0.0,40624.5691849031,4.68706983279985,0,0,40,0.0,0,0,0,0,0,0,16383,0.0,1
9,0,56.0,0.0,0.0,0.0,0.0,0.0,0,0,0,56.0,0,0,0,0,0,0,0,0.0,1
1508161,5,0.0,30.983866769659336,0.0,0.0,165652.16420618436,3.919975015852962,0,0,116,9.999999999999998,4,0,0,0,0,0,16383,0.0,1
1017099,3,0.0,165.53860815704132,0.0,0.0,217084.6349129197,4.588696027933769,0,0,76,64.11282725465765,4,0,0,0,0,0,16383,0.0,1
3,0,608.417287227192,0.0,0.0,0.0,0.0,0.0,0,0,0,608.417287227192,0,0,0,0,0,0,0,0.0,1
2660833,17,0.0,228.7926927381999,311.54363768876,118.0481976784688,203801.5221584213,1.0,0,0,356,133.36564544137235,4,0,0,0,0,0,16383,0.0,1
462002,5,0.0,97.86223862271966,193.5212936909657,77.40851747638628,73333.52844446257,3.0,0,0,116,77.11133989421448,4,0,0,0,0,0,16383,0.0,1
79292,2,0.0,0.0,0.0,0.0,43673.99752859447,6.961447214532698,0,0,40,0.0,0,0,0,0,0,0,16383,0.0,1
1113010,5,0.0,112.7325064883919,0.0,0.0,162386.40781984333,3.526948658251952,0,0,116,36.3842600171468,4,0,0,0,0,0,16383,0.0,1
659593,5,0.0,30.983866769659336,0.0,0.0,35139.144432758934,4.0,0,0,116,9.999999999999998,4,0,0,0,0,0,16383,0.0,1
785385,5,0.0,457.1723455013512,0.0,0.0,108377.74313438185,9.0,0,0,116,147.55174003944305,4,0,0,0,0,0,16383,0.0,1
966065,5,0.0,30.983866769659336,0.0,0.0,79536.94356146567,6.689754736987961,0,0,116,9.999999999999998,4,0,0,0,0,0,16383,0.0,1
2306000,165,0.0,249.13058330059488,975.8827395948932,823.1607514118788,66825.72420444142,1.360474505141554,0,0,3318,986.343174922803,4,0,0,0,0,0,16383,0.0,1
1000975,25,0.0,241.41328312834344,1012.9283223116204,530.1910011302301,69880.10529419924,1.0,0,0,530,527.7526101059923,4,0,0,0,0,0,16383,0.0,1
40944,2,0.0,0.0,0.0,0.0,13463.90571603158,6.270643941981765,0,0,40,0.0,0,0,0,0,0,0,16383,0.0,1
3439602,0,50.0,0.0,0.0,0.0,96055.119358567,0.0,0,0,0,50.0,0,0,0,0,0,0,0,0.0,1
740787,5,0.0,30.983866769659336,0.0,0.0,67766.20709750656,2.007418204512237,0,0,116,9.999999999999998,4,0,0,0,0,0,16383,0.0,1
26600,2,0.0,0.0,0.0,0.0,18181.768047779577,7.218992460347003,0,0,40,0.0,0,0,0,0,0,0,16383,0.0,1
78656,2,0.0,0.0,0.0,0.0,25676.695904938828,3.069474036219113,0,0,40,0.0,0,0,0,0,0,0,16383,0.0,1
1840219,5,0.0,32.233025259093,0.0,0.0,517327.1011700431,1.0454401348671054,0,0,116,10.186225968937656,4,0,0,0,131,0,16383,0.0,1
172171,3,0.0,100.97109113150113,0.0,0.0,33816.34788526143,7.793818103908039,0,0,76,38.96561109406879,4,0,0,0,0,0,16383,0.0,1
9,0,56.0,0.0,0.0,0.0,0.0,0.0,0,0,0,56.0,0,0,0,0,0,0,0,0.0,1
28579,2,0.0,0.0,0.0,0.0,9547.531636168382,2.266578849246746,0,0,40,0.0,0,0,0,0,0,0,16383,0.0,1
728589,20,0.0,625.7264952189964,289.0307106491676,121.35838552606822,41799.34766713776,4.464406181511339,0,0,422,525.9134692666331,4,0,0,0,0,0,16383,0.0,1
26990,2,0.0,0.0,0.0,0.0,18491.730472620755,6.55280239190256,0,0,40,0.0,0,0,0,0,0,0,16383,0.0,1
422549,3,0.0,239.28061512645348,0.0,0.0,88684.70490961344,4.193912725090738,0,0,76,92.6729837455021,4,0,0,0,0,0,16383,0.0,1
40052,2,0.0,0.0,0.0,0.0,17375.02105869669,19.626579326063045,0,0,40,0.0,0,0,0,0,0,0,16383,0.0,1
614267,5,0.0,29.277002188455995,0.0,0.0,199570.8418693581,5.532857144783053,0,0,116,9.23076923076923,4,0,0,0,0,0,16383,0.0,1
119291867,0,29.0,0.0,0.0,0.0,4361919.424663795,0.0,0,0,0,29.0,0,0,0,0,61,0,0,1.854972908180536,1
2710397,12,0.0,16.18655668997305,512.3528045154494,72.76198809043925,421950.55706671375,1.0,0,0,275,46.28849010902217,4,0,0,0,245,1190,16383,0.0,1
902024,6,0.0,95.95551519947088,525.327467952734,213.3874108088158,164809.18793978053,6.743072733261856,0,0,138,119.08217980419764,4,0,0,0,0,0,16383,0.0,1
860928,5,0.0,156.2767099797581,364.1494415346698,145.6597766138679,162895.4219637692,3.045978303894188,0,0,116,95.8068943361814,4,0,0,0,0,0,16383,0.0,1
367282,3,0.0,18.43348376354521,0.0,0.0,84524.3505859571,4.604585134018938,0,0,76,7.139257562879541,4,0,0,0,0,0,16383,0.0,1
921349,20,0.0,685.1498782271569,222.8106566904435,128.83625215736868,55828.55753902319,2.9344330387534416,0,0,419,554.9538316320513,4,0,0,0,0,0,16383,0.0,1
998203,14,0.0,509.7770439824032,484.940969946255,327.5317004954896,123060.09462028128,2.0,0,0,300,615.5033379505653,4,0,0,0,0,0,16383,0.0,1
18409,2,0.0,0.0,0.0,0.0,2712.9548773977726,7.353453574639939,0,0,40,0.0,0,0,0,0,0,0,16383,0.0,1
9,0,56.0,0.0,0.0,0.0,0.0,0.0,0,0,0,56.0,0,0,0,0,0,0,0,0.0,1
59244,2,0.0,0.0,0.0,0.0,8406.065061462958,3.1024164928796827,0,0,40,0.0,0,0,0,0,0,0,16383,0.0,1
3,0,56.0,0.0,0.0,0.0,0.0,0.0,0,0,0,56.0,0,0,0,0,0,0,0,0.0,1
781353,6,0.0,124.4131197344724,150.58199815943448,43.02342804555271,197734.482953218,7.455141274338605,0,0,148,63.19132923110886,4,0,0,0,0,0,16383,0.0,1
22793,2,0.0,0.0,0.0,0.0,7738.345718220764,5.240833154512199,0,0,40,0.0,0,0,0,0,0,0,16383,0.0,1
216345,9,0.0,112.5734676650328,1460.0,980.2071353661838,40134.11147326777,2.220173247274275,0,0,209,554.2175077986969,4,0,0,0,0,0,16383,0.0,1
3,0,56.0,0.0,0.0,0.0,0.0,0.0,0,0,0,56.0,0,0,0,0,0,0,0,0.0,1
271430,34,0.0,66.93604719404651,1460.0,1246.0334973629815,34127.74803929149,2.0,0,0,699,928.7551138851164,4,0,0,0,0,0,16383,0.0,1
522752,3,0.0,133.96016407117233,0.0,0.0,85910.78935087346,7.579362887428413,0,0,76,51.88254845028635,4,0,0,0,0,0,16383,0.0,1
10,0,709.2458138217287,0.0,0.0,0.0,0.0,0.0,0,0,0,709.2458138217287,0,0,0,0,0,0,0,0.0,1
394968,3,0.0,126.16542675511158,0.0,0.0,64884.765839372485,5.51815804552152,0,0,76,48.86365966896987,4,0,0,0,0,0,16383,0.0,1
95893,2,0.0,0.0,0.0,0.0,35439.91923169802,7.731124766344407,0,0,40,0.0,0,0,0,0,0,0,16383,0.0,1
45257,2,0.0,0.0,0.0,0.0,21567.582071968714,7.205685184314953,0,0,40,0.0,0,0,0,0,0,0,16383,0.0,1
279563,3,0.0,37.93951993803477,0.0,0.0,52447.8907864652,2.6297759818967914,0,0,76,14.693912888311292,4,0,0,0,0,0,16383,0.0,1
3,0,214.0072535517045,0.0,0.0,0.0,0.0,0.0,0,0,0,214.0072535517045,0,0,0,0,0,0,0,0.0,1
206690,3,0.0,10.429717418045549,0.0,0.0,46815.61867035681,7.347677796540009,0,0,76,4.039412186573983,4,0,0,0,0,0,16383,0.0,1
1310597,17,0.0,72.66046263180874,963.8872244289528,130.26432254921042,88134.37833545211,1.846887224428953,0,0,356,81.55773007739467,4,0,0,0,0,0,16383,0.0,1
6,0,4.0,0.0,0.0,0.0,0.0,0.0,0,0,0,4.0,0,0,0,0,0,0,0,0.0,1
539546,3,0.0,226.98966754216383,0.0,0.0,87770.84032095775,4.294065001917582,0,0,76,87.91272021519589,4,0,0,0,0,0,16383,0.0,1
10,0,735.3166994980271,0.0,0.0,0.0,0.0,0.0,0,0,0,735.3166994980271,0,0,0,0,0,0,0,0.0,1
724075,5,0.0,30.983866769659336,0.0,0.0,61916.83438386189,2.396849879877053,0,0,116,9.999999999999998,4,0,0,0,0,0,16383,0.0,1
120485,2,0.0,0.0,0.0,0.0,45080.49407781314,5.365064919075444,0,0,40,0.0,0,0,0,0,0,0,16383,0.0,1
452020,5,0.0,68.29231765683814,186.34209819115983,74.53683927646392,66837.68682972033,3.849281653741803,0,0,116,62.790496862294496,4,0,0,0,0,0,16383,0.0,1
18048,2,0.0,0.0,0.0,0.0,3412.486226633488,7.429062369302666,0,0,40,0.0,0,0,0,0,0,0,16383,0.0,1
348183,5,0.0,533.5813920843251,99.65201989221156,39.86080795688463,70028.4348906023,1.2759226943805468,0,0,116,188.821323764432,4,0,0,0,0,0,16383,0.0,1
9,0,1223.2789048394675,0.0,0.0,0.0,0.0,0.0,0,0,0,1223.2789048394675,0,0,0,0,0,0,0,0.0,1
500084,10,0.0,9.991230907807909,82.78817290009559,33.33900340005214,58964.83791163331,1.2262724300031862,0,0,217,19.266653410090893,4,0,0,0,0,0,16383,0.0,1
1029540,5,0.0,379.71925811459846,203.66144932577785,81.46457973031113,245282.004753932,6.4617715307720704,0,0,116,151.05451659741186,4,0,0,0,0,0,16383,0.0,1
3,0,24.0,0.0,0.0,0.0,0.0,0.0,0,0,0,24.0,0,0,0,0,0,0,0,0.0,1
9,0,24.0,0.0,0.0,0.0,0.0,0.0,0,0,0,24.0,0,0,0,0,0,0,0,0.0,1
303093,6,0.0,104.79154915456164,1335.9850076565813,504.2682144362235,57945.9902552469,3.241234801387087,0,0,136,240.92725215272736,4,0,0,0,0,0,16383,0.0,1
79788,2,0.0,0.0,0.0,0.0,55767.73025317074,2.093569444532696,0,0,40,0.0,0,0,0,0,0,0,16383,0.0,1
55076,2,0.0,0.0,0.0,0.0,12185.610405323145,2.119886601722617,0,0,40,0.0,0,0,0,0,0,0,16383,0.0,1
686041,11,0.0,313.78720949175704,1460.0,850.3971176220872,141757.98537459795,2.0,0,0,236,560.0270067633113,4,0,0,0,0,0,16383,0.0,1
272297,5,0.0,324.2747399057023,735.8686276053803,294.34745104215216,49608.41824348359,2.6059969672710253,0,0,116,233.3395559299009,4,0,0,0,0,0,16383,0.0,1
1562158,7,0.0,46.55007720092996,267.3772456590673,90.28891183988964,401854.5027888811,7.397785624902943,0,0,162,58.45620629698354,4,0,0,0,0,0,16383,0.0,1
767957,5,0.0,78.7754837909774,8.279415107318083,2.3655471735194524,230201.43880896948,5.1349904637062735,0,0,117,26.154847772496435,4,0,0,0,0,0,16383,0.0,1
635885,5,0.0,30.983866769659336,0.0,0.0,34322.738098902686,4.734151259041647,0,0,116,9.999999999999998,4,0,0,0,0,0,16383,0.0,1
9,0,129.77231165359416,0.0,0.0,0.0,0.0,0.0,0,0,0,129.77231165359416,0,0,0,0,0,0,0,0.0,1
121911,2,0.0,0.0,0.0,0.0,20506.70695211892,1.957056739839045,0,0,40,0.0,0,0,0,0,0,0,16383,0.0,1
1520390,5,0.0,38.294484097562645,0.0,0.0,197472.53932512624,6.573157299073394,0,0,116,12.35949159678874,4,0,0,0,0,0,16383,0.0,1
10,0,24.0,0.0,0.0,0.0,0.0,0.0,0,0,0,24.0,0,0,0,0,0,0,0,0.0,1
9,0,56.0,0.0,0.0,0.0,0.0,0.0,0,0,0,56.0,0,0,0,0,0,0,0,0.0,1
380081,5,0.0,95.83156563098254,0.0,0.0,35221.47881573896,6.0,0,0,116,30.929504810814866,4,0,0,0,0,0,16383,0.0,1
10,0,24.0,0.0,0.0,0.0,0.0,0.0,0,0,0,24.0,0,0,0,0,0,0,0,0.0,1
3710698,19,0.0,14.309647463829029,101.03436636453914,38.14333586155286,279127.3308337832,1.258591591134784,0,0,396,23.927671787118346,4,0,0,0,243,724,16383,0.0,1
766415,3,0.0,28.25058814277264,0.0,0.0,154350.63537601085,1.0,0,0,76,10.941405739752314,4,0,0,0,0,0,16383,0.0,1
9,0,56.7372493479035,0.0,0.0,0.0,0.0,0.0,0,0,0,56.7372493479035,0,0,0,0,0,0,0,0.0,1
253534,3,0.0,658.0468663513294,0.0,0.0,34336.91075380956,9.309618075182152,0,0,93,248.9745567741295,4,0,0,0,0,0,16383,0.0,1
77109,2,0.0,0.0,0.0,0.0,16808.86767775045,4.288871216368133,0,0,40,0.0,0,0,0,0,0,0,16383,0.0,1
284397,3,0.0,491.5815352914413,0.0,0.0,41736.84455628161,2.0,0,0,76,190.38870994868256,4,0,0,0,0,0,16383,0.0,1
9,0,24.0,0.0,0.0,0.0,0.0,0.0,0,0,0,24.0,0,0,0,0,0,0,0,0.0,1
1476172,7,0.0,306.6082428511345,930.601535481628,347.5670154567855,310279.0864822824,5.982946849116351,0,0,156,275.47232916860344,4,0,0,0,0,0,16383,0.0,1
340132,8,0.0,86.65497558953695,1460.0,672.5893252345397,68903.75627124633,1.0,0,0,194,375.5213981762683,4,0,0,0,0,0,16383,0.0,1
431547,3,0.0,84.02072322279496,0.0,0.0,83951.39581839915,6.403334188817674,0,0,76,32.54108617781876,4,0,0,0,0,0,16383,0.0,1
439682,10,0.0,93.76149348531264,1460.0,619.0108536017024,116838.27380762888,1.890384320855266,0,0,231,375.40911281509,4,0,0,0,0,0,16383,0.0,1
161591,3,0.0,139.86383344337983,0.0,0.0,31132.72549650815,9.0,0,0,76,54.16902976629381,4,0,0,0,0,0,16383,0.0,1
1782016,17,0.0,236.79452167914977,343.68654918627504,69.63171248346974,115812.038040974,1.4360804332443764,0,0,356,85.97469734007541,4,0,0,0,0,0,16383,0.0,1
943397,17,0.0,718.4869951607573,118.01002726747936,47.79171348804226,57368.82665638215,2.0005570704155207,0,0,356,568.5887491259866,4,0,0,0,0,0,16383,0.0,1
535017,3,0.0,34.90458497689471,0.0,0.0,113694.0597923058,7.583635484574899,0,0,76,13.518487632179484,4,0,0,0,0,0,16383,0.0,1
6111925,17,0.0,23.129437735713303,169.4189934330227,56.3022846883559,678045.0401229725,2.4493842586808032,0,0,374,34.324938718893506,4,0,0,0,251,734,16383,0.0,1
576035,6,0.0,389.07008388131993,951.1628072153349,372.2240439513808,101598.40071356791,3.9954399717045694,0,0,140,331.2819456120727,4,0,0,0,0,0,16383,0.0,1
68828950,10,0.0,20.086990086312436,29.65686428539988,8.6182340658427,20873299.059051715,3.363834285742233,0,0,235,10.890431626591331,4,0,0,0,173,112,16383,35682.70694308533,1
11,0,24.0,0.0,0.0,0.0,0.0,0.0,0,0,0,24.0,0,0,0,0,0,0,0,0.0,1
704796,7,0.0,50.26571200758224,110.0765414688098,40.43635513964508,160364.11006042294,3.780228387921583,0,0,156,36.86475473064387,4,0,0,0,0,0,16383,0.0,1
1204754,5,0.0,77.99290388879577,231.36972882312293,87.49619667099034,178092.32803286184,2.856718541297359,0,0,121,67.91900298941687,4,0,0,0,0,0,16383,0.0,1
11,0,504.0,0.0,0.0,0.0,0.0,0.0,0,0,0,504.0,0,0,0,0,0,0,0,0.0,1
23227,2,0.0,0.0,0.0,0.0,4811.458500247942,4.0,0,0,40,0.0,0,0,0,0,0,0,16383,0.0,1
1873351,16,0.0,13.309432296284204,716.4595150914112,121.64067416727045,217844.0394979144,4.372648463220534,0,0,353,68.1317219200098,4,0,0,0,0,0,16383,0.0,1
25003,2,0.0,0.0,0.0,0.0,9507.253370680935,8.791331142020681,0,0,40,0.0,0,0,0,0,0,0,16383,0.0,1
6,0,56.0,0.0,0.0,0.0,0.0,0.0,0,0,0,56.0,0,0,0,0,0,0,0,0.0,1
1600976,15,0.0,137.9493689716583,316.56668171327937,122.25790790610507,115528.36078723198,2.0,0,0,316,113.42148304902535,4,0,0,0,0,0,16383,0.0,1
65282,2,0.0,0.0,0.0,0.0,32059.25277367088,6.970916796381828,0,0,40,0.0,0,0,0,0,0,0,16383,0.0,1
112687,2,0.0,0.0,0.0,0.0,46724.0054862028,4.961100452814569,0,0,40,0.0,0,0,0,0,0,0,16383,0.0,1
1306103,11,0.0,573.1596251192477,0.0,0.0,70055.88054500164,1.9459246440320863,0,0,236,952.8374449069008,4,0,0,0,0,0,16383,0.0,1
460634,4,0.0,443.6303218037807,431.90318234494265,140.5587068962113,119768.1514606135,7.112527707510392,0,0,99,247.7210472788062,4,0,0,0,0,0,16383,0.0,1
2891741,35,0.0,587.3319151405094,109.50355135324536,27.26563160939568,61534.89762063363,1.0,0,0,719,911.6994227474364,4,0,0,0,0,0,16383,0.0,1
623426,5,0.0,30.983866769659336,0.0,0.0,34169.86645656016,3.456090881203602,0,0,116,9.999999999999998,4,0,0,0,0,0,16383,0.0,1
13981,2,0.0,0.0,0.0,0.0,5295.9948427135605,7.653674138880232,0,0,40,0.0,0,0,0,0,0,0,16383,0.0,1
1131581,5,0.0,129.60099538659136,0.0,0.0,162776.71327957074,4.014496244658005,0,0,116,41.82854139868107,4,0,0,0,0,0,16383,0.0,1
79851,2,0.0,0.0,0.0,0.0,26109.964946320677,6.168557998827645,0,0,40,0.0,0,0,0,0,0,0,16383,0.0,1
53191,2,0.0,0.0,0.0,0.0,14823.080898088903,8.406538617295276,0,0,40,0.0,0,0,0,0,0,0,16383,0.0,1
2208763,30,0.0,591.9643182784739,119.95126967037164,30.03850297649648,54678.96254325191,1.0162434432094538,0,0,634,883.2258167401396,4,0,0,0,0,0,16383,0.0,1
24030,2,0.0,0.0,0.0,0.0,7811.780327614528,9.643890272253238,0,0,40,0.0,0,0,0,0,0,0,16383,0.0,1
85102,2,0.0,0.0,0.0,0.0,25241.383009133653,3.352939175029017,0,0,40,0.0,0,0,0,0,0,0,16383,0.0,1
966866,5,0.0,30.983866769659336,0.0,0.0,79878.9206166803,6.325279945033156,0,0,116,9.999999999999998,4,0,0,0,0,0,16383,0.0,1
115284,2,0.0,0.0,0.0,0.0,53433.07477248831,1.8868431429956931,0,0,40,0.0,0,0,0,0,0,0,16383,0.0,1
895426,7,0.0,86.21211667494929,400.7561436112278,166.0608295997129,148885.2130255689,3.6290762982883713,0,0,169,103.81558759215224,4,0,0,0,0,0,16383,0.0,1
846859,5,0.0,86.28332241459445,200.6542373289589,80.26169493158356,149250.74862475228,2.7308474657917845,0,0,116,73.78615016655422,4,0,0,0,0,0,16383,0.0,1
2881488,40,0.0,582.8052135008709,254.67155278610016,152.6050878024639,86780.02913761065,1.0,0,0,827,834.3672850755853,4,0,0,0,0,0,16383,0.0,1
28577,2,0.0,0.0,0.0,0.0,19752.812488280702,3.842408334438882,0,0,40,0.0,0,0,0,0,0,0,16383,0.0,1
5,0,56.0,0.0,0.0,0.0,0.0,0.0,0,0,0,56.0,0,0,0,0,0,0,0,0.0,1
767866,7,0.0,200.9262012616512,198.8480924208787,56.81374069167963,167716.7172941049,3.1012717194142025,0,0,156,98.31323659541864,4,0,0,0,0,0,16383,0.0,1
665802,5,0.0,30.983866769659336,0.0,0.0,36460.14860207706,2.2068682297209667,0,0,116,9.999999999999998,4,0,0,0,0,0,16383,0.0,1
299471,6,0.0,373.63028135916414,588.155682223055,187.376364388756,43598.709706140464,2.1959455662235188,0,0,148,210.36410635145697,4,0,0,0,0,0,16383,0.0,1
44260,2,0.0,0.0,0.0,0.0,12616.086636548578,8.457878400210314,0,0,40,0.0,0,0,0,0,0,0,16383,0.0,1
662169,5,0.0,30.983866769659336,0.0,0.0,34834.09212505254,4.0,0,0,116,9.999999999999998,4,0,0,0,0,0,16383,0.0,1
6,0,23.11821862229109,0.0,0.0,0.0,0.0,0.0,0,0,0,23.11821862229109,0,0,0,0,0,0,0,0.0,1
11120456,7,0.0,78.05222382080693,837.0191378406732,239.15671378012823,2996235.0736636417,5.999907843463853,0,0,156,119.3016799991004,4,0,0,0,177,837,16383,186149.2425751896,1
803462,5,0.0,28.754089915070363,0.0,0.0,75468.2282939021,2.57572590823879,0,0,116,9.280342614701512,4,0,0,0,0,0,16383,0.0,1
753809,19,0.0,720.7272545784197,113.34894263979308,47.27543331024609,40166.32823077592,4.2868076480275885,0,0,396,541.5212466207794,4,0,0,0,0,0,16383,0.0,1
803739,11,0.0,522.904239636671,0.0,0.0,46864.158681337394,1.0,0,0,236,1010.3466666666671,4,0,0,0,0,0,16383,0.0,1
54498,2,0.0,0.0,0.0,0.0,14610.145959651049,8.012897469789525,0,0,40,0.0,0,0,0,0,0,0,16383,0.0,1
526334,3,0.0,80.55805360111427,0.0,0.0,99854.80699473506,1.4597005932385003,0,0,76,31.2,4,0,0,0,0,0,16383,0.0,1
81737,2,0.0,0.0,0.0,0.0,31858.255077729344,5.851150735425982,0,0,40,0.0,0,0,0,0,0,0,16383,0.0,1
15055,2,0.0,0.0,0.0,0.0,3446.759212601204,1.3389468298192968,0,0,40,0.0,0,0,0,0,0,0,16383,0.0,1
90072,2,0.0,0.0,0.0,0.0,20574.210489491277,7.0,0,0,40,0.0,0,0,0,0,0,0,16383,0.0,1
166770,3,0.0,105.12746113868428,0.0,0.0,34895.13177510531,8.0,0,0,76,40.71569062191915,4,0,0,0,0,0,16383,0.0,1
24377,2,0.0,0.0,0.0,0.0,10060.28331172124,7.255169156467724,0,0,40,0.0,0,0,0,0,0,0,16383,0.0,1
281039,5,0.0,84.27227139827625,660.067631907444,264.0270527629776,54903.87553805971,2.0,0,0,116,128.1191377074136,4,0,0,0,0,0,16383,0.0,1
802435,3,0.0,61.10842813522581,0.0,0.0,225393.04623095013,7.379979078965395,0,0,76,23.667192448064235,4,0,0,0,0,0,16383,0.0,1
79912,2,0.0,0.0,0.0,0.0,43302.93038238842,5.785729438232846,0,0,40,0.0,0,0,0,0,0,0,16383,0.0,1
424170,3,0.0,107.25613084340765,0.0,0.0,85816.18364816796,9.109810783012374,0,0,76,41.54012085351614,4,0,0,0,0,0,16383,0.0,1
624480,3,0.0,47.43543716126378,0.0,0.0,163293.44140092956,5.798504382748167,0,0,76,18.371665814564302,4,0,0,0,0,0,16383,0.0,1
158365,3,0.0,173.3743685646878,0.0,0.0,30421.508903238777,10.810069449543247,0,0,76,67.14760421102625,4,0,0,0,0,0,16383,0.0,1
10,0,524.3149184445889,0.0,0.0,0.0,0.0,0.0,0,0,0,524.3149184445889,0,0,0,0,0,0,0,0.0,1
24463,2,0.0,0.0,0.0,0.0,5865.930629283333,11.226841325697984,0,0,40,0.0,0,0,0,0,0,0,16383,0.0,1
8290,2,0.0,0.0,0.0,0.0,2284.894080789487,3.707587803295936,0,0,40,0.0,0,0,0,0,0,0,16383,0.0,1
234030,5,0.0,84.55342886638805,482.5798758720457,193.03195034881824,46820.49152331484,3.0506553656818163,0,0,116,101.04143919843035,4,0,0,0,0,0,16383,0.0,1
322099,3,0.0,80.79758822670703,0.0,0.0,70942.29453180035,7.0,0,0,76,31.292771361576083,4,0,0,0,0,0,16383,0.0,1
58852,2,0.0,0.0,0.0,0.0,25868.36849164467,2.0,0,0,40,0.0,0,0,0,0,0,0,16383,0.0,1
63246,2,0.0,0.0,0.0,0.0,28091.104676266164,6.252762942525569,0,0,40,0.0,0,0,0,0,0,0,16383,0.0,1
59521,2,0.0,0.0,0.0,0.0,26885.745528238866,8.973413402944127,0,0,40,0.0,0,0,0,0,0,0,16383,0.0,1
90035,2,0.0,0.0,0.0,0.0,20539.136688679588,7.0,0,0,40,0.0,0,0,0,0,0,0,16383,0.0,1
95684,2,0.0,0.0,0.0,0.0,35476.670189054224,7.624947642088343,0,0,40,0.0,0,0,0,0,0,0,16383,0.0,1
1406627,15,0.0,209.97174225045765,582.9111598404477,169.85606068435416,111685.4511023724,1.0,0,0,329,148.5418673799921,4,0,0,0,0,0,16383,0.0,1
280869,3,0.0,159.11076961892488,0.0,0.0,70588.8900787039,7.611487914894582,0,0,76,61.6233360936341,4,0,0,0,0,0,16383,0.0,1
21654,2,0.0,0.0,0.0,0.0,4276.512614134773,5.2081111629836805,0,0,40,0.0,0,0,0,0,0,0,16383,0.0,1
1580631,22,0.0,103.03668942193816,1460.0,658.5038245736602,273078.25711410266,1.672507262673649,0,0,457,445.666157945409,4,0,0,0,0,0,16383,0.0,1
216467,5,0.0,83.56779494262024,498.60547588094886,199.44219035237955,42215.07083865539,6.093150135530593,0,0,116,103.05669107081788,4,0,0,0,0,0,16383,0.0,1
11,0,504.0,0.0,0.0,0.0,0.0,0.0,0,0,0,504.0,0,0,0,0,0,0,0,0.0,1
61552,2,0.0,0.0,0.0,0.0,17345.515893652973,7.0,0,0,40,0.0,0,0,0,0,0,0,16383,0.0,1
1470989,7,0.0,484.71996637134856,541.6637152607873,203.18056756281212,303081.06735382706,4.205622461206948,0,0,156,291.5937068518758,4,0,0,0,0,0,16383,0.0,1
18606,2,0.0,0.0,0.0,0.0,3584.621807253447,7.871674137811236,0,0,40,0.0,0,0,0,0,0,0,16383,0.0,1
678185,5,0.0,93.94033747411704,694.0014228308895,277.6005691323558,137434.38280446516,4.0,0,0,116,136.38797314428783,4,0,0,0,0,0,16383,0.0,1
762945,18,0.0,213.7539234226689,1052.8645860587783,343.8736800162088,56436.488469929245,1.693422128056309,0,0,383,280.77352906548833,4,0,0,0,0,0,16383,0.0,1
2665764,208,0.0,42.19273681277939,1460.0,1293.5411818756847,87639.91214098137,1.0,0,0,4176,1097.8923868268669,4,0,0,0,0,0,16383,0.0,1
22863,2,0.0,0.0,0.0,0.0,8089.458683846252,8.73958366802121,0,0,40,0.0,0,0,0,0,0,0,16383,0.0,1
867831,7,0.0,89.31440726561033,383.4276191072239,109.55074831634968,198376.09210109076,4.0,0,0,156,77.11317791276574,4,0,0,0,0,0,16383,0.0,1
865976,6,0.0,86.61131156303281,1368.007545478479,515.200393677138,171338.12179089262,4.499794959823943,0,0,136,244.93000990234967,4,0,0,0,0,0,16383,0.0,1
90717,2,0.0,0.0,0.0,0.0,21185.992821846907,7.0,0,0,40,0.0,0,0,0,0,0,0,16383,0.0,1
1927251,5,0.0,71.13408571304177,0.0,0.0,544976.9105602752,1.7616545292683266,0,0,116,22.820982465041247,4,0,0,0,279,0,16383,0.0,1
1713742,7,0.0,61.05338886912873,214.99225258228435,62.55212259689266,350347.8617952448,3.813360060202317,0,0,163,46.50584749258979,4,0,0,0,0,0,16383,0.0,1
11,0,56.0,0.0,0.0,0.0,0.0,0.0,0,0,0,56.0,0,0,0,0,0,0,0,0.0,1
42761,2,0.0,0.0,0.0,0.0,8079.127227143615,2.0,0,0,40,0.0,0,0,0,0,0,0,16383,0.0,1
500710,3,0.0,70.406949874516,0.0,0.0,121945.4502933608,4.443033706337619,0,0,76,27.268494432126083,4,0,0,0,0,0,16383,0.0,1
21693,2,0.0,0.0,0.0,0.0,8347.111429535957,7.234211888857312,0,0,40,0.0,0,0,0,0,0,0,16383,0.0,1
8,0,24.0,0.0,0.0,0.0,0.0,0.0,0,0,0,24.0,0,0,0,0,0,0,0,0.0,1
371159,5,0.0,65.12614717895654,180.06484580142197,72.02593832056878,57390.529887696175,2.8037542832938342,0,0,116,59.77693797405217,4,0,0,0,0,0,16383,0.0,1
1650638,243,0.0,14.177268084897229,1460.0,1228.368206301421,57569.55214675162,1.0,0,0,4890,1026.88130597606,4,0,0,0,0,0,16383,0.0,1
97297,2,0.0,0.0,0.0,0.0,38753.59969297215,7.036520052525672,0,0,40,0.0,0,0,0,0,0,0,16383,0.0,1
1415158,15,0.0,126.69138213036256,726.2055659459139,204.7826947664057,110548.00390951092,1.0,0,0,320,150.67256789104528,4,0,0,0,0,0,16383,0.0,1
206144,3,0.0,111.68614283888652,0.0,0.0,39437.07210333579,2.0,0,0,76,43.25585712171503,4,0,0,0,0,0,16383,0.0,1
621400,5,0.0,91.55696400272446,137.53772101433594,54.68353938876902,90224.9844060068,4.4866176272401885,0,0,132,58.36477641003144,4,0,0,0,0,0,16383,0.0,1
4,0,754.0252197192001,0.0,0.0,0.0,0.0,0.0,0,0,0,754.0252197192001,0,0,0,0,0,0,0,0.0,1
29150192,443,0.0,66.59042190590638,1158.3906118208713,217.28363910373065,160970.43980845998,0.9139678429670568,0,0,8889,197.8274094427655,3,0,0,0,0,0,16383,0.0,1
442405,7,0.0,121.57011484704542,1460.0,709.2573789065468,106087.43457703036,2.885946171992761,0,0,158,366.6587851420934,4,0,0,0,0,0,16383,0.0,1
418654,9,0.0,177.98537140351954,76.0,34.466955179044746,49762.13323352509,1.8945165725389643,0,0,196,64.73239651424333,4,0,0,0,0,0,16383,0.0,1
41873,2,0.0,0.0,0.0,0.0,9502.96006643222,3.756763051617837,0,0,40,0.0,0,0,0,0,0,0,16383,0.0,1
6,0,56.0,0.0,0.0,0.0,0.0,0.0,0,0,0,56.0,0,0,0,0,0,0,0,0.0,1
161173,3,0.0,136.89995667092327,0.0,0.0,31242.71470777134,7.130073663706046,0,0,76,53.02112522830028,4,0,0,0,0,0,16383,0.0,1
39310,2,0.0,0.0,0.0,0.0,14941.481902408035,2.0,0,0,40,0.0,0,0,0,0,0,0,16383,0.0,1
852987,6,0.0,79.1794829994783,336.22767584281627,96.06505024080464,198980.4785572842,4.539797493833052,0,0,148,66.63240202146723,4,0,0,0,0,0,16383,0.0,1
1025036,5,0.0,38.45587309304502,0.0,0.0,126104.84830046508,6.792105200767031,0,0,116,12.411579671102436,4,0,0,0,0,0,16383,0.0,1
618583,5,0.0,30.983866769659336,0.0,0.0,29966.812722610382,6.003740112903915,0,0,116,9.999999999999998,4,0,0,0,0,0,16383,0.0,1
10,0,524.6893104121027,0.0,0.0,0.0,0.0,0.0,0,0,0,524.6893104121027,0,0,0,0,0,0,0,0.0,1
7,0,67.64596328186408,0.0,0.0,0.0,0.0,0.0,0,0,0,67.64596328186408,0,0,0,0,0,0,0,0.0,1
91342,2,0.0,0.0,0.0,0.0,47344.560831235336,4.846625431758895,0,0,40,0.0,0,0,0,0,0,0,16383,0.0,1
3,0,56.0,0.0,0.0,0.0,0.0,0.0,0,0,0,56.0,0,0,0,0,0,0,0,0.0,1
232686,3,0.0,536.9677893774005,0.0,0.0,42547.95247757885,8.204129413112526,0,0,76,207.9667305708484,4,0,0,0,0,0,16383,0.0,1
640516,5,0.0,30.983866769659336,0.0,0.0,34293.62765653508,2.570226739091302,0,0,116,9.999999999999998,4,0,0,0,0,0,16383,0.0,1
1402565,17,0.0,309.049362456627,219.96683588240288,80.26311176862592,81267.62096896216,1.4168697809004165,0,0,372,125.46889289477,4,0,0,0,0,0,16383,0.0,1
104672,2,0.0,0.0,0.0,0.0,47127.07753346751,5.920886871028997,0,0,40,0.0,0,0,0,0,0,0,16383,0.0,1
578086,3,0.0,588.4527949091271,0.0,0.0,124849.85455898131,7.0,0,0,76,227.90678747122573,4,0,0,0,0,0,16383,0.0,1
67758,2,0.0,0.0,0.0,0.0,21603.741635561582,5.154206831407453,0,0,40,0.0,0,0,0,0,0,0,16383,0.0,1
448329,5,0.0,89.11177244301064,197.9323631822551,79.17294527290204,71160.45656946792,3.9323631822551137,0,0,116,74.12114606833883,4,0,0,0,0,0,16383,0.0,1
205146,3,0.0,125.38401918054193,0.0,0.0,37810.10691155546,2.0,0,0,76,48.56102181667903,4,0,0,0,0,0,16383,0.0,1
76362,2,0.0,0.0,0.0,0.0,16082.830795705468,2.7895703567364567,0,0,40,0.0,0,0,0,0,0,0,16383,0.0,1
853874,6,0.0,311.0734266239341,812.4383705292802,289.36161142138747,170620.8521421382,1.556464637348822,0,0,138,231.03653798276463,4,0,0,0,0,0,16383,0.0,1
849357,6,0.0,66.711120655918,262.9651513990275,75.13290039972215,195998.6429233256,5.075864745860774,0,0,141,53.622003997040565,4,0,0,0,0,0,16383,0.0,1
155965,3,0.0,315.4805024485329,0.0,0.0,34945.62291866916,7.468035140471784,0,0,76,121.7334667002586,4,0,0,0,0,0,16383,0.0,1
3051865,5,0.0,32.62703722779177,22.587913135045195,6.45368946715577,639716.7136018056,1.0418682356534663,0,0,116,13.651508266634472,4,0,0,0,67,45,16383,0.0,1
39629,2,0.0,0.0,0.0,0.0,15323.397069511226,2.631546302498992,0,0,40,0.0,0,0,0,0,0,0,16383,0.0,1
699103,12,0.0,88.81855164400784,1460.0,783.1579386758513,197265.4851016278,2.0,0,0,273,500.2273557866615,4,0,0,0,0,0,16383,0.0,1
9,0,56.0,0.0,0.0,0.0,0.0,0.0,0,0,0,56.0,0,0,0,0,0,0,0,0.0,1
45793,2,0.0,0.0,0.0,0.0,17850.071481240637,2.7021074541137926,0,0,40,0.0,0,0,0,0,0,0,16383,0.0,1
52321,2,0.0,0.0,0.0,0.0,14964.8653610376,8.668647781263683,0,0,40,0.0,0,0,0,0,0,0,16383,0.0,1
165742,3,0.0,37.51683433310923,0.0,0.0,30280.93464369036,7.324337097792927,0,0,76,14.530207457455468,4,0,0,0,0,0,16383,0.0,1
87421,2,0.0,0.0,0.0,0.0,44178.8424783661,3.5837489047838,0,0,40,0.0,0,0,0,0,0,0,16383,0.0,1
612854,7,0.0,83.84196321649884,401.787674405432,114.796478401552,166654.61266545608,1.731238625732697,0,0,156,76.48167576608051,4,0,0,0,0,0,16383,0.0,1
533010,37,0.0,298.24157280272004,796.8918524044092,662.1769794683399,46357.87331798052,1.454183662736706,0,0,759,963.5310016136162,4,0,0,0,0,0,16383,0.0,1
640371,3,0.0,61.13331512431312,0.0,0.0,138136.06869513754,6.1140419051783415,0,0,76,23.529465031536617,4,0,0,0,0,0,16383,0.0,1
336466,9,0.0,86.27161083559069,1460.0,674.8532626231151,68406.44459612336,1.065270084511699,0,0,196,378.0757495941745,4,0,0,0,0,0,16383,0.0,1
33936353,2147,0.0,157.9847488104237,1126.5816762452594,986.6456986790693,76885.20765120703,0.2508790998907002,0,0,42954,1131.9411939361055,1,0,0,0,0,0,16383,0.0,1
97938,2,0.0,0.0,0.0,0.0,38700.46696720908,6.518210640013738,0,0,40,0.0,0,0,0,0,0,0,16383,0.0,1
2428913,30,0.0,591.92530699718,107.33817245303784,29.060363108506,63436.73395626543,2.0,0,0,619,877.6145043673456,4,0,0,0,0,0,16383,0.0,1
9,0,4.0,0.0,0.0,0.0,0.0,0.0,0,0,0,4.0,0,0,0,0,0,0,0,0.0,1
651517,13,0.0,199.7697535208016,343.3539319678491,70.85690247258732,54806.40313770993,2.0,0,0,291,80.32283572927983,4,0,0,0,0,0,16383,0.0,1
8,0,56.0,0.0,0.0,0.0,0.0,0.0,0,0,0,56.0,0,0,0,0,0,0,0,0.0,1
1419739,18,0.0,234.8356464495096,280.1915989745369,95.073779118843,79919.01018692084,1.6606947326904329,0,0,382,125.03827271724964,4,0,0,0,0,0,16383,0.0,1
213161,5,0.0,171.46762440000376,391.0509353088706,156.42037412354827,41403.02669338616,3.5177949629586758,0,0,116,114.22384559160751,4,0,0,0,0,0,16383,0.0,1
9,0,929.7431126308354,0.0,0.0,0.0,0.0,0.0,0,0,0,929.7431126308354,0,0,0,0,0,0,0,0.0,1
146183,3,0.0,647.4847680166688,0.0,0.0,32282.67997857128,10.051386691661047,0,0,76,288.1887116734198,4,0,0,0,0,0,16383,0.0,1
1244752,17,0.0,292.1740590169687,121.2461097678198,52.55893827647812,89136.2627805222,2.0,0,0,356,83.40619392501569,4,0,0,0,0,0,16383,0.0,1
4,0,133.85299441063498,0.0,0.0,0.0,0.0,0.0,0,0,0,133.85299441063498,0,0,0,0,0,0,0,0.0,1
88128,2,0.0,0.0,0.0,0.0,43132.73754517742,1.6452714432697872,0,0,40,0.0,0,0,0,0,0,0,16383,0.0,1
1284041,5,0.0,43.39621768950473,83.34646670156906,23.813276200448307,276208.6586999285,1.5992958331655334,0,0,132,27.720954775371208,4,0,0,0,0,0,16383,0.0,1
185817,3,0.0,101.25787405028612,0.0,0.0,34946.2532458747,8.309122929628794,0,0,76,39.21700598691263,4,0,0,0,0,0,16383,0.0,1
73888,2,0.0,0.0,0.0,0.0,32281.89428614845,8.766547202852447,0,0,40,0.0,0,0,0,0,0,0,16383,0.0,1
83490,2,0.0,0.0,0.0,0.0,44592.06979280368,4.829651311042704,0,0,40,0.0,0,0,0,0,0,0,16383,0.0,1
440915,3,0.0,74.24975666290257,0.0,0.0,87342.13496234854,6.034567348522937,0,0,76,28.75680710153748,4,0,0,0,0,0,16383,0.0,1
1476309,6,0.0,273.2475092536564,280.9535409395712,149.9272170523286,230425.79136533567,2.3193805458609487,0,0,142,168.18676231880198,4,0,0,0,0,0,16383,0.0,1
486729,7,0.0,451.7686865943218,645.3687945594403,449.0255859531249,67869.10264470725,3.1159331581377527,0,0,169,399.43278064684057,4,0,0,0,0,0,16383,0.0,1
776021,7,0.0,105.41832098273568,521.0814037800799,148.88040108002286,211208.28011051592,8.0,0,0,156,101.95251665337724,4,0,0,0,0,0,16383,0.0,1
1100175,7,0.0,0.0,1460.0,475.1428571428572,434517.5185678402,7.75421483947685,0,0,156,255.84615384615387,4,0,0,0,0,0,16383,0.0,1
1022967,5,0.0,30.983866769659336,0.0,0.0,134501.3002614261,3.7451066251110894,0,0,116,9.999999999999998,4,0,0,0,0,0,16383,0.0,1
6,0,56.0,0.0,0.0,0.0,0.0,0.0,0,0,0,56.0,0,0,0,0,0,0,0,0.0,1
30372,2,0.0,0.0,0.0,0.0,9131.06844094058,4.648765386159386,0,0,40,0.0,0,0,0,0,0,0,16383,0.0,1
97542,2,0.0,0.0,0.0,0.0,38685.61509770483,6.818263715435244,0,0,40,0.0,0,0,0,0,0,0,16383,0.0,1
821142,3,0.0,38.3303670779212,0.0,0.0,226830.78376118687,7.151432314369964,0,0,76,14.845287334680584,4,0,0,0,0,0,16383,0.0,1
678609,5,0.0,93.2991749596538,659.2311691812417,263.69246767249666,135261.49233624132,4.0,0,0,116,130.83655071453634,4,0,0,0,0,0,16383,0.0,1
803368,5,0.0,88.02530498406311,468.03126194501726,187.2125047780069,167210.38055678905,6.805420201836341,0,0,116,99.75837772478026,4,0,0,0,0,0,16383,0.0,1
6,0,69.95719514627375,0.0,0.0,0.0,0.0,0.0,0,0,0,69.95719514627375,0,0,0,0,0,0,0,0.0,1
5682246,7,0.0,86.35525469002111,579.0425346966767,165.44072419905046,1438644.5336966305,7.401461779089043,0,0,156,104.89265467835952,4,0,0,0,218,579,16383,0.0,1
264621,3,0.0,91.88317737892082,0.0,0.0,71034.44374909287,5.6476623625349545,0,0,76,35.586201578518235,4,0,0,0,0,0,16383,0.0,1
937601,19,0.0,700.5704933092786,120.22446368429414,46.63417671155021,63457.546352327445,1.0,0,0,396,386.0980827802677,4,0,0,0,0,0,16383,0.0,1
27817,2,0.0,0.0,0.0,0.0,5630.004872413188,7.608257549437722,0,0,40,0.0,0,0,0,0,0,0,16383,0.0,1
27482,2,0.0,0.0,0.0,0.0,3679.866549042683,8.0,0,0,40,0.0,0,0,0,0,0,0,16383,0.0,1
216866,3,0.0,207.1650725649708,0.0,0.0,43166.7365981475,4.062537294031126,0,0,76,79.5705340277474,4,0,0,0,0,0,16383,0.0,1
118348,2,0.0,0.0,0.0,0.0,54103.76302792417,2.4618165484621297,0,0,40,0.0,0,0,0,0,0,0,16383,0.0,1
1415122,15,0.0,36.53817889027786,47.79367892234255,13.683781854575724,140593.26771509563,1.0,0,0,316,20.537927764713714,4,0,0,0,0,0,16383,0.0,1
841577,5,0.0,77.93292014099309,196.4763386218277,78.59053544873106,138547.7773105082,1.8952677243655316,0,0,116,69.1307773214651,4,0,0,0,0,0,16383,0.0,1
10,0,24.0,0.0,0.0,0.0,0.0,0.0,0,0,0,24.0,0,0,0,0,0,0,0,0.0,1
394192,5,0.0,276.3799112206902,0.0,0.0,101277.99531291808,6.359565306402527,0,0,116,87.14004132242145,4,0,0,0,0,0,16383,0.0,1
65011,2,0.0,0.0,0.0,0.0,28156.89284386576,7.730944837253046,0,0,40,0.0,0,0,0,0,0,0,16383,0.0,1
29828,2,0.0,0.0,0.0,0.0,20606.476694111312,2.309038292553109,0,0,40,0.0,0,0,0,0,0,0,16383,0.0,1
3,0,24.0,0.0,0.0,0.0,0.0,0.0,0,0,0,24.0,0,0,0,0,0,0,0,0.0,1
39378,2,0.0,0.0,0.0,0.0,14471.519766916128,2.9194422136251577,0,0,40,0.0,0,0,0,0,0,0,16383,0.0,1
53094,2,0.0,0.0,0.0,0.0,24350.13585903651,7.0,0,0,40,0.0,0,0,0,0,0,0,16383,0.0,1
738152,17,0.0,580.55613893959,123.79020672375896,59.2854765209638,47984.36657081169,1.5658505603132469,0,0,356,219.04335906896875,4,0,0,0,0,0,16383,0.0,1
5,0,56.0,0.0,0.0,0.0,0.0,0.0,0,0,0,56.0,0,0,0,0,0,0,0,0.0,1
236063,3,0.0,71.63647994934456,0.0,0.0,56814.1212205609,8.188937876494661,0,0,76,27.744689382473307,4,0,0,0,0,0,16383,0.0,1
633220,6,0.0,104.71807527980056,100.2260284450742,39.52747201954953,94394.92693167558,6.2220451886012,0,0,144,52.93640031779804,4,0,0,0,0,0,16383,0.0,1
6,0,56.0,0.0,0.0,0.0,0.0,0.0,0,0,0,56.0,0,0,0,0,0,0,0,0.0,1
18449,2,0.0,0.0,0.0,0.0,2391.866056858384,9.636990302581784,0,0,40,0.0,0,0,0,0,0,0,16383,0.0,1
902099,45,0.0,334.4592891165488,828.1536328609444,696.6205303004334,61325.08301381428,3.1638574217090945,0,0,916,992.9717458575836,4,0,0,0,0,0,16383,0.0,1
50499,2,0.0,0.0,0.0,0.0,21297.497200964084,6.19135964832306,0,0,40,0.0,0,0,0,0,0,0,16383,0.0,1
5356571,7,0.0,70.38876742426628,180.55076758643185,51.03826068481244,1312005.1427640954,7.435692163812788,0,0,159,52.7048937613932,4,0,0,0,251,180,16383,0.0,1
9,0,56.0,0.0,0.0,0.0,0.0,0.0,0,0,0,56.0,0,0,0,0,0,0,0,0.0,1
1838160,17,0.0,317.67138532989503,111.04106893956155,51.60666749966224,115646.81874917082,1.9794655302192163,0,0,365,94.64851229285472,4,0,0,0,0,0,16383,0.0,1
104013,2,0.0,0.0,0.0,0.0,40083.76827236354,5.933119591418313,0,0,40,0.0,0,0,0,0,0,0,16383,0.0,1
1480098,7,0.0,318.2659809111924,280.87472393981926,160.483503077129,235320.8852115798,3.171561329061009,0,0,162,189.73119917675143,4,0,0,0,0,0,16383,0.0,1
79033,2,0.0,0.0,0.0,0.0,29760.260767765078,6.75943972956366,0,0,40,0.0,0,0,0,0,0,0,16383,0.0,1
206060,3,0.0,273.99338173163727,0.0,0.0,46338.45741041925,5.092644489067503,0,0,76,106.11718044176828,4,0,0,0,0,0,16383,0.0,1
1144123,5,0.0,158.9064104837445,162.0192104345914,64.80768417383656,254260.59585713435,4.260186253723327,0,0,116,75.02776051677704,4,0,0,0,0,0,16383,0.0,1
10,0,56.0,0.0,0.0,0.0,0.0,0.0,0,0,0,56.0,0,0,0,0,0,0,0,0.0,1
2128551,18,0.0,93.8310380003062,622.3146136754235,124.22875309746084,180206.0186446811,2.0,0,0,387,106.22678095700007,4,0,0,0,0,0,16383,0.0,1
748917,7,0.0,94.2334138783808,565.9202266952593,161.69149334150268,207508.6579707505,5.831207749140199,0,0,156,101.20550095990292,4,0,0,0,0,0,16383,0.0,1
7732373,8,29.796394542161067,151.8494314721223,1373.6850475564383,649.4164014779752,2687335.7526089638,2.8226405086776127,0,0,184,373.6633365115882,3,0,0,0,807,5844,15414,519479.99569634965,1
608176,5,0.0,0.0,273.144026311801,109.2576105247204,258271.31333830705,5.502616634276519,0,0,116,49.66255023850927,4,0,0,0,0,0,16383,0.0,1
635406,30,0.0,72.01812620337297,1460.0,1113.679826499308,47279.91726140834,2.0,0,0,626,730.4070107669354,4,0,0,0,0,0,16383,0.0,1
22785,2,0.0,0.0,0.0,0.0,7736.457697015674,5.174358502372288,0,0,40,0.0,0,0,0,0,0,0,16383,0.0,1
31198,2,0.0,0.0,0.0,0.0,8174.457915106419,2.0629211393357534,0,0,40,0.0,0,0,0,0,0,0,16383,0.0,1
670354,5,0.0,75.57593967538097,193.50140542216596,77.40056216886637,99539.49550096047,4.166198192611356,0,0,116,66.72511460325877,4,0,0,0,0,0,16383,0.0,1
782057,5,0.0,514.9336678013211,0.0,0.0,109373.92635024904,9.0,0,0,116,166.19412664966828,4,0,0,0,0,0,16383,0.0,1
51892,2,0.0,0.0,0.0,0.0,20943.18952136192,3.4325369508349297,0,0,40,0.0,0,0,0,0,0,0,16383,0.0,1
1407274,17,0.0,288.7029693039556,236.4780250981745,84.3235965007481,80897.88654980557,1.483716700802326,0,0,375,125.35083429451797,4,0,0,0,0,0,16383,0.0,1
11,0,1061.225805029988,0.0,0.0,0.0,0.0,0.0,0,0,0,1061.225805029988,0,0,0,0,0,0,0,0.0,1
374161,10,0.0,205.90757671264453,1366.4683824428969,950.742073811764,98840.54783534698,1.9359372482485595,0,0,230,647.9506775786194,4,0,0,0,0,0,16383,0.0,1
377729,5,0.0,60.46291349848384,0.0,0.0,38189.94582237284,6.0,0,0,116,19.51432142023396,4,0,0,0,0,0,16383,0.0,1
217971,3,0.0,511.7063801800557,0.0,0.0,41268.197959745885,8.962555902438474,0,0,76,198.18302885854368,4,0,0,0,0,0,16383,0.0,1
174833,3,0.0,371.7164161499115,0.0,0.0,36260.49431694082,3.5225997098728854,0,0,76,139.84095344079952,4,0,0,0,0,0,16383,0.0,1
886802,5,0.0,565.1423694586846,72.22208140656289,25.72293310370736,191706.45349284544,1.0494671790455912,0,0,117,190.0035436907565,4,0,0,0,0,0,16383,0.0,1
55845,2,0.0,0.0,0.0,0.0,11136.97502050926,7.867603107906255,0,0,40,0.0,0,0,0,0,0,0,16383,0.0,1
212666,5,0.0,66.04069607776692,183.30456340883572,73.3218253635343,33679.22940242908,4.034957455487922,0,0,116,61.19597852377779,4,0,0,0,0,0,16383,0.0,1
718527,6,0.0,92.35577763932731,441.4420514339288,127.07129302113546,167942.28144519596,3.3445285562547213,0,0,152,84.6607232239927,4,0,0,0,0,0,16383,0.0,1
25863,2,0.0,0.0,0.0,0.0,12417.14078329609,6.0,0,0,40,0.0,0,0,0,0,0,0,16383,0.0,1
742088,5,0.0,30.115281307263498,0.0,0.0,51334.99561621941,6.719665247448588,0,0,116,9.719665247448589,4,0,0,0,0,0,16383,0.0,1
1413844,10,0.0,502.7524626914845,1293.05709225686,427.8627890490541,200105.38251121037,2.2643593155077437,0,0,230,382.31972115015327,4,0,0,0,0,0,16383,0.0,1
630339,29,0.0,69.90560792290194,1460.0,1168.2029433078949,79298.96664428197,1.0,0,0,611,835.6959121309347,4,0,0,0,0,0,16383,0.0,1
1871563,6,0.0,99.96869161371212,12.105476298781142,6.88350613067947,500678.31539850216,1.0,0,0,144,29.354759304990942,4,0,0,0,459,61,16383,0.0,1
109640,2,0.0,0.0,0.0,0.0,33091.45450913553,7.380951845023475,0,0,40,0.0,0,0,0,0,0,0,16383,0.0,1
8,0,24.0,0.0,0.0,0.0,0.0,0.0,0,0,0,24.0,0,0,0,0,0,0,0,0.0,1
733315,5,0.0,30.983866769659336,0.0,0.0,51533.32735830536,6.20161658102385,0,0,116,9.999999999999998,4,0,0,0,0,0,16383,0.0,1
736143,5,0.0,30.983866769659336,0.0,0.0,47451.01339760255,5.19519344777865,0,0,116,9.999999999999998,4,0,0,0,0,0,16383,0.0,1
21443,2,0.0,0.0,0.0,0.0,3260.324229367094,7.383215365947252,0,0,40,0.0,0,0,0,0,0,0,16383,0.0,1
615998,5,0.0,30.983866769659336,0.0,0.0,29779.764373401125,5.432665555261654,0,0,116,9.999999999999998,4,0,0,0,0,0,16383,0.0,1
50628,2,0.0,0.0,0.0,0.0,24746.970518351645,7.0,0,0,40,0.0,0,0,0,0,0,0,16383,0.0,1
126296,2,0.0,0.0,0.0,0.0,18833.146806694134,1.0967254220975615,0,0,40,0.0,0,0,0,0,0,0,16383,0.0,1
909809,5,0.0,30.983866769659336,0.0,0.0,73615.82906961691,3.820487584480275,0,0,116,9.999999999999998,4,0,0,0,0,0,16383,0.0,1
5696103,8,0.0,131.07919752487348,234.6395039516127,61.42598736575158,1143966.3450781512,2.0419551342988798,0,0,189,67.41625232754839,4,0,0,0,400,234,16383,0.0,1
512295,5,0.0,96.81903832265634,121.95186282483,34.84338937852285,142594.97747745074,2.823999073140743,0,0,132,44.93557104004525,4,0,0,0,0,0,16383,0.0,1
528935,42,0.0,250.4258018428223,944.4697821499514,784.8068036536943,48664.9942975607,1.3531028889383894,0,0,857,962.899464794732,4,0,0,0,0,0,16383,0.0,1
374530,5,0.0,83.24829310091998,513.8084487866145,205.5233795146458,76775.30152995794,1.7997833644457837,0,0,116,105.29487399041147,4,0,0,0,0,0,16383,0.0,1
626054,5,0.0,30.983866769659336,0.0,0.0,32694.42025329341,7.445312975211633,0,0,116,9.999999999999998,4,0,0,0,0,0,16383,0.0,1
160492,3,0.0,98.09632042131994,0.0,0.0,34757.83770722787,8.0,0,0,76,37.99254153159987,4,0,0,0,0,0,16383,0.0,1
2001355,9,0.0,100.28575066121688,147.29632439844934,33.335583963307435,282365.5773752667,1.3685412074169794,0,0,210,51.59861419141706,4,0,0,0,0,0,16383,0.0,1
1574268,8,0.0,96.78722999224676,106.8756291879272,55.71790948069642,222745.1558631988,3.0,0,0,187,62.2446324036714,4,0,0,0,0,0,16383,0.0,1
156227,3,0.0,181.9818911471416,0.0,0.0,34769.747469370464,8.0,0,0,76,70.48128337242105,4,0,0,0,0,0,16383,0.0,1
791207,5,0.0,30.983866769659336,0.0,0.0,67615.62731193099,2.8282821364313326,0,0,116,9.999999999999998,4,0,0,0,0,0,16383,0.0,1
24891,2,0.0,0.0,0.0,0.0,9678.1222214446,9.83178343970455,0,0,40,0.0,0,0,0,0,0,0,16383,0.0,1
300515,7,0.0,324.7633049915858,790.9439566733556,251.92491375043988,43505.39550344394,1.9177723502423103,0,0,159,227.83436036144872,4,0,0,0,0,0,16383,0.0,1
36975,2,0.0,0.0,0.0,0.0,15030.70229309238,3.5796419258378465,0,0,40,0.0,0,0,0,0,0,0,16383,0.0,1
1556659,40,0.0,147.87157247260976,1460.0,1010.3944388599627,250901.44293018023,1.2204876394147492,0,0,819,773.7032559675822,4,0,0,0,0,0,16383,0.0,1
780928,5,0.0,32.541125697306235,0.0,0.0,102764.26501078178,6.005206315418212,0,0,116,10.502603157709109,4,0,0,0,0,0,16383,0.0,1
4,0,145.380757588054,0.0,0.0,0.0,0.0,0.0,0,0,0,145.380757588054,0,0,0,0,0,0,0,0.0,1
1798228,84,0.0,138.80398695483586,1213.7952539345629,924.4994598374076,90437.16076178492,1.184838397947025,0,0,1707,834.2201920349953,4,0,0,0,0,0,16383,0.0,1
38455,2,0.0,0.0,0.0,0.0,14054.72808364051,6.702064513234282,0,0,40,0.0,0,0,0,0,0,0,16383,0.0,1
3,0,56.0,0.0,0.0,0.0,0.0,0.0,0,0,0,56.0,0,0,0,0,0,0,0,0.0,1
262000,3,0.0,121.96559111174528,0.0,0.0,52695.34478557052,3.417846383898077,0,0,76,47.096557833681615,4,0,0,0,0,0,16383,0.0,1
190926,2,0.0,0.0,0.0,0.0,32924.39032530224,4.859591774467951,0,0,40,0.0,0,0,0,0,0,0,16383,0.0,1
3,0,41.91503740025201,0.0,0.0,0.0,0.0,0.0,0,0,0,41.91503740025201,0,0,0,0,0,0,0,0.0,1
1903422,21,0.0,691.571314439636,124.66521976693036,44.21308269409699,79306.18132699057,2.0,0,0,449,656.6708525044884,4,0,0,0,0,0,16383,0.0,1
8,0,354.8890924884258,0.0,0.0,0.0,0.0,0.0,0,0,0,354.8890924884258,0,0,0,0,0,0,0,0.0,1
395762,3,0.0,160.58282207673415,0.0,0.0,64196.90158748513,6.651002228811728,0,0,76,62.193459559018,4,0,0,0,0,0,16383,0.0,1
9,0,1278.2719655435674,0.0,0.0,0.0,0.0,0.0,0,0,0,1278.2719655435674,0,0,0,0,0,0,0,0.0,1
13,0,44.388523723502914,0.0,0.0,0.0,0.0,0.0,0,0,0,44.388523723502914,0,0,0,0,0,0,0,0.0,1
30229,2,0.0,0.0,0.0,0.0,20319.707195849463,3.4045878983164077,0,0,40,0.0,0,0,0,0,0,0,16383,0.0,1
450792,5,0.0,104.03213028547856,1398.6707057043975,607.0884941634604,93273.45344935048,4.226585885912044,0,0,131,286.7503427642096,4,0,0,0,0,0,16383,0.0,1
276888,3,0.0,538.4826940221296,0.0,0.0,65923.25843555121,3.2046008224815905,0,0,76,208.5534506168612,4,0,0,0,0,0,16383,0.0,1
8,0,24.0,0.0,0.0,0.0,0.0,0.0,0,0,0,24.0,0,0,0,0,0,0,0,0.0,1
585942,5,0.0,76.95033393296092,0.0,0.0,61478.92403055902,1.4882925528852993,0,0,116,24.83561348395476,4,0,0,0,0,0,16383,0.0,1
637082,5,0.0,29.277002188455995,0.0,0.0,203880.36206397123,2.516705715033675,0,0,116,9.23076923076923,4,0,0,0,0,0,16383,0.0,1
4,0,39.335170710882096,0.0,0.0,0.0,0.0,0.0,0,0,0,39.335170710882096,0,0,0,0,0,0,0,0.0,1
213263,3,0.0,717.6459933838142,0.0,0.0,33776.581016877484,5.678293216141505,0,0,82,526.9851058254151,4,0,0,0,0,0,16383,0.0,1
1562481,7,0.0,46.32308566407684,260.0386761583878,88.23548630805519,401793.6798615579,7.418693230317983,0,0,161,57.31087947328662,4,0,0,0,0,0,16383,0.0,1
2518157,17,0.0,365.3979227515076,122.09114790050198,54.0687624619361,168862.442913251,1.494303256218626,0,0,375,115.35956771557508,4,0,0,0,0,0,16383,0.0,1
43230,2,0.0,0.0,0.0,0.0,23876.086345175758,6.062041416956554,0,0,40,0.0,0,0,0,0,0,0,16383,0.0,1
2292395,5,0.0,140.73499837255005,162.18051631484846,65.28016575150606,437764.2262501932,1.0711556788779095,0,0,121,82.96200279426708,4,0,0,0,921,331,16383,0.0,1
637281,5,0.0,29.277002188455995,0.0,0.0,200826.8673094573,2.0,0,0,116,9.23076923076923,4,0,0,0,0,0,16383,0.0,1
100483,2,0.0,0.0,0.0,0.0,45080.51950984037,4.735926300448716,0,0,40,0.0,0,0,0,0,0,0,16383,0.0,1
16199,2,0.0,0.0,0.0,0.0,3235.9934224299627,7.0,0,0,40,0.0,0,0,0,0,0,0,16383,0.0,1
968043,5,0.0,30.983866769659336,0.0,0.0,80381.75226235818,5.789368378300366,0,0,116,9.999999999999998,4,0,0,0,0,0,16383,0.0,1
727466,3,0.0,18.323907707645617,0.0,0.0,183563.0700371964,11.8391640816194,0,0,76,7.09681893891532,4,0,0,0,0,0,16383,0.0,1
464087,5,0.0,66.25663871985364,178.07128666479846,71.22851466591938,66688.90874139419,3.0973896967998598,0,0,116,60.31999471805669,4,0,0,0,0,0,16383,0.0,1
16361,2,0.0,0.0,0.0,0.0,3264.780173555233,6.803984630438518,0,0,40,0.0,0,0,0,0,0,0,16383,0.0,1
8,0,351.7896640950528,0.0,0.0,0.0,0.0,0.0,0,0,0,351.7896640950528,0,0,0,0,0,0,0,0.0,1
801407,11,0.0,529.220644354488,0.0,0.0,46028.19950468432,1.18527685033354,0,0,236,1002.2610396029348,4,0,0,0,0,0,16383,0.0,1
1570203,17,0.0,611.8592529787336,48.1666383511238,15.596816227982943,80744.53239176306,1.541270110941678,0,0,367,837.4247870978323,4,0,0,0,0,0,16383,0.0,1
549768,3,0.0,98.31155023579784,0.0,0.0,100590.10135370884,6.164577451419424,0,0,76,38.0758996803079,4,0,0,0,0,0,16383,0.0,1
1963998,20,0.0,702.2689558748672,119.77207421025666,45.075817177904014,123481.63635678396,2.0,0,0,434,378.4218480702704,4,0,0,0,0,0,16383,0.0,1
533085,3,0.0,106.73778966216838,0.0,0.0,81004.7570448896,7.0,0,0,76,41.33936817725683,4,0,0,0,0,0,16383,0.0,1
218377,5,0.0,96.74339509766564,1417.8917311674809,559.8512041862385,44123.88661723761,5.315669246699238,0,0,122,252.23326411119012,4,0,0,0,0,0,16383,0.0,1
744201,3,0.0,90.58379578968582,0.0,0.0,209770.93202917828,9.186449928628372,0,0,76,35.08295325297067,4,0,0,0,0,0,16383,0.0,1
648608,5,0.0,29.277002188455995,0.0,0.0,197568.7035185944,2.0,0,0,116,9.23076923076923,4,0,0,0,0,0,16383,0.0,1
324472,5,0.0,69.09933067320307,260.5337505033174,104.21350020132697,53329.06122999385,3.0,0,0,116,71.11732167202139,4,0,0,0,0,0,16383,0.0,1
2029105,9,0.0,131.55634719275366,186.4350049716944,41.63772832732912,306468.518939469,1.126944413754973,0,0,201,65.5247620029239,4,0,0,0,0,0,16383,0.0,1
43093,2,0.0,0.0,0.0,0.0,16624.928337105852,2.123283779298947,0,0,40,0.0,0,0,0,0,0,0,16383,0.0,1
727143,5,0.0,17.289138488108758,0.0,0.0,107840.88864521496,1.5185616886657338,0,0,116,5.580045452893242,4,0,0,0,0,0,16383,0.0,1
241001,26,0.0,198.0468423253416,1460.0,1166.875073679017,36018.19878158153,1.2458474424934003,0,0,544,857.3482874905139,4,0,0,0,0,0,16383,0.0,1
1840052,15,0.0,207.5069903374132,568.7208012643075,145.21923600371608,124826.98562519766,1.6418602834708556,0,0,330,133.34897695765935,4,0,0,0,0,0,16383,0.0,1
29811545,672,0.0,413.8185646751161,141.48417194906187,2.629649349185541,28868.6590897092,1.0,0,0,13463,1110.0506378908326,4,0,0,0,0,0,16383,0.0,1
29994,2,0.0,0.0,0.0,0.0,9266.65387667722,3.737256995701379,0,0,40,0.0,0,0,0,0,0,0,16383,0.0,1
49821,2,0.0,0.0,0.0,0.0,21514.532727295205,4.795922668188005,0,0,40,0.0,0,0,0,0,0,0,16383,0.0,1
20295,2,0.0,0.0,0.0,0.0,8829.274126013355,6.285113110066231,0,0,40,0.0,0,0,0,0,0,0,16383,0.0,1
771098,19,0.0,720.2676721985063,117.26790787751146,48.59550581137228,40263.5767129836,3.7642789496651385,0,0,396,534.7230596908977,4,0,0,0,0,0,16383,0.0,1
61191,2,0.0,0.0,0.0,0.0,32593.67878467256,5.554731803282355,0,0,40,0.0,0,0,0,0,0,0,16383,0.0,1
1203077,5,0.0,77.4949629131445,218.1980962539701,84.5729685481394,180843.42264301117,2.923241938111262,0,0,119,66.96613452457773,4,0,0,0,0,0,16383,0.0,1
34783,2,0.0,0.0,0.0,0.0,21011.531649461405,4.9832502254881685,0,0,40,0.0,0,0,0,0,0,0,16383,0.0,1
89844,2,0.0,0.0,0.0,0.0,20357.830817292222,7.0,0,0,40,0.0,0,0,0,0,0,0,16383,0.0,1
323892,3,0.0,41.11738697694104,0.0,0.0,73231.32282121584,4.850917100808612,0,0,76,15.924695500125836,4,0,0,0,0,0,16383,0.0,1
726340,5,0.0,16.26760761098405,0.0,0.0,108161.39917124916,1.5892111900003882,0,0,116,5.250347779998188,4,0,0,0,0,0,16383,0.0,1
10,0,24.0,0.0,0.0,0.0,0.0,0.0,0,0,0,24.0,0,0,0,0,0,0,0,0.0,1
265673,5,0.0,113.54932570915696,752.8929208502013,301.15716834008055,45877.8979631284,6.507341996447463,0,0,116,151.62160142272774,4,0,0,0,0,0,16383,0.0,1
3,0,682.9046104262316,0.0,0.0,0.0,0.0,0.0,0,0,0,682.9046104262316,0,0,0,0,0,0,0,0.0,1
40985,2,0.0,0.0,0.0,0.0,13242.427399379018,6.664628393782538,0,0,40,0.0,0,0,0,0,0,0,16383,0.0,1
793128,19,0.0,724.8995310276354,122.81251940284878,49.9780760757201,41771.11015603023,2.5312467661918694,0,0,396,536.0798783790013,4,0,0,0,0,0,16383,0.0,1
3,0,56.0,0.0,0.0,0.0,0.0,0.0,0,0,0,56.0,0,0,0,0,0,0,0,0.0,1
4751574,55,0.0,12.06227575141348,1460.0,890.3948896736131,326130.00342130475,1.0,0,0,1135,578.6316205833891,4,0,0,0,0,0,16383,0.0,1
2497400,18,0.0,338.19119518290984,120.41024439932536,52.458113441458806,165291.17550028357,1.5993597250421656,0,0,379,105.58472945002688,4,0,0,0,0,0,16383,0.0,1
4,0,534.6618398812639,0.0,0.0,0.0,0.0,0.0,0,0,0,534.6618398812639,0,0,0,0,0,0,0,0.0,1
68770,2,0.0,0.0,0.0,0.0,21480.11443472964,2.369272513467765,0,0,40,0.0,0,0,0,0,0,0,16383,0.0,1
895142,7,0.0,84.04709797433426,372.6239017423395,154.80601223485982,147767.65976915887,3.427411482023939,0,0,171,97.76595527885746,4,0,0,0,0,0,16383,0.0,1
40618,2,0.0,0.0,0.0,0.0,13812.393998024483,5.526152012206553,0,0,40,0.0,0,0,0,0,0,0,16383,0.0,1
37114,2,0.0,0.0,0.0,0.0,12362.403798558971,6.5151716451728765,0,0,40,0.0,0,0,0,0,0,0,16383,0.0,1
460477,5,0.0,44.16612553382075,0.0,0.0,52410.59260516694,5.104841812792081,0,0,116,14.254555721582827,4,0,0,0,0,0,16383,0.0,1
53868,2,0.0,0.0,0.0,0.0,14712.701326688984,8.202485954703514,0,0,40,0.0,0,0,0,0,0,0,16383,0.0,1
444203,3,0.0,161.11003442522957,0.0,0.0,95978.64960369436,5.742820636286431,0,0,76,62.39764802358178,4,0,0,0,0,0,16383,0.0,1
619259,5,0.0,30.983866769659336,0.0,0.0,30413.775817472997,5.906142248029046,0,0,116,9.999999999999998,4,0,0,0,0,0,16383,0.0,1
120775,2,0.0,0.0,0.0,0.0,55657.70146673972,9.049820254266464,0,0,40,0.0,0,0,0,0,0,0,16383,0.0,1
856945,5,0.0,161.9170269131908,357.8257830382611,143.13031321530443,161822.87431306674,2.5429600144071287,0,0,116,96.66921140387348,4,0,0,0,0,0,16383,0.0,1
84035,2,0.0,0.0,0.0,0.0,58977.79895058055,1.1454698955573368,0,0,40,0.0,0,0,0,0,0,0,16383,0.0,1
10,0,472.45605930984055,0.0,0.0,0.0,0.0,0.0,0,0,0,472.45605930984055,0,0,0,0,0,0,0,0.0,1
44948,2,0.0,0.0,0.0,0.0,22042.19489941393,7.0,0,0,40,0.0,0,0,0,0,0,0,16383,0.0,1
10,0,686.8284644412338,0.0,0.0,0.0,0.0,0.0,0,0,0,686.8284644412338,0,0,0,0,0,0,0,0.0,1
10,0,56.01497075967606,0.0,0.0,0.0,0.0,0.0,0,0,0,56.01497075967606,0,0,0,0,0,0,0,0.0,1
207181,3,0.0,493.1838900566888,0.0,0.0,40329.84015746672,9.518658970485694,0,0,76,191.00929928073452,4,0,0,0,0,0,16383,0.0,1
371459,3,0.0,111.27852143632234,0.0,0.0,72825.80268505805,7.371536670685403,0,0,76,43.09798603134614,4,0,0,0,0,0,16383,0.0,1
109330,2,0.0,0.0,0.0,0.0,76480.8565267265,4.338754479136417,0,0,40,0.0,0,0,0,0,0,0,16383,0.0,1
181397,9,0.0,550.057387996026,1460.0,965.6955864523052,33068.57144351993,4.3260278070747,0,0,196,643.8720392570467,4,0,0,0,0,0,16383,0.0,1
420171,3,0.0,245.13959872912196,0.0,0.0,88564.41823141134,4.604004518804665,0,0,76,94.94215833738582,4,0,0,0,0,0,16383,0.0,1
21302,2,0.0,0.0,0.0,0.0,3353.4946490696902,4.951635653537404,0,0,40,0.0,0,0,0,0,0,0,16383,0.0,1
48511,2,0.0,0.0,0.0,0.0,23655.152030517333,2.1088966573672083,0,0,40,0.0,0,0,0,0,0,0,16383,0.0,1
900442,21,0.0,683.7167340004429,112.8191080986211,42.68874641195614,38126.94213046088,1.3617838027577966,0,0,436,644.3469847869073,4,0,0,0,0,0,16383,0.0,1
29572724,588,0.0,346.9424682894684,331.6411868663228,24.016201509034342,55503.06252641906,1.0,0,0,11788,917.5868697864664,4,0,0,0,0,0,16383,0.0,1
251717,5,0.0,141.88610534188666,845.634869575595,338.253947830238,42979.23024690594,9.0,0,0,116,174.82264944616983,4,0,0,0,0,0,16383,0.0,1
4417899,158,0.0,57.18333851792295,1460.0,1218.6521651662356,162416.65425496857,1.0,0,0,3177,974.5055111898108,4,0,0,0,0,0,16383,0.0,1
4374199,22,0.0,384.3069231272663,721.6740084683788,387.6875575125958,484954.4870053066,1.5799889957043372,0,0,460,652.5211224213698,4,0,0,0,19370,13201,16383,0.0,1
9,0,24.0,0.0,0.0,0.0,0.0,0.0,0,0,0,24.0,0,0,0,0,0,0,0,0.0,1
701235,3,0.0,105.33738680140152,0.0,0.0,130667.328675675,8.660894186609049,0,0,76,39.25043695886564,4,0,0,0,0,0,16383,0.0,1
3751676,19,0.0,14.103359659782026,100.97917217508058,38.22237085635141,284381.4690653974,1.195834435016116,0,0,396,23.604676140263557,4,0,0,0,241,726,16383,0.0,1
1119940,9,0.0,17.235903427377906,43.5306550189367,14.90494817301931,146517.66061969753,3.4007304493808994,0,0,196,14.432186620261495,4,0,0,0,0,0,16383,0.0,1
53832,2,0.0,0.0,0.0,0.0,19409.154569081114,3.298086626723295,0,0,40,0.0,0,0,0,0,0,0,16383,0.0,1
121331,2,0.0,0.0,0.0,0.0,54891.70352631134,8.61589889392051,0,0,40,0.0,0,0,0,0,0,0,16383,0.0,1
303797,8,0.0,152.52952286648477,1436.7620954641873,472.26777905742273,45961.08986689823,1.4199621301652887,0,0,184,277.12658265442053,4,0,0,0,0,0,16383,0.0,1
73774,2,0.0,0.0,0.0,0.0,31369.602864566117,8.247455704055232,0,0,40,0.0,0,0,0,0,0,0,16383,0.0,1
9,0,521.6050518128671,0.0,0.0,0.0,0.0,0.0,0,0,0,521.6050518128671,0,0,0,0,0,0,0,0.0,1
78113,2,0.0,0.0,0.0,0.0,25708.50401104708,5.416436908480985,0,0,40,0.0,0,0,0,0,0,0,16383,0.0,1
489960,5,0.0,46.65219465353794,362.21279644453233,144.88511857781296,162561.22709796674,4.401941620984962,0,0,116,80.56587951893997,4,0,0,0,0,0,16383,0.0,1
77294,2,0.0,0.0,0.0,0.0,25759.16926659721,8.99652630879862,0,0,40,0.0,0,0,0,0,0,0,16383,0.0,1
73409,2,0.0,0.0,0.0,0.0,31219.441648755987,9.594348058861437,0,0,40,0.0,0,0,0,0,0,0,16383,0.0,1
657766,5,0.0,30.983866769659336,0.0,0.0,37653.519834781095,5.298175818654298,0,0,116,9.999999999999998,4,0,0,0,0,0,16383,0.0,1
1416956,15,0.0,55.42514988207285,317.40477214210654,88.68448146197608,130995.39274193931,1.0,0,0,316,68.2440075936965,4,0,0,0,0,0,16383,0.0,1
1552063,13,0.0,560.2946606332893,0.0,0.0,85989.8207555599,1.8669902010926716,0,0,286,943.8257242650589,4,0,0,0,0,0,16383,0.0,1
9,0,56.0,0.0,0.0,0.0,0.0,0.0,0,0,0,56.0,0,0,0,0,0,0,0,0.0,1
476207,5,0.0,17.51823041020291,51.355399594385545,20.54215983775422,97931.5418790393,1.3043613625262989,0,0,116,14.111604002708155,4,0,0,0,0,0,16383,0.0,1
1333404,12,0.0,573.21584626489,0.0,0.0,72286.49892631116,1.0,0,0,266,926.2750829163348,4,0,0,0,0,0,16383,0.0,1
79611,2,0.0,0.0,0.0,0.0,29260.96865761309,4.092958039584978,0,0,40,0.0,0,0,0,0,0,0,16383,0.0,1
1848778,15,0.0,94.49448072956363,816.9882708374445,193.88816188104155,133050.858185223,1.9915327758273864,0,0,316,142.2688560420594,4,0,0,0,0,0,16383,0.0,1
64749,2,0.0,0.0,0.0,0.0,32341.81813224557,8.583369219982965,0,0,40,0.0,0,0,0,0,0,0,16383,0.0,1
693306,5,0.0,30.983866769659336,0.0,0.0,40889.0542408006,5.933681987907814,0,0,116,9.999999999999998,4,0,0,0,0,0,16383,0.0,1
2068785,5,0.0,127.97491683928598,0.0,0.0,619802.5472008277,2.6692190299248666,0,0,116,41.303726804236135,4,0,0,0,495,0,16383,0.0,1
52554,2,0.0,0.0,0.0,0.0,24499.35730718634,7.0,0,0,40,0.0,0,0,0,0,0,0,16383,0.0,1
804767,5,0.0,73.84870449014504,168.5701861308133,67.42807445232533,124933.88141992822,3.5103372002700013,0,0,116,63.36584800944024,4,0,0,0,0,0,16383,0.0,1
6774521,14,0.0,44.63747491558789,366.1381357576744,111.42871935887048,1185056.0228252937,3.789056246677965,0,0,310,65.4270704758305,4,0,0,0,223,782,16383,0.0,1
117088,2,0.0,0.0,0.0,0.0,24135.709773682764,3.406219368056548,0,0,40,0.0,0,0,0,0,0,0,16383,0.0,1
14095,2,0.0,0.0,0.0,0.0,5347.846219336399,8.726780285920245,0,0,40,0.0,0,0,0,0,0,0,16383,0.0,1
1007559,5,0.0,59.99887728313158,0.0,0.0,136155.3919602088,2.83854216593576,0,0,116,19.36455437572592,4,0,0,0,0,0,16383,0.0,1
215537,5,0.0,168.980160191426,405.87622766616937,162.35049106646775,42114.319911469815,6.415219512555318,0,0,116,115.7203852380417,4,0,0,0,0,0,16383,0.0,1
63917,2,0.0,0.0,0.0,0.0,25511.484197117403,8.55347177620985,0,0,40,0.0,0,0,0,0,0,0,16383,0.0,1
295509,17,0.0,215.2628139000045,1460.0,1091.6956479508935,65504.34962555884,1.4297130612686095,0,0,372,745.0694602766736,4,0,0,0,0,0,16383,0.0,1
9,0,24.0,0.0,0.0,0.0,0.0,0.0,0,0,0,24.0,0,0,0,0,0,0,0,0.0,1
1605111,6,0.0,35.35883169950439,41.56719796612806,23.116451930142645,397261.4947733931,6.195899745766008,0,0,145,20.687453099406504,4,0,0,0,0,0,16383,0.0,1
6,0,23.02519909482107,0.0,0.0,0.0,0.0,0.0,0,0,0,23.02519909482107,0,0,0,0,0,0,0,0.0,1
378862,5,0.0,77.51000900661899,0.0,0.0,36759.19464799212,6.0,0,0,116,25.016247837251846,4,0,0,0,0,0,16383,0.0,1
1006610,27,0.0,165.3869694706283,1161.0892020084616,610.1561737051297,71535.91322349984,1.0,0,0,565,516.1610954801798,4,0,0,0,0,0,16383,0.0,1
9,0,56.0,0.0,0.0,0.0,0.0,0.0,0,0,0,56.0,0,0,0,0,0,0,0,0.0,1
1590055,15,0.0,500.8370865291535,0.0,0.0,63923.86107416943,1.26116243251086,0,0,335,1025.4025370775698,4,0,0,0,0,0,16383,0.0,1
47204,2,0.0,0.0,0.0,0.0,17533.59691187599,6.474765596715239,0,0,40,0.0,0,0,0,0,0,0,16383,0.0,1
880276,90,0.0,151.88855730608523,1460.0,1233.528856028155,68936.54066945206,1.0,0,0,1834,1023.0056204087164,4,0,0,0,0,0,16383,0.0,1
16045,2,0.0,0.0,0.0,0.0,2977.920059771149,5.777461656738323,0,0,40,0.0,0,0,0,0,0,0,16383,0.0,1
1033073,14,0.0,204.34729261981363,90.4446725795323,39.69167460247505,82376.97799841885,2.529949627620353,0,0,307,66.59826079534419,4,0,0,0,0,0,16383,0.0,1
540548,9,0.0,16.219730843350828,57.086654416876726,23.07924415104492,61687.48735586024,2.830323766108704,0,0,211,18.101710976860115,4,0,0,0,0,0,16383,0.0,1
140965,2,0.0,0.0,0.0,0.0,23515.915532430263,2.488177675310814,0,0,40,0.0,0,0,0,0,0,0,16383,0.0,1
63292,2,0.0,0.0,0.0,0.0,10894.108926525085,7.866817874332477,0,0,40,0.0,0,0,0,0,0,0,16383,0.0,1
172680,3,0.0,119.67072444818616,0.0,0.0,33901.73990001779,5.9546679284584645,0,0,76,46.34827228164018,4,0,0,0,0,0,16383,0.0,1
1586610,7,0.0,30.50410184312793,46.77981159582413,26.193491938883945,337235.5420251038,6.323602108331659,0,0,172,21.62492149826005,4,0,0,0,0,0,16383,0.0,1
706398,5,0.0,30.983866769659336,0.0,0.0,50649.93412647027,5.202102138980834,0,0,116,9.999999999999998,4,0,0,0,0,0,16383,0.0,1
9,0,56.0,0.0,0.0,0.0,0.0,0.0,0,0,0,56.0,0,0,0,0,0,0,0,0.0,1
381948,5,0.0,152.763534936882,0.0,0.0,104689.511433801,3.4409226297976474,0,0,116,48.16493604099013,4,0,0,0,0,0,16383,0.0,1
26235,2,0.0,0.0,0.0,0.0,5706.187804524021,7.148680229163343,0,0,40,0.0,0,0,0,0,0,0,16383,0.0,1
22725,2,0.0,0.0,0.0,0.0,7939.585757999514,6.488717665702442,0,0,40,0.0,0,0,0,0,0,0,16383,0.0,1
3,0,80.57125197712449,0.0,0.0,0.0,0.0,0.0,0,0,0,80.57125197712449,0,0,0,0,0,0,0,0.0,1
84484,2,0.0,0.0,0.0,0.0,25329.167149766305,2.53078339857893,0,0,40,0.0,0,0,0,0,0,0,16383,0.0,1
5911489,7,0.0,101.87714901751168,824.3994950261946,235.38003030056723,1498605.642663207,6.856322408377099,0,0,156,137.76714935161837,4,0,0,0,212,824,16383,0.0,1
4,0,504.0,0.0,0.0,0.0,0.0,0.0,0,0,0,504.0,0,0,0,0,0,0,0,0.0,1
264842,3,0.0,151.5858629299635,0.0,0.0,54562.0447103238,2.4096803374575426,0,0,76,58.70895226482288,4,0,0,0,0,0,16383,0.0,1
58303,2,0.0,0.0,0.0,0.0,25579.711823961192,2.0,0,0,40,0.0,0,0,0,0,0,0,16383,0.0,1
3225058,5,0.0,114.38743178867588,508.9098005198924,145.40280014854068,420599.6338646112,1.9432989815011907,0,0,134,107.23907798203936,4,0,0,0,443,1017,16383,0.0,1
1019096,26,0.0,634.5475430798072,118.37132987725708,36.55732395082007,29867.31928010382,1.9085780081828616,0,0,552,797.900744193762,4,0,0,0,0,0,16383,0.0,1
41690734,5,0.0,14.876938613959808,0.0,0.0,14442055.677180683,3.1229542632159424,0,0,116,4.498363410572754,4,0,0,0,67,0,16383,43227.25676982346,1
9,0,56.0,0.0,0.0,0.0,0.0,0.0,0,0,0,56.0,0,0,0,0,0,0,0,0.0,1
14666,2,0.0,0.0,0.0,0.0,3819.067732607457,6.036827621064162,0,0,40,0.0,0,0,0,0,0,0,16383,0.0,1
727598,5,0.0,17.866617802601745,0.0,0.0,107659.70156315336,1.4786229785262588,0,0,116,5.7664261002107935,4,0,0,0,0,0,16383,0.0,1
642230,3,0.0,86.48641005592927,0.0,0.0,123826.71444161733,9.517126707654947,0,0,76,33.49604258198797,4,0,0,0,0,0,16383,0.0,1
79396,2,0.0,0.0,0.0,0.0,28607.599423627064,5.392588604622134,0,0,40,0.0,0,0,0,0,0,0,16383,0.0,1
848275,5,0.0,88.52211105577273,201.7743548829465,80.70974195317861,152120.27392665757,2.954870976589305,0,0,116,75.03428115528327,4,0,0,0,0,0,16383,0.0,1
5,0,56.0,0.0,0.0,0.0,0.0,0.0,0,0,0,56.0,0,0,0,0,0,0,0,0.0,1
4,0,143.90973900242898,0.0,0.0,0.0,0.0,0.0,0,0,0,143.90973900242898,0,0,0,0,0,0,0,0.0,1
838111,5,0.0,37.92680612308666,38.378882132893295,15.35155285315733,182602.6289357161,6.453292277309212,0,0,116,16.8378317462754,4,0,0,0,0,0,16383,0.0,1
449530,6,0.0,101.51194572667842,136.29146756473045,56.32585513412637,59813.66393325223,2.5969452234131727,0,0,148,59.71786165638922,4,0,0,0,0,0,16383,0.0,1
7,0,247.31301101924055,0.0,0.0,0.0,0.0,0.0,0,0,0,247.31301101924055,0,0,0,0,0,0,0,0.0,1
67045,2,0.0,0.0,0.0,0.0,47036.10425898359,2.0,0,0,40,0.0,0,0,0,0,0,0,16383,0.0,1
271594,3,0.0,166.03244645849497,0.0,0.0,55983.912356306064,3.7509804809821183,0,0,76,64.30409000638255,4,0,0,0,0,0,16383,0.0,1
271080,3,0.0,121.06136747517144,0.0,0.0,73660.85621021938,6.652165867559424,0,0,76,46.88686601004352,4,0,0,0,0,0,16383,0.0,1
28539,2,0.0,0.0,0.0,0.0,3616.21272741586,3.995139253944556,0,0,40,0.0,0,0,0,0,0,0,16383,0.0,1
232180,7,0.0,185.5485429728751,1460.0,639.2969270445506,52865.834378412655,4.542355451687139,0,0,156,349.0400802084861,4,0,0,0,0,0,16383,0.0,1
10,0,53.31202384969802,0.0,0.0,0.0,0.0,0.0,0,0,0,53.31202384969802,0,0,0,0,0,0,0,0.0,1
630534,5,0.0,30.983866769659336,0.0,0.0,34267.502591701785,7.602710846205189,0,0,116,9.999999999999998,4,0,0,0,0,0,16383,0.0,1
328494,3,0.0,65.38835951365667,0.0,0.0,74906.15818801492,2.481142165574397,0,0,76,25.324802743221557,4,0,0,0,0,0,16383,0.0,1
820507,5,0.0,82.3030272918074,306.9901272622707,122.79605090490828,142482.63592206303,5.080753651946891,0,0,116,75.69722150616371,4,0,0,0,0,0,16383,0.0,1
288203,3,0.0,513.9080162035859,0.0,0.0,42866.327022801765,2.0,0,0,76,199.035718823898,4,0,0,0,0,0,16383,0.0,1
65018,2,0.0,0.0,0.0,0.0,32523.841906588925,7.8240167410723345,0,0,40,0.0,0,0,0,0,0,0,16383,0.0,1
93838,2,0.0,0.0,0.0,0.0,19421.981436348717,8.0,0,0,40,0.0,0,0,0,0,0,0,16383,0.0,1
2503954,40,0.0,574.1508301357935,131.30747532107495,25.459630534791465,48136.88537707337,1.0,0,0,820,925.0387026947272,4,0,0,0,0,0,16383,0.0,1
90115,2,0.0,0.0,0.0,0.0,47397.29802096944,8.673700297554536,0,0,40,0.0,0,0,0,0,0,0,16383,0.0,1
363123,3,0.0,32.07796196034272,0.0,0.0,74483.93596980521,3.4389411852908,0,0,76,12.42374124526824,4,0,0,0,0,0,16383,0.0,1
55192,2,0.0,0.0,0.0,0.0,19313.429143311954,7.828170539642341,0,0,40,0.0,0,0,0,0,0,0,16383,0.0,1
1041157,7,0.0,90.7587067842136,419.0,119.71428571428572,254416.82688821244,4.0,0,0,156,80.66666666666666,4,0,0,0,0,0,16383,0.0,1
294799,3,0.0,84.67203828856316,0.0,0.0,47289.4349698782,5.930026606508433,0,0,76,32.79333941810419,4,0,0,0,0,0,16383,0.0,1
407752,5,0.0,35.38653056429926,15.051027526655876,6.02041101066235,146228.57018638344,2.0,0,0,116,13.89359773540733,4,0,0,0,0,0,16383,0.0,1
495313,51,0.0,79.3237708916786,1460.0,1217.5347747347175,57794.33785981426,1.400312836172994,0,0,1051,944.228587688458,4,0,0,0,0,0,16383,0.0,1
510225,3,0.0,31.069204052272983,0.0,0.0,114792.83901522803,6.24746449604152,0,0,76,11.576894700407042,4,0,0,0,0,0,16383,0.0,1
34662,2,0.0,0.0,0.0,0.0,12251.636756365837,4.98613786408714,0,0,40,0.0,0,0,0,0,0,0,16383,0.0,1
2196529,40,0.0,33.24891009121862,1460.0,967.58590055514,288780.8751923632,1.3506211797633776,0,0,831,691.5269033948184,4,0,0,0,0,0,16383,0.0,1
73400,2,0.0,0.0,0.0,0.0,23241.670041729583,9.0,0,0,40,0.0,0,0,0,0,0,0,16383,0.0,1
534716,7,0.0,103.74342505062116,458.1271234123972,130.89346383211347,148292.9523069155,2.402688439286727,0,0,156,89.43171695593924,4,0,0,0,0,0,16383,0.0,1
240343,3,0.0,184.73026064246883,0.0,0.0,46526.79655674764,3.336235304698434,0,0,76,71.54572230088371,4,0,0,0,0,0,16383,0.0,1
85107,2,0.0,0.0,0.0,0.0,44546.52210311651,5.959724302101421,0,0,40,0.0,0,0,0,0,0,0,16383,0.0,1
4,0,599.6224412770066,0.0,0.0,0.0,0.0,0.0,0,0,0,599.6224412770066,0,0,0,0,0,0,0,0.0,1
984865,13,0.0,628.5876071537018,206.06761891076985,128.20255518186673,110883.83722245804,2.0,0,0,285,602.522769299184,4,0,0,0,0,0,16383,0.0,1
933333,22,0.0,341.6486766125263,669.4371007930424,521.2736432387734,58398.00558381285,4.1659257512519385,0,0,474,888.4674134241277,4,0,0,0,0,0,16383,0.0,1
158480,2,0.0,0.0,0.0,0.0,80336.67307416517,7.0,0,0,40,0.0,0,0,0,0,0,0,16383,0.0,1
3088485,32,0.0,597.8643496097476,115.3042176297852,28.66283485943137,79672.21605544694,1.0,0,0,662,881.5274727167565,4,0,0,0,0,0,16383,0.0,1
21346,2,0.0,0.0,0.0,0.0,4168.251003913271,6.037199813486913,0,0,40,0.0,0,0,0,0,0,0,16383,0.0,1
3721985,19,0.0,14.051650559857023,100.27303838673396,37.88288155335636,278893.1698904296,1.0682595966834918,0,0,396,23.51415499617164,4,0,0,0,240,719,16383,0.0,1
836388,5,0.0,22.17061170093183,1.2507388612154386,0.3573539603472682,185346.68454282288,6.9908482522350095,0,0,116,7.145190623533921,4,0,0,0,0,0,16383,0.0,1
368280,6,0.0,154.11653364679808,171.78094230381504,68.84918882951534,51291.63940996456,1.7201574609309402,0,0,138,77.61102901481124,4,0,0,0,0,0,16383,0.0,1
395112,3,0.0,132.3987551356165,0.0,0.0,64760.18686635152,5.723327255230905,0,0,76,51.27781736988365,4,0,0,0,0,0,16383,0.0,1
576833,5,0.0,30.039192788322364,0.0,0.0,81313.01145000514,7.1202475977056565,0,0,116,9.695107783557209,4,0,0,0,0,0,16383,0.0,1
3220327,34,0.0,592.74593771353,110.39376731632608,26.462183739689923,69936.61901369812,1.0,0,0,712,898.5554373465008,4,0,0,0,0,0,16383,0.0,1
956452,5,0.0,169.16357955448416,0.0,0.0,132353.50881551136,3.155404264372481,0,0,116,54.59731053327921,4,0,0,0,0,0,16383,0.0,1
63797,2,0.0,0.0,0.0,0.0,33905.38185229054,9.692157152391143,0,0,40,0.0,0,0,0,0,0,0,16383,0.0,1
265353,5,0.0,117.63127433166224,793.1835468468432,317.2734187387373,44476.50717971219,7.46285091336387,0,0,116,159.1046712555749,4,0,0,0,0,0,16383,0.0,1
1025560,5,0.0,97.72042614556165,0.0,0.0,172351.1219445127,8.45544258264776,0,0,116,31.53913192050433,4,0,0,0,0,0,16383,0.0,1
86083,2,0.0,0.0,0.0,0.0,34167.11812994041,1.552501172560989,0,0,40,0.0,0,0,0,0,0,0,16383,0.0,1
45538,2,0.0,0.0,0.0,0.0,22051.40760828853,8.718223515293833,0,0,40,0.0,0,0,0,0,0,0,16383,0.0,1
1263502,7,0.0,53.72555301861692,222.97925972797316,71.70806030358102,143068.79796572673,2.0,0,0,156,50.54178388005609,4,0,0,0,0,0,16383,0.0,1
66669,2,0.0,0.0,0.0,0.0,46701.57479922565,4.699572812216619,0,0,40,0.0,0,0,0,0,0,0,16383,0.0,1
516779,10,0.0,106.16821924178164,1460.0,588.556344194459,137660.28256068588,1.0,0,0,226,356.6840312180485,4,0,0,0,0,0,16383,0.0,1
184487,8,0.0,96.1889303650416,1460.0,846.6051593756969,33719.394871291945,1.7580404210112164,0,0,186,460.0074615973432,4,0,0,0,0,0,16383,0.0,1
727303,21,0.0,549.9545059452502,432.4725032112429,181.48651265823145,43198.462290055,4.040022179848394,0,0,443,506.1943367158945,4,0,0,0,0,0,16383,0.0,1
845370,6,0.0,245.4574941708116,1003.6068836338818,357.4490270476839,165175.27749407364,1.6874019750916998,0,0,143,241.63373318408824,4,0,0,0,0,0,16383,0.0,1
5807677,7,0.0,115.95188847219217,540.1482647374421,151.53804124358027,1327677.369852407,4.535904201938303,0,0,172,103.85957790959368,4,0,0,0,303,540,16383,0.0,1
415309,8,0.0,140.5866763559666,1460.0,792.3900990641417,92019.71256989246,1.2096902774302007,0,0,181,431.6309377939071,4,0,0,0,0,0,16383,0.0,1
97272,2,0.0,0.0,0.0,0.0,20875.495278533574,8.0,0,0,40,0.0,0,0,0,0,0,0,16383,0.0,1
459133,3,0.0,24.839574068783747,0.0,0.0,84755.46975395003,2.063192268824765,0,0,76,9.620325669528505,4,0,0,0,0,0,16383,0.0,1
504020,3,0.0,80.55805360111427,0.0,0.0,95766.92228704823,1.9345438807155155,0,0,76,31.2,4,0,0,0,0,0,16383,0.0,1
3129735,5,34.83072281854334,71.1246192568481,34.58595197372118,14.051540968086169,112928.44495303536,0.6067710872582663,0,0,120,55.55428918336413,1,0,0,0,0,0,4970,0.0,1
394821,3,0.0,119.8004158418468,0.0,0.0,65011.976612564176,5.308654522018662,0,0,76,46.39850154241958,4,0,0,0,0,0,16383,0.0,1
743944,22,0.0,8.44232686141036,1460.0,446.456862479451,52480.60432435745,2.0,0,0,457,252.4979633951139,4,0,0,0,0,0,16383,0.0,1
1997433,20,0.0,686.1835149333018,125.37483477799812,45.1065134812996,98564.05012356238,1.3083443481334585,0,0,423,612.5626143651316,4,0,0,0,0,0,16383,0.0,1
66241,2,0.0,0.0,0.0,0.0,28263.632847603752,8.725111802134403,0,0,40,0.0,0,0,0,0,0,0,16383,0.0,1
2359139,41,0.0,556.7111263288442,109.60644466389368,21.89816631922009,43182.614597583015,1.3935553361063155,0,0,854,953.8313210225388,4,0,0,0,0,0,16383,0.0,1
73844,2,0.0,0.0,0.0,0.0,23764.529539048188,8.47713070564097,0,0,40,0.0,0,0,0,0,0,0,16383,0.0,1
383493,5,0.0,203.8669453930375,337.4832926971055,134.9933170788422,116749.23756161018,5.686835436976243,0,0,116,125.63796951063269,4,0,0,0,0,0,16383,0.0,1
222900,3,0.0,135.49031087871438,0.0,0.0,40489.511150694845,3.458619600954412,0,0,76,52.47517176057264,4,0,0,0,0,0,16383,0.0,1
1576919,18,0.0,621.6252842080638,60.38136021317554,19.5520594975997,78185.80924764501,1.4249394265411852,0,0,391,814.9841643668863,4,0,0,0,0,0,16383,0.0,1
1255932,17,0.0,233.70162818392373,325.4042573471295,71.28286127738616,89099.9163124187,2.0,0,0,356,81.37221066255935,4,0,0,0,0,0,16383,0.0,1
14732,2,0.0,0.0,0.0,0.0,3542.9817513038315,2.513367825008066,0,0,40,0.0,0,0,0,0,0,0,16383,0.0,1
426163,3,0.0,111.03121971524298,0.0,0.0,88246.32165591462,9.941533424601316,0,0,76,43.00220648662327,4,0,0,0,0,0,16383,0.0,1
43731,2,0.0,0.0,0.0,0.0,17776.908055444645,2.572533471833311,0,0,40,0.0,0,0,0,0,0,0,16383,0.0,1
775427,5,0.0,30.983866769659336,0.0,0.0,48083.78829685111,2.773907120776681,0,0,116,9.999999999999998,4,0,0,0,0,0,16383,0.0,1
60375,2,0.0,0.0,0.0,0.0,24865.79041534177,6.961717941526676,0,0,40,0.0,0,0,0,0,0,0,16383,0.0,1
8,0,832.4162615977841,0.0,0.0,0.0,0.0,0.0,0,0,0,832.4162615977841,0,0,0,0,0,0,0,0.0,1
73961,2,0.0,0.0,0.0,0.0,32029.25527563928,8.189349278706093,0,0,40,0.0,0,0,0,0,0,0,16383,0.0,1
289299,15,0.0,86.78394345111295,1460.0,1154.254336000236,47223.87383205052,2.538323141983258,0,0,316,708.2972003771797,4,0,0,0,0,0,16383,0.0,1
11,0,1069.630104495039,0.0,0.0,0.0,0.0,0.0,0,0,0,1069.630104495039,0,0,0,0,0,0,0,0.0,1
79120,2,0.0,0.0,0.0,0.0,29700.547220530967,6.350161659987515,0,0,40,0.0,0,0,0,0,0,0,16383,0.0,1
242898,3,0.0,303.4976332152852,0.0,0.0,49313.55516358563,2.453736527815038,0,0,76,117.54412790561666,4,0,0,0,0,0,16383,0.0,1
3786539,19,0.0,14.924812961583427,104.62976781431544,39.688225527844565,297184.1069110518,2.0,0,0,396,24.938232552209687,4,0,0,0,249,754,16383,0.0,1
166451,3,0.0,112.46212732755752,0.0,0.0,31585.881472144447,7.248721075626233,0,0,76,43.55639462186883,4,0,0,0,0,0,16383,0.0,1
646511,3,0.0,75.5048702353953,0.0,0.0,124805.75850166655,8.484976446822056,0,0,76,29.24291049792381,4,0,0,0,0,0,16383,0.0,1
541686,11,0.0,94.21199288264916,1460.0,615.4921894724064,141781.00837720963,1.1538757894697684,0,0,236,376.66149185521294,4,0,0,0,0,0,16383,0.0,1
44881,2,0.0,0.0,0.0,0.0,22177.15056957856,7.0,0,0,40,0.0,0,0,0,0,0,0,16383,0.0,1
641531,5,0.0,30.983866769659336,0.0,0.0,34380.38053460011,4.956291881513361,0,0,116,9.999999999999998,4,0,0,0,0,0,16383,0.0,1
180585,4,0.0,6.418990955044792,54.8524732422073,21.940989296882925,50811.14529247142,6.0,0,0,100,12.459241459963051,4,0,0,0,0,0,16383,0.0,1
279700,3,0.0,69.51500248847864,0.0,0.0,52538.79031991617,3.017721983521509,0,0,76,26.923044694944497,4,0,0,0,0,0,16383,0.0,1
936013,11,0.0,566.5399179125051,6.2431327277780335,2.339093728674169,51853.24375609178,5.6878433636110985,0,0,240,943.7605333628492,4,0,0,0,0,0,16383,0.0,1
26560,2,0.0,0.0,0.0,0.0,6122.872195768247,7.0,0,0,40,0.0,0,0,0,0,0,0,16383,0.0,1
619593,5,0.0,30.983866769659336,0.0,0.0,29871.671958441177,1.1090136156409287,0,0,116,9.999999999999998,4,0,0,0,0,0,16383,0.0,1
614690,5,0.0,29.277002188455995,0.0,0.0,199566.145436662,1.751460179072574,0,0,116,9.23076923076923,4,0,0,0,0,0,16383,0.0,1
729436,5,0.0,20.204376364710942,0.0,0.0,106926.2178836472,1.3169426217672813,0,0,116,6.520934431752688,4,0,0,0,0,0,16383,0.0,1
465480,5,0.0,96.57598167068068,196.23530529396675,78.4941221175867,73202.99542580609,3.382347353016632,0,0,116,76.09152414614653,4,0,0,0,0,0,16383,0.0,1
5,0,56.0,0.0,0.0,0.0,0.0,0.0,0,0,0,56.0,0,0,0,0,0,0,0,0.0,1
43634,2,0.0,0.0,0.0,0.0,23478.442129872557,6.3024663174614695,0,0,40,0.0,0,0,0,0,0,0,16383,0.0,1
14504,2,0.0,0.0,0.0,0.0,3629.1492955956505,3.5760943637337217,0,0,40,0.0,0,0,0,0,0,0,16383,0.0,1
1109253,5,0.0,109.31964465892882,0.0,0.0,162307.4405446254,3.428307187890627,0,0,116,35.282763598112,4,0,0,0,0,0,16383,0.0,1
324829,3,0.0,184.33413344846176,0.0,0.0,68577.8172463105,7.0,0,0,76,70.45991533394788,4,0,0,0,0,0,16383,0.0,1
3,0,42.347121824242905,0.0,0.0,0.0,0.0,0.0,0,0,0,42.347121824242905,0,0,0,0,0,0,0,0.0,1
9,0,56.0,0.0,0.0,0.0,0.0,0.0,0,0,0,56.0,0,0,0,0,0,0,0,0.0,1
22723,2,0.0,0.0,0.0,0.0,8137.136269165854,8.164927806258294,0,0,40,0.0,0,0,0,0,0,0,16383,0.0,1
803056,5,0.0,195.214357861179,0.0,0.0,100324.675820144,6.7777833513701,0,0,116,63.00516307807678,4,0,0,0,0,0,16383,0.0,1
2245911,44,0.0,50.09443862722334,1460.0,948.5706428510229,225327.90259072068,1.0,0,0,902,665.9432146183447,4,0,0,0,0,0,16383,0.0,1
79603,2,0.0,0.0,0.0,0.0,26018.74450761561,5.502896587154156,0,0,40,0.0,0,0,0,0,0,0,16383,0.0,1
42716,2,0.0,0.0,0.0,0.0,11848.245424978071,8.645725043351053,0,0,40,0.0,0,0,0,0,0,0,16383,0.0,1
565013,7,0.0,98.65874833164504,434.3952939521625,124.11294112918928,159291.32841957625,2.978859182542993,0,0,156,84.87807484123675,4,0,0,0,0,0,16383,0.0,1
602619,5,0.0,566.8709897540572,337.9400007069865,133.53093136762703,97181.90458709172,6.400235291345151,0,0,120,330.2558996090261,4,0,0,0,0,0,16383,0.0,1
846778,3,0.0,22.593303358371216,0.0,0.0,240909.8434001759,7.624128089304041,0,0,76,8.750348764278383,4,0,0,0,0,0,16383,0.0,1
1087219,17,0.0,6.982741621297054,1148.7196317808296,150.27144771851465,90565.92975498828,3.395207938892735,0,0,363,76.84585671706444,4,0,0,0,0,0,16383,0.0,1
508241,6,0.0,104.49432055668152,254.9797416442732,72.85135475550662,146173.88603182643,3.722836092191035,0,0,150,63.07364114241909,4,0,0,0,0,0,16383,0.0,1
251128,3,0.0,30.92835780956945,0.0,0.0,65547.72585622278,3.549200130862281,0,0,76,11.97850147220066,4,0,0,0,0,0,16383,0.0,1
2,0,62.76108115938109,0.0,0.0,0.0,0.0,0.0,0,0,0,62.76108115938109,0,0,0,0,0,0,0,0.0,1
296666,5,0.0,85.22420436326797,509.7685746726704,203.90742986906812,57944.94014431849,6.027064292908344,0,0,116,105.29634152436424,4,0,0,0,0,0,16383,0.0,1
83269,2,0.0,0.0,0.0,0.0,44598.28801272372,4.67537252253856,0,0,40,0.0,0,0,0,0,0,0,16383,0.0,1
173701,2,0.0,0.0,0.0,0.0,70153.9500424421,2.4963497080866377,0,0,40,0.0,0,0,0,0,0,0,16383,0.0,1
456084,3,0.0,133.38824491322242,0.0,0.0,98289.3646779524,6.871677407827301,0,0,76,51.66104511287467,4,0,0,0,0,0,16383,0.0,1
3043349,153,0.0,50.49802878938078,1387.033349493876,1111.0679470124646,217916.71836953115,1.05425029777407,0,0,3084,938.8733614068911,4,0,0,0,2370,178563,16383,0.0,1
466966,6,0.0,26.119624551120232,133.22400067850756,55.76308989849927,68149.33497139615,2.938758644086468,0,0,143,33.29115302469265,4,0,0,0,0,0,16383,0.0,1
1455613,22,0.0,611.3036755118784,313.0353767191232,142.50169032269253,98775.4018917066,2.0,0,0,458,443.3527973493245,4,0,0,0,0,0,16383,0.0,1
522568,10,0.0,100.5618663418914,1460.0,578.0982335649688,139112.1715399793,1.0,0,0,230,352.5470954376476,4,0,0,0,0,0,16383,0.0,1
528834,19,0.0,413.91068047565295,430.6402767237546,361.0443188716731,41420.52739606809,2.0,0,0,412,952.9667401814456,4,0,0,0,0,0,16383,0.0,1
386831,3,0.0,63.95532662215738,0.0,0.0,75329.824932991,5.451866377083915,0,0,76,23.8308030224768,4,0,0,0,0,0,16383,0.0,1
1138290,94,0.0,74.41760394854099,1460.0,1269.4507910295283,80904.2115970795,0.6777232412013204,0,0,1896,1032.725858869408,4,0,0,0,0,0,16383,0.0,1
450144,4,0.0,471.041188767,368.37951475732336,119.8855446265027,112215.37998458606,7.243055791594541,0,0,96,247.21901618617483,4,0,0,0,0,0,16383,0.0,1
81340,2,0.0,0.0,0.0,0.0,37786.727750949314,6.984345176121627,0,0,40,0.0,0,0,0,0,0,0,16383,0.0,1
6,0,56.0,0.0,0.0,0.0,0.0,0.0,0,0,0,56.0,0,0,0,0,0,0,0,0.0,1
10,0,711.4445910458959,0.0,0.0,0.0,0.0,0.0,0,0,0,711.4445910458959,0,0,0,0,0,0,0,0.0,1
18397,2,0.0,0.0,0.0,0.0,2711.3330549248853,5.587324953059561,0,0,40,0.0,0,0,0,0,0,0,16383,0.0,1
24393,2,0.0,0.0,0.0,0.0,5596.181627250389,8.19619427813813,0,0,40,0.0,0,0,0,0,0,0,16383,0.0,1
43734,2,0.0,0.0,0.0,0.0,20238.771345745197,2.0,0,0,40,0.0,0,0,0,0,0,0,16383,0.0,1
131126,2,0.0,0.0,0.0,0.0,61481.73207328024,7.616602858941741,0,0,40,0.0,0,0,0,0,0,0,16383,0.0,1
10,0,448.640237200171,0.0,0.0,0.0,0.0,0.0,0,0,0,448.640237200171,0,0,0,0,0,0,0,0.0,1
731301,7,0.0,180.95115859154453,1259.151012353,498.8458195344183,170231.38247219316,1.3271156150602603,0,0,156,311.80561388662744,4,0,0,0,0,0,16383,0.0,1
611101,5,0.0,66.5815297267737,0.0,0.0,90450.48055904607,7.451090368359928,0,0,116,21.48909631640072,4,0,0,0,0,0,16383,0.0,1
730365,5,0.0,68.3029901479102,206.40527994458327,82.5621119778333,107594.97248072692,5.0,0,0,116,65.70656842313596,4,0,0,0,0,0,16383,0.0,1
2081089,19,0.0,703.3594927414433,109.23692801130844,42.33825683689744,114752.311349669,1.2796160014135542,0,0,396,540.1002219574535,4,0,0,0,0,0,16383,0.0,1
1620607,233,0.0,35.32919959856708,1460.0,1236.447878732926,63103.79524054919,1.0,0,0,4689,1043.4761369232897,4,0,0,0,0,0,16383,0.0,1
5,0,141.81244347812543,0.0,0.0,0.0,0.0,0.0,0,0,0,141.81244347812543,0,0,0,0,0,0,0,0.0,1
182176,2,0.0,0.0,0.0,0.0,93772.59127095308,4.843593352826328,0,0,40,0.0,0,0,0,0,0,0,16383,0.0,1
24192,2,0.0,0.0,0.0,0.0,11770.026371858014,7.657417967636013,0,0,40,0.0,0,0,0,0,0,0,16383,0.0,1
78760,2,0.0,0.0,0.0,0.0,43692.60487931088,5.3408745686339,0,0,40,0.0,0,0,0,0,0,0,16383,0.0,1
702737,17,0.0,493.401371720154,123.76899879283896,58.27737174424557,46707.78288404614,2.709388821824386,0,0,356,155.83494169811743,4,0,0,0,0,0,16383,0.0,1
428937,18,0.0,75.87335277890426,1460.0,893.4531155829592,99339.12399892736,1.1054013773964622,0,0,379,592.8484269076758,4,0,0,0,0,0,16383,0.0,1
5,0,779.0869960528931,0.0,0.0,0.0,0.0,0.0,0,0,0,779.0869960528931,0,0,0,0,0,0,0,0.0,1
11,0,504.0,0.0,0.0,0.0,0.0,0.0,0,0,0,504.0,0,0,0,0,0,0,0,0.0,1
1290608,19,0.0,14.168370774763638,101.90892750198712,39.22167912294647,100250.31119083174,1.0,0,0,396,25.255555043686133,4,0,0,0,0,0,16383,0.0,1
288660,6,0.0,190.6223612259921,662.5867945011851,191.57753905390337,49211.65965358667,5.548068638384514,0,0,141,148.31542217265687,4,0,0,0,0,0,16383,0.0,1
381647,5,0.0,95.74018391555585,0.0,0.0,107384.48390279592,2.0,0,0,116,30.18599848943439,4,0,0,0,0,0,16383,0.0,1
2843634,18,0.0,484.8447000435064,104.4804712192583,43.42924388949729,198459.2639058156,2.4507432004697147,0,0,388,351.71911345958995,4,0,0,0,0,0,16383,0.0,1
246070,3,0.0,285.645541291918,0.0,0.0,49334.43171167256,2.900723732233556,0,0,76,110.63004243420012,4,0,0,0,0,0,16383,0.0,1
86266,2,0.0,0.0,0.0,0.0,46907.56318065457,5.815556068812326,0,0,40,0.0,0,0,0,0,0,0,16383,0.0,1
561252,3,0.0,205.51693784319457,0.0,0.0,74249.45746221431,7.340858914119575,0,0,76,79.59636776302375,4,0,0,0,0,0,16383,0.0,1
660240,9,57.16819789815726,360.9076450942397,859.1276563300698,296.85317401894343,89753.35623919038,3.047196701697379,0,0,85,300.500735396126,0,0,0,0,0,0,773,0.0,1
796781,19,0.0,719.8295439083337,123.11575014107385,50.542561423308605,40472.92129423588,2.961416619642049,0,0,396,525.0934449755545,4,0,0,0,0,0,16383,0.0,1
4631356,25,0.0,15.343733439292096,539.0555573586729,307.78545710535195,373512.7456687731,1.0,0,0,525,196.64109718427815,4,0,0,0,265,10431,16383,0.0,1
2111767,9,0.0,76.095117202551,656.889756437625,254.74805474191768,475637.62820922845,4.525503910573507,0,0,200,169.87105587828503,4,0,0,0,0,0,16383,0.0,1
7,0,90.2837149450644,0.0,0.0,0.0,0.0,0.0,0,0,0,90.2837149450644,0,0,0,0,0,0,0,0.0,1
1119816,7,0.0,71.04272450271168,244.71969498748908,69.9199128535683,234069.01302701185,1.7463753662175312,0,0,156,59.69543743563536,4,0,0,0,0,0,16383,0.0,1
3,0,56.0,0.0,0.0,0.0,0.0,0.0,0,0,0,56.0,0,0,0,0,0,0,0,0.0,1
39294,2,0.0,0.0,0.0,0.0,14479.511067509744,2.5965449084682453,0,0,40,0.0,0,0,0,0,0,0,16383,0.0,1
2229889,42,0.0,26.03581831687313,1460.0,933.1215223551274,271129.4287963165,1.2244947032810003,0,0,862,661.2479250064679,4,0,0,0,0,0,16383,0.0,1
3475630,25,0.0,414.39656860981086,204.8455263947999,59.692486237290574,148381.94990885642,1.0,0,0,533,538.8454202344263,4,0,0,0,0,0,16383,0.0,1
651199,23,0.0,73.36184667959753,1460.0,1158.756861950233,88290.63391468207,1.0,0,0,491,806.4950702215763,4,0,0,0,0,0,16383,0.0,1
166380,3,0.0,102.90149201778272,0.0,0.0,30740.47891482545,7.989284702304641,0,0,76,39.85357648847679,4,0,0,0,0,0,16383,0.0,1
119525,2,0.0,0.0,0.0,0.0,45318.08800044939,5.088514674030502,0,0,40,0.0,0,0,0,0,0,0,16383,0.0,1
507210,6,0.0,106.44740256482694,288.8305302904841,82.52300865442402,147084.58894713578,3.951557637097865,0,0,155,67.68912462553898,4,0,0,0,0,0,16383,0.0,1
668436,5,0.0,30.983866769659336,0.0,0.0,50119.11455433839,3.8456809690460223,0,0,116,9.999999999999998,4,0,0,0,0,0,16383,0.0,1
266116,5,0.0,108.15196804981476,549.635188231078,219.8540752924312,50907.772897597104,2.2856153320139105,0,0,116,118.65857947703007,4,0,0,0,0,0,16383,0.0,1
18360,2,0.0,0.0,0.0,0.0,2444.5837234841,7.903175439355021,0,0,40,0.0,0,0,0,0,0,0,16383,0.0,1
545181,3,0.0,93.19201464165737,0.0,0.0,99543.04489540348,4.835649301561133,0,0,76,36.09311207066567,4,0,0,0,0,0,16383,0.0,1
536006,3,0.0,227.10303747615723,0.0,0.0,92375.80568022528,4.321994650272881,0,0,76,87.95662820182758,4,0,0,0,0,0,16383,0.0,1
194629,3,0.0,101.7736498434148,0.0,0.0,39367.61827265119,4.921365972367768,0,0,76,37.92253015336303,4,0,0,0,0,0,16383,0.0,1
2,0,725.9865663697154,0.0,0.0,0.0,0.0,0.0,0,0,0,725.9865663697154,0,0,0,0,0,0,0,0.0,1
1573033,18,0.0,615.9751789253876,53.31457300979972,17.26376649841134,79666.15011631524,1.4922421618114312,0,0,377,827.967112922065,4,0,0,0,0,0,16383,0.0,1
371325,3,0.0,110.00178414817452,0.0,0.0,72852.53230170927,7.308142026397217,0,0,76,42.60350780589829,4,0,0,0,0,0,16383,0.0,1
1977777,21,0.0,675.7447468599705,152.9564105891866,64.4240761135145,102471.43905847316,1.0,0,0,449,594.006922685755,4,0,0,0,0,0,16383,0.0,1
639897,7,0.0,0.0,1460.0,475.1428571428572,251599.6335501563,4.250081327393511,0,0,156,255.84615384615387,4,0,0,0,0,0,16383,0.0,1
670064,5,0.0,78.58863351091256,191.58691253967683,76.63476501587073,100869.97701466904,4.779907797621192,0,0,116,68.528558633765,4,0,0,0,0,0,16383,0.0,1
872813,5,0.0,39.05012744251992,67.70760395598302,19.34502970170944,181360.43049003507,5.989438746925627,0,0,129,24.507490522246076,4,0,0,0,0,0,16383,0.0,1
85115,2,0.0,0.0,0.0,0.0,45372.64158566163,6.404633629843128,0,0,40,0.0,0,0,0,0,0,0,16383,0.0,1
338887,3,0.0,71.5173293751626,0.0,0.0,73639.14384934482,7.0,0,0,76,26.91921585910237,4,0,0,0,0,0,16383,0.0,1
603663,5,0.0,306.3531176308832,0.0,0.0,76770.76751656707,4.688768935522712,0,0,116,98.87504355359434,4,0,0,0,0,0,16383,0.0,1
606385,36,0.0,65.93649277382139,1460.0,1179.050742680409,68973.01253902855,1.0,0,0,750,869.2299102564435,4,0,0,0,0,0,16383,0.0,1
1061650,7,0.0,85.62209234546262,373.5946674968814,106.74133357053756,249115.60106115724,3.412862079701053,0,0,156,75.20302213055146,4,0,0,0,0,0,16383,0.0,1
108019,2,0.0,0.0,0.0,0.0,75620.20980347488,5.64050663788978,0,0,40,0.0,0,0,0,0,0,0,16383,0.0,1
204172,3,0.0,99.69276197589208,0.0,0.0,41333.18388798463,8.648747113895018,0,0,76,38.610840687005,4,0,0,0,0,0,16383,0.0,1
648532,5,0.0,29.277002188455995,0.0,0.0,200020.038532788,2.4189697737795246,0,0,116,9.23076923076923,4,0,0,0,0,0,16383,0.0,1
214655,3,0.0,93.73716883780172,0.0,0.0,45794.27113186681,6.793799683912919,0,0,76,35.68407573414112,4,0,0,0,0,0,16383,0.0,1
259049,5,0.0,97.814521283157,565.2196828861552,226.08787315446207,49306.329656579925,4.026588828744384,0,0,116,117.79689225277518,4,0,0,0,0,0,16383,0.0,1
289654,3,0.0,69.95089151088025,0.0,0.0,49098.25414327552,5.760571663484874,0,0,76,27.0918637874001,4,0,0,0,0,0,16383,0.0,1
365302,6,0.0,218.5656476402931,125.74885000361095,50.53769012742848,54829.67902076841,2.0257494846105355,0,0,154,84.01328488759916,4,0,0,0,0,0,16383,0.0,1
1719149,5,0.0,78.13051409611843,0.0,0.0,158975.63293439467,2.3208545427498435,0,0,116,25.21651499374088,4,0,0,0,0,0,16383,0.0,1
67488,2,0.0,0.0,0.0,0.0,29550.39983144237,1.59605011576095,0,0,40,0.0,0,0,0,0,0,0,16383,0.0,1
11,0,791.616100684619,0.0,0.0,0.0,0.0,0.0,0,0,0,791.616100684619,0,0,0,0,0,0,0,0.0,1
921901,5,0.0,68.19159501970073,0.0,0.0,163192.98428280823,4.611573677939323,0,0,116,22.008742655218462,4,0,0,0,0,0,16383,0.0,1
100387,2,0.0,0.0,0.0,0.0,26100.09534517697,2.396542996106902,0,0,40,0.0,0,0,0,0,0,0,16383,0.0,1
5,0,149.0076087307116,0.0,0.0,0.0,0.0,0.0,0,0,0,149.0076087307116,0,0,0,0,0,0,0,0.0,1
88781,2,0.0,0.0,0.0,0.0,43814.52047169388,1.945267293075014,0,0,40,0.0,0,0,0,0,0,0,16383,0.0,1
5,0,56.0,0.0,0.0,0.0,0.0,0.0,0,0,0,56.0,0,0,0,0,0,0,0,0.0,1
473240,4,0.0,366.22164961171967,611.2949092584189,198.940006672554,143479.14878058128,6.325219426689263,0,0,109,249.13879011531944,4,0,0,0,0,0,16383,0.0,1
60439,2,0.0,0.0,0.0,0.0,24875.980980017728,7.242920571243448,0,0,40,0.0,0,0,0,0,0,0,16383,0.0,1
11,0,504.0,0.0,0.0,0.0,0.0,0.0,0,0,0,504.0,0,0,0,0,0,0,0,0.0,1
711850,28,0.0,7.834392745337051,1460.0,623.8939137242671,52814.266657492,1.0849984622524729,0,0,592,372.65995101549663,4,0,0,0,0,0,16383,0.0,1
24337,2,0.0,0.0,0.0,0.0,5183.83202353933,3.687758822461858,0,0,40,0.0,0,0,0,0,0,0,16383,0.0,1
18905,2,0.0,0.0,0.0,0.0,4094.2873509445767,8.257707768513052,0,0,40,0.0,0,0,0,0,0,0,16383,0.0,1
57803,2,0.0,0.0,0.0,0.0,22351.262904799187,6.335629191292057,0,0,40,0.0,0,0,0,0,0,0,16383,0.0,1
1933081,8,0.0,203.15070170528543,29.907638408860475,17.0063041932736,490884.8657902926,1.7221814572599163,0,0,186,58.70408582708856,4,0,0,0,955,153,16383,0.0,1
559595,3,0.0,87.34723744103466,0.0,0.0,106655.61827628611,5.797185751582851,0,0,76,32.547012421849644,4,0,0,0,0,0,16383,0.0,1
607115,5,0.0,215.4030407148584,208.37670053055007,83.35068021222004,91132.54091202033,2.724029188772921,0,0,116,118.1695259932542,4,0,0,0,0,0,16383,0.0,1
171103,2,0.0,0.0,0.0,0.0,84782.40718537028,6.715231842751541,0,0,40,0.0,0,0,0,0,0,0,16383,0.0,1
2302655,150,0.0,290.09120094087547,881.7903925137913,736.5280603923226,66914.43423747133,1.430535820913037,0,0,3016,967.530494457406,4,0,0,0,0,0,16383,0.0,1
5,0,264.220730429704,0.0,0.0,0.0,0.0,0.0,0,0,0,264.220730429704,0,0,0,0,0,0,0,0.0,1
6021858,12,0.0,59.28272813318942,481.65829452102673,141.8474727569486,1063895.8256644462,4.561964103660532,0,0,273,83.32167673003639,4,0,0,0,230,784,16383,0.0,1
783736,5,0.0,534.9880995561178,0.0,0.0,105835.23904886066,6.558176647789589,0,0,116,172.66666666666669,4,0,0,0,0,0,16383,0.0,1
9,0,56.0,0.0,0.0,0.0,0.0,0.0,0,0,0,56.0,0,0,0,0,0,0,0,0.0,1
3472111,21,0.0,56.91748174370017,765.3523621939192,123.85919855894392,237008.72010097836,1.0,0,0,436,99.41514402518624,4,0,0,0,0,0,16383,0.0,1
45838,2,0.0,0.0,0.0,0.0,17847.358268494438,2.7187181132622023,0,0,40,0.0,0,0,0,0,0,0,16383,0.0,1
536221,3,0.0,25.19589344760264,0.0,0.0,108821.8569070771,2.889396401126839,0,0,76,9.38840289679812,4,0,0,0,0,0,16383,0.0,1
55840,2,0.0,0.0,0.0,0.0,9020.821973918164,7.035590230806476,0,0,40,0.0,0,0,0,0,0,0,16383,0.0,1
174608,3,0.0,637.4326935724614,0.0,0.0,31236.079204708654,2.0113393946285703,0,0,76,327.38119303598376,4,0,0,0,0,0,16383,0.0,1
121074,2,0.0,0.0,0.0,0.0,44934.889311364,5.534543302168896,0,0,40,0.0,0,0,0,0,0,0,16383,0.0,1
580544,5,0.0,30.232272556968518,0.0,0.0,81744.44639209237,7.0,0,0,116,9.757424010928547,4,0,0,0,0,0,16383,0.0,1
21365,2,0.0,0.0,0.0,0.0,3381.527705331023,2.9493766454796,0,0,40,0.0,0,0,0,0,0,0,16383,0.0,1
84144,2,0.0,0.0,0.0,0.0,25377.52124946355,2.077915692696928,0,0,40,0.0,0,0,0,0,0,0,16383,0.0,1
1937592,44,0.0,292.3738848637514,938.1078883699272,645.1461904395794,126349.848269833,1.0,0,0,906,656.0271331550492,4,0,0,0,0,0,16383,0.0,1
3,0,56.0,0.0,0.0,0.0,0.0,0.0,0,0,0,56.0,0,0,0,0,0,0,0,0.0,1
414403,5,0.0,185.8579578017793,0.0,0.0,109894.77694435453,3.706222248788603,0,0,116,58.59930286328088,4,0,0,0,0,0,16383,0.0,1
757594,7,0.0,92.32920700901666,619.160969286232,176.9031340817806,213349.6794167756,6.6674497793649,0,0,156,107.78393826433724,4,0,0,0,0,0,16383,0.0,1
2662661,207,0.0,42.17457365904156,1460.0,1292.739067847185,88059.63514902306,1.0,0,0,4171,1097.2355155222078,4,0,0,0,0,0,16383,0.0,1
5090279,240,0.0,41.318607746682055,1460.0,1262.9619884038314,132729.528547554,1.0,0,0,4835,1042.645033400469,4,0,0,0,0,0,16383,0.0,1
868835,7,0.0,89.09713974612393,381.0421483784568,108.86918525098764,198052.2850447068,4.0,0,0,156,76.87795984608945,4,0,0,0,0,0,16383,0.0,1
164484,3,0.0,124.54830171792024,0.0,0.0,32399.095947883296,7.133964324954244,0,0,76,48.23734983519218,4,0,0,0,0,0,16383,0.0,1
581933,3,0.0,613.5323941447573,0.0,0.0,142534.6101064564,6.950446522544231,0,0,76,237.61261940787065,4,0,0,0,0,0,16383,0.0,1
1592604,21,0.0,440.732103791961,349.73657333998165,92.2599314390718,85103.40926005828,1.221953693516801,0,0,444,159.98301764309332,4,0,0,0,0,0,16383,0.0,1
62013,2,0.0,0.0,0.0,0.0,27700.749374297186,4.3822008007250215,0,0,40,0.0,0,0,0,0,0,0,16383,0.0,1
8,0,56.0,0.0,0.0,0.0,0.0,0.0,0,0,0,56.0,0,0,0,0,0,0,0,0.0,1
10,0,57.03353584824913,0.0,0.0,0.0,0.0,0.0,0,0,0,57.03353584824913,0,0,0,0,0,0,0,0.0,1
83883396,6,0.0,20.607119169466174,2.764955523069233,0.9216518410230776,29192919.27133652,6.013104054611702,0,0,155,5.9789543834978645,4,0,0,0,96,5,16383,57889.4984763413,1
1797553,8,0.0,70.3247001386363,1460.0,429.3416946468137,581999.3398579408,2.0,0,0,186,245.309497517281,4,0,0,0,288,2814,16383,0.0,1
387732,5,0.0,99.98346670816468,0.0,0.0,108455.183888299,2.0,0,0,116,31.52386648518536,4,0,0,0,0,0,16383,0.0,1
9,0,908.1743463796172,0.0,0.0,0.0,0.0,0.0,0,0,0,908.1743463796172,0,0,0,0,0,0,0,0.0,1
16263,2,0.0,0.0,0.0,0.0,3250.2436615738266,6.9528138368714965,0,0,40,0.0,0,0,0,0,0,0,16383,0.0,1
1360333,7,0.0,79.00846545355486,213.20351115659216,60.91528890188348,260605.5754181289,5.715061215503847,0,0,156,56.737644874054496,4,0,0,0,0,0,16383,0.0,1
1520528,15,0.0,275.9677527724555,117.84693162428924,45.54930507455081,137080.14924061607,2.0,0,0,316,80.2804694190116,4,0,0,0,0,0,16383,0.0,1
116269,2,0.0,0.0,0.0,0.0,38540.69909410798,7.0,0,0,40,0.0,0,0,0,0,0,0,16383,0.0,1
11,0,56.0,0.0,0.0,0.0,0.0,0.0,0,0,0,56.0,0,0,0,0,0,0,0,0.0,1
38784,2,0.0,0.0,0.0,0.0,13276.96011073513,2.034911309401741,0,0,40,0.0,0,0,0,0,0,0,16383,0.0,1
337984,3,0.0,65.97308624795107,0.0,0.0,79104.62450896167,3.4208858141619976,0,0,76,25.551266433622004,4,0,0,0,0,0,16383,0.0,1
30261,2,0.0,0.0,0.0,0.0,9471.048907565282,6.530491156550058,0,0,40,0.0,0,0,0,0,0,0,16383,0.0,1
463805,6,0.0,19.094798519327064,121.75837346471896,51.65127875976129,68424.59767405454,2.543392188438585,0,0,148,28.833073225452598,4,0,0,0,0,0,16383,0.0,1
120512,2,0.0,0.0,0.0,0.0,53932.07497440948,5.638685738079642,0,0,40,0.0,0,0,0,0,0,0,16383,0.0,1
9,0,56.0,0.0,0.0,0.0,0.0,0.0,0,0,0,56.0,0,0,0,0,0,0,0,0.0,1
1,0,24.14410325918567,0.0,0.0,0.0,0.0,0.0,0,0,0,24.14410325918567,0,0,0,0,0,0,0,0.0,1
117435,2,0.0,0.0,0.0,0.0,25262.19551681777,3.692180849973881,0,0,40,0.0,0,0,0,0,0,0,16383,0.0,1
113862,2,0.0,0.0,0.0,0.0,28832.404305763685,4.723495642923286,0,0,40,0.0,0,0,0,0,0,0,16383,0.0,1
1151064,61,0.0,49.13550249516697,1460.0,1081.382642454225,100984.5435148102,0.4671347221372219,0,0,1239,836.0328150845628,4,0,0,0,0,0,16383,0.0,1
5667791,8,0.0,134.91772696281802,157.1171655276151,38.56020401201094,1097349.978993798,1.4091197185927762,0,0,193,58.16881925296048,4,0,0,0,425,157,16383,0.0,1
264896,3,0.0,166.20333485140034,0.0,0.0,52885.04198983065,7.812875729589498,0,0,76,61.93008688583987,4,0,0,0,0,0,16383,0.0,1
3,0,51.77769397839868,0.0,0.0,0.0,0.0,0.0,0,0,0,51.77769397839868,0,0,0,0,0,0,0,0.0,1
1401736,10,0.0,457.9125961348011,1092.0109650059287,357.4113457832464,210349.6421050125,2.582722145675489,0,0,224,330.418900027697,4,0,0,0,0,0,16383,0.0,1
9,0,398.10404871969325,0.0,0.0,0.0,0.0,0.0,0,0,0,398.10404871969325,0,0,0,0,0,0,0,0.0,1
30644,2,0.0,0.0,0.0,0.0,5464.613782663801,6.753733760694377,0,0,40,0.0,0,0,0,0,0,0,16383,0.0,1
78610,2,0.0,0.0,0.0,0.0,29840.63664888448,6.379524624999473,0,0,40,0.0,0,0,0,0,0,0,16383,0.0,1
558463,13,0.0,509.752395382982,138.26346144464742,112.29690892943312,36612.48073035895,1.9052989990105156,0,0,292,959.6651010598052,4,0,0,0,0,0,16383,0.0,1
285493,3,0.0,176.22248973378956,0.0,0.0,68150.98478157449,7.98591394331172,0,0,76,68.25067679661744,4,0,0,0,0,0,16383,0.0,1
1975918,5,0.0,89.633045842316,0.0,0.0,414319.938218641,2.0,0,0,116,28.928941151427985,4,0,0,0,0,0,16383,0.0,1
4,0,225.43820064067364,0.0,0.0,0.0,0.0,0.0,0,0,0,225.43820064067364,0,0,0,0,0,0,0,0.0,1
6,0,23.953402879382097,0.0,0.0,0.0,0.0,0.0,0,0,0,23.953402879382097,0,0,0,0,0,0,0,0.0,1
2,0,458.21355899647017,0.0,0.0,0.0,0.0,0.0,0,0,0,458.21355899647017,0,0,0,0,0,0,0,0.0,1
523168,3,0.0,135.76408034916005,0.0,0.0,86844.97412315062,7.404699444863439,0,0,76,52.581202220546245,4,0,0,0,0,0,16383,0.0,1
1341487,8,0.0,27.57924324094057,85.86351900358072,31.284368637387782,244680.843883666,5.211602792979975,0,0,184,26.89403611247292,4,0,0,0,0,0,16383,0.0,1
553740,3,0.0,182.65283691623023,0.0,0.0,76345.89112277143,7.0,0,0,76,70.7411395514099,4,0,0,0,0,0,16383,0.0,1
8,0,24.0,0.0,0.0,0.0,0.0,0.0,0,0,0,24.0,0,0,0,0,0,0,0,0.0,1
104366,2,0.0,0.0,0.0,0.0,28242.477319171983,2.301031414457817,0,0,40,0.0,0,0,0,0,0,0,16383,0.0,1
40687,2,0.0,0.0,0.0,0.0,12644.376397360556,10.510008552136044,0,0,40,0.0,0,0,0,0,0,0,16383,0.0,1
239909,5,0.0,157.80225231611283,834.5084536113329,333.8033814445332,43660.55071960118,9.0,0,0,116,178.13380738979637,4,0,0,0,0,0,16383,0.0,1
95934,2,0.0,0.0,0.0,0.0,35432.58712358839,7.752307946588365,0,0,40,0.0,0,0,0,0,0,0,16383,0.0,1
60707,2,0.0,0.0,0.0,0.0,24919.20691911004,8.435714899256347,0,0,40,0.0,0,0,0,0,0,0,16383,0.0,1
333548,5,0.0,64.86634610599596,203.01117362163396,81.20446944865357,52218.16367086607,3.0,0,0,116,62.85873908880485,4,0,0,0,0,0,16383,0.0,1
66929,2,0.0,0.0,0.0,0.0,30704.654967045717,7.380257532637412,0,0,40,0.0,0,0,0,0,0,0,16383,0.0,1
244996,34,0.0,79.08082600238316,1460.0,1219.4841431955056,32402.72111302809,1.821250154559704,0,0,698,913.0897263563317,4,0,0,0,0,0,16383,0.0,1
220074,5,0.0,138.4635185890189,778.6506710129636,311.46026840518545,43097.93298082726,7.633892613321407,0,0,116,163.44868347470847,4,0,0,0,0,0,16383,0.0,1
2152595,18,0.0,93.90343501214046,742.4974270584011,144.85675206565105,184369.61346249617,2.077856519608769,0,0,389,123.0111997460677,4,0,0,0,0,0,16383,0.0,1
4,0,509.0343543674984,0.0,0.0,0.0,0.0,0.0,0,0,0,509.0343543674984,0,0,0,0,0,0,0,0.0,1
53175,2,0.0,0.0,0.0,0.0,18778.675671396875,7.518232998048645,0,0,40,0.0,0,0,0,0,0,0,16383,0.0,1
521213,5,0.0,92.87945504138736,0.0,0.0,49928.38292812654,5.719290690705213,0,0,116,29.976715215009484,4,0,0,0,0,0,16383,0.0,1
81425,2,0.0,0.0,0.0,0.0,34397.17081734546,7.493569982646307,0,0,40,0.0,0,0,0,0,0,0,16383,0.0,1
1,0,56.0,0.0,0.0,0.0,0.0,0.0,0,0,0,56.0,0,0,0,0,0,0,0,0.0,1
446061,3,0.0,144.7634262865843,0.0,0.0,99014.21493981524,7.920627122568236,0,0,76,56.0666339147866,4,0,0,0,0,0,16383,0.0,1
836724,17,0.0,148.55937246157504,730.836815645058,111.71670226639635,52386.74250606501,2.464658630291558,0,0,356,85.0984251025448,4,0,0,0,0,0,16383,0.0,1
148975,2,0.0,0.0,0.0,0.0,74434.10036817817,5.847212897107784,0,0,40,0.0,0,0,0,0,0,0,16383,0.0,1
304398,5,0.0,91.55296103661792,1304.3675127186475,521.747005087459,62997.172532768585,4.3912268950433,0,0,116,229.537730701947,4,0,0,0,0,0,16383,0.0,1
1380062,5,0.0,124.41634965511564,0.0,0.0,186824.9193145204,1.5447871827610775,0,0,116,40.15520418418182,4,0,0,0,0,0,16383,0.0,1
687859,7,0.0,0.0,1460.0,475.1428571428572,283598.94135185063,4.72150052180942,0,0,156,255.84615384615387,4,0,0,0,0,0,16383,0.0,1
156587,3,0.0,99.00433727098742,0.0,0.0,34565.34184861347,7.440956748306521,0,0,76,38.34421494528366,4,0,0,0,0,0,16383,0.0,1
2261954,27,0.0,616.732930337188,117.59765905751122,31.898145929867677,65011.66430026031,1.8007803141629235,0,0,571,828.5128809114168,4,0,0,0,0,0,16383,0.0,1
1882020,16,0.0,18.46710339859334,62.051057742703726,19.03123776454227,223048.6312090231,2.8525528871351864,0,0,338,16.98075363551593,4,0,0,0,0,0,16383,0.0,1
4,0,93.6414145059751,0.0,0.0,0.0,0.0,0.0,0,0,0,93.6414145059751,0,0,0,0,0,0,0,0.0,1
14533,2,0.0,0.0,0.0,0.0,4895.0619279037855,9.6229460689983,0,0,40,0.0,0,0,0,0,0,0,16383,0.0,1
89095,2,0.0,0.0,0.0,0.0,47305.15513337276,7.426717318459245,0,0,40,0.0,0,0,0,0,0,0,16383,0.0,1
759645,11,0.0,556.9640621724479,0.0,0.0,42918.90896254396,2.910889350690649,0,0,236,966.7192777845696,4,0,0,0,0,0,16383,0.0,1
556406,5,0.0,74.34557718160289,217.77835740595944,87.11134296238377,94924.23270277894,6.6802404732671175,0,0,116,68.32991088732663,4,0,0,0,0,0,16383,0.0,1
265375,3,0.0,95.29114011427257,0.0,0.0,71341.2042358008,5.764986655143957,0,0,76,36.90609987036952,4,0,0,0,0,0,16383,0.0,1
9,0,47.675665393045065,0.0,0.0,0.0,0.0,0.0,0,0,0,47.675665393045065,0,0,0,0,0,0,0,0.0,1
827567,5,0.0,67.86463106780457,190.44845758947727,76.1793830357909,122587.03561154332,1.620616964209095,0,0,116,62.11255307423025,4,0,0,0,0,0,16383,0.0,1
1042695,11,0.0,381.9648092782047,817.2282682159413,535.1260658838154,142728.5924834942,2.503345130606154,0,0,255,661.9127875306347,4,0,0,0,0,0,16383,0.0,1
161094,3,0.0,141.85946418616254,0.0,0.0,30763.329575522344,9.407118876953046,0,0,76,54.9419342294915,4,0,0,0,0,0,16383,0.0,1
1535083,25,0.0,440.8412731444891,380.3749194714583,313.23485957822527,106319.6503874237,1.7394692332387272,0,0,526,934.0782502244386,4,0,0,0,0,0,16383,0.0,1
543620,3,0.0,46.69124953306748,0.0,0.0,106748.61499639324,4.063396930768433,0,0,76,17.3979249151446,4,0,0,0,0,0,16383,0.0,1
43654,2,0.0,0.0,0.0,0.0,17687.76616095694,2.8442267394198297,0,0,40,0.0,0,0,0,0,0,0,16383,0.0,1
71308,2,0.0,0.0,0.0,0.0,25905.33055879897,8.547045345615578,0,0,40,0.0,0,0,0,0,0,0,16383,0.0,1
661215,5,0.0,81.54150664668147,199.21298148380103,79.68519259352041,95294.03900071318,2.262339505399656,0,0,116,67.72841791144018,4,0,0,0,0,0,16383,0.0,1
409118,3,0.0,198.346073927159,0.0,0.0,88685.96504603993,11.358457762423445,0,0,76,76.8191041105512,4,0,0,0,0,0,16383,0.0,1
3142078,33,0.0,595.783728375262,113.30813224231969,27.76827585514096,75714.72096787363,1.0,0,0,682,888.449296420491,4,0,0,0,0,0,16383,0.0,1
979786,3,0.0,325.11689481368774,0.0,0.0,246252.6205690371,4.039811439445754,0,0,76,125.91723191840812,4,0,0,0,0,0,16383,0.0,1
11,0,504.0,0.0,0.0,0.0,0.0,0.0,0,0,0,504.0,0,0,0,0,0,0,0,0.0,1
2931085,164,0.0,72.15543342191188,1400.0380797442936,1211.6820791699847,104727.0998397443,1.0,0,0,3315,1052.0449974005614,4,0,0,0,0,0,16383,0.0,1
17204,2,0.0,0.0,0.0,0.0,3295.519811844269,5.092734784340621,0,0,40,0.0,0,0,0,0,0,0,16383,0.0,1
7,0,70.8964777521916,0.0,0.0,0.0,0.0,0.0,0,0,0,70.8964777521916,0,0,0,0,0,0,0,0.0,1
1308544,11,0.0,573.155374834398,0.0,0.0,70164.2603093293,1.956899891051676,0,0,237,951.6825337128258,4,0,0,0,0,0,16383,0.0,1
64782,2,0.0,0.0,0.0,0.0,32193.571709762306,8.462715182015454,0,0,40,0.0,0,0,0,0,0,0,16383,0.0,1
283735,3,0.0,229.5555053364813,0.0,0.0,46073.62218789946,2.5688711737341605,0,0,76,88.90646491984201,4,0,0,0,0,0,16383,0.0,1
240300,3,0.0,175.29751001345088,0.0,0.0,50620.93100664984,12.4777969796923,0,0,76,67.89243369137232,4,0,0,0,0,0,16383,0.0,1
9,0,57.71760187292563,0.0,0.0,0.0,0.0,0.0,0,0,0,57.71760187292563,0,0,0,0,0,0,0,0.0,1
99669,2,0.0,0.0,0.0,0.0,28035.50935275163,8.763515843668213,0,0,40,0.0,0,0,0,0,0,0,16383,0.0,1
379741,5,0.0,90.72954887713718,0.0,0.0,35649.68762461147,6.0,0,0,116,29.282835984172007,4,0,0,0,0,0,16383,0.0,1
28593568,245,0.0,72.75350755444322,1111.2763198138855,111.70009496775631,164702.9081034724,1.0,0,0,4920,128.49415343874068,4,0,0,0,0,0,16383,0.0,1
398566,3,0.0,193.0373037859684,0.0,0.0,75599.17256918897,3.2896989946548096,0,0,76,77.15714825527857,4,0,0,0,0,0,16383,0.0,1
697499,5,0.0,105.133184202426,180.9613442961568,60.20867159710873,164264.20620966135,6.100938155596224,0,0,124,57.944753261144285,4,0,0,0,0,0,16383,0.0,1
665615,14,0.0,366.1596700679789,96.78696305774544,45.939296654096026,51572.42988031154,2.342591082811132,0,0,303,108.34779203750752,4,0,0,0,0,0,16383,0.0,1
11,0,504.0,0.0,0.0,0.0,0.0,0.0,0,0,0,504.0,0,0,0,0,0,0,0,0.0,1
1639902,5,0.0,22.221803675804487,0.0,0.0,132924.6277588404,2.192016084740037,0,0,116,7.172056296590128,4,0,0,0,0,0,16383,0.0,1
278466,3,0.0,47.86313438615909,0.0,0.0,52870.78836926202,2.438063057890888,0,0,76,18.537312237488173,4,0,0,0,0,0,16383,0.0,1
346444,3,0.0,53.91527047282134,0.0,0.0,53794.91693066844,1.2477434417274749,0,0,76,20.881294464750557,4,0,0,0,0,0,16383,0.0,1
2045475,19,0.0,685.7299671023105,114.34117822323547,39.98761529193105,93853.3142846132,1.9176472779044331,0,0,396,646.8421932542185,4,0,0,0,0,0,16383,0.0,1
8,0,56.0,0.0,0.0,0.0,0.0,0.0,0,0,0,56.0,0,0,0,0,0,0,0,0.0,1
265569,5,0.0,115.35082248295772,508.057815224178,203.2231260896712,50822.05343469399,1.749133099666813,0,0,116,114.5317930743601,4,0,0,0,0,0,16383,0.0,1
1366027,7,0.0,64.56059348608636,187.79329471959304,53.65522706274087,252137.595092826,5.041341056081391,0,0,156,50.93546798692236,4,0,0,0,0,0,16383,0.0,1
68466,2,0.0,0.0,0.0,0.0,29683.7290501419,1.9309630630886248,0,0,40,0.0,0,0,0,0,0,0,16383,0.0,1
184137,3,0.0,97.4014890925976,0.0,0.0,34545.07083548372,6.991265748655925,0,0,76,37.72343451514338,4,0,0,0,0,0,16383,0.0,1
205374,3,0.0,13.963210379457143,0.0,0.0,47449.11789899482,6.627406249514312,0,0,76,5.407928125922807,4,0,0,0,0,0,16383,0.0,1
2,0,24.0,0.0,0.0,0.0,0.0,0.0,0,0,0,24.0,0,0,0,0,0,0,0,0.0,1
337988,3,0.0,74.26059872223264,0.0,0.0,72614.48201005367,7.0,0,0,76,27.90281081905153,4,0,0,0,0,0,16383,0.0,1
9,0,56.0,0.0,0.0,0.0,0.0,0.0,0,0,0,56.0,0,0,0,0,0,0,0,0.0,1
118551846,0,29.0,0.0,0.0,0.0,11815296.086703412,0.0,0,0,0,29.0,0,0,0,0,64,0,0,1.8070658491729128,1
804758,19,0.0,724.5362569237276,125.44315176200725,50.86921428238698,41822.18226270595,2.1856160793309183,0,0,396,531.4027357211714,4,0,0,0,0,0,16383,0.0,1
72017,2,0.0,0.0,0.0,0.0,34928.77799085855,8.14637048337992,0,0,40,0.0,0,0,0,0,0,0,16383,0.0,1
898098,5,0.0,30.983866769659336,0.0,0.0,82217.14224162075,6.603193854704555,0,0,116,9.999999999999998,4,0,0,0,0,0,16383,0.0,1
1041390,10,0.0,113.72648719375952,45.0,15.212162019473087,144959.74467914712,2.196688197312823,0,0,228,37.71769929774907,4,0,0,0,0,0,16383,0.0,1
74172,2,0.0,0.0,0.0,0.0,23959.231014002093,8.050066779322464,0,0,40,0.0,0,0,0,0,0,0,16383,0.0,1
789502,5,0.0,385.6968406975778,0.0,0.0,107145.03765957674,9.0,0,0,116,124.48312005887786,4,0,0,0,0,0,16383,0.0,1
2364420,16,0.0,137.32342307921766,247.7013746653123,76.10990484697663,159269.56083967368,2.642795070506309,0,0,344,85.65443348642367,4,0,0,0,0,0,16383,0.0,1
1629541,9,0.0,266.5618774910997,877.3804074250697,242.51488887122167,214912.7813530544,2.0,0,0,211,509.9903730248381,4,0,0,0,0,0,16383,0.0,1
669924,5,0.0,30.983866769659336,0.0,0.0,47606.51067465438,5.480399307835196,0,0,116,9.999999999999998,4,0,0,0,0,0,16383,0.0,1
502024,3,0.0,694.7891940630226,0.0,0.0,70926.50207880994,12.837466262964275,0,0,90,623.3297042994859,4,0,0,0,0,0,16383,0.0,1
74304,2,0.0,0.0,0.0,0.0,15498.23551877916,7.591981215039826,0,0,40,0.0,0,0,0,0,0,0,16383,0.0,1
1429263,18,0.0,193.67906690918784,313.5903476945272,103.28730677437768,79171.11330334887,1.7959123388442395,0,0,387,124.7994643871819,4,0,0,0,0,0,16383,0.0,1
79814,2,0.0,0.0,0.0,0.0,42858.62492436316,9.123837009927383,0,0,40,0.0,0,0,0,0,0,0,16383,0.0,1
700819,5,0.0,30.983866769659336,0.0,0.0,48822.09951535899,4.597183835375709,0,0,116,9.999999999999998,4,0,0,0,0,0,16383,0.0,1
2130010,18,0.0,93.9927676410462,648.4659322802468,128.43391782994755,181201.4950744452,2.0,0,0,388,109.43923875647756,4,0,0,0,0,0,16383,0.0,1
2445960,38,0.0,131.99874336835398,1311.5749333362023,726.3671741044375,98412.34152933813,1.1098631137407828,0,0,778,552.825588777959,4,0,0,0,0,0,16383,0.0,1
14981,2,0.0,0.0,0.0,0.0,3448.5687627910665,1.3489480969360308,0,0,40,0.0,0,0,0,0,0,0,16383,0.0,1
58187,2,0.0,0.0,0.0,0.0,40433.398613531564,3.971211011722412,0,0,40,0.0,0,0,0,0,0,0,16383,0.0,1
9,0,406.8128307421768,0.0,0.0,0.0,0.0,0.0,0,0,0,406.8128307421768,0,0,0,0,0,0,0,0.0,1
540826,7,0.0,103.05640851507157,493.8542333344205,141.10120952412012,148516.72832616905,2.050697208527877,0,0,156,94.00760295580427,4,0,0,0,0,0,16383,0.0,1
1366690,7,0.0,64.55363381624485,190.74882778976377,54.49966508278965,252042.4719036132,4.450234442047249,0,0,156,51.58481598792751,4,0,0,0,0,0,16383,0.0,1
23909,2,0.0,0.0,0.0,0.0,10387.838102731514,5.7355947538121175,0,0,40,0.0,0,0,0,0,0,0,16383,0.0,1
8,0,24.0,0.0,0.0,0.0,0.0,0.0,0,0,0,24.0,0,0,0,0,0,0,0,0.0,1
2002574,20,0.0,685.8605896940379,124.14719142322176,44.46489804040729,97687.44133350677,1.390187238451883,0,0,420,618.2491612422593,4,0,0,0,0,0,16383,0.0,1
257720,3,0.0,110.27670824318425,0.0,0.0,49091.17979705383,7.0,0,0,76,41.09090909090909,4,0,0,0,0,0,16383,0.0,1
40747,2,0.0,0.0,0.0,0.0,12985.170716628145,9.0659637897406,0,0,40,0.0,0,0,0,0,0,0,16383,0.0,1
410472,3,0.0,159.72511991257946,0.0,0.0,89078.88611772606,13.435934313994403,0,0,76,61.86127293924028,4,0,0,0,0,0,16383,0.0,1
638734,5,0.0,0.0,391.1595533226189,156.46382132904753,263948.74056854023,2.5886530043797813,0,0,116,71.11991878593071,4,0,0,0,0,0,16383,0.0,1
3,0,764.944754505003,0.0,0.0,0.0,0.0,0.0,0,0,0,764.944754505003,0,0,0,0,0,0,0,0.0,1
73881,2,0.0,0.0,0.0,0.0,32305.501059997263,8.820480998879686,0,0,40,0.0,0,0,0,0,0,0,16383,0.0,1
545909,3,0.0,309.6910911339289,0.0,0.0,91075.73950145576,3.356694941254739,0,0,76,119.942843843051,4,0,0,0,0,0,16383,0.0,1
20985,2,0.0,0.0,0.0,0.0,4040.80627823116,7.0,0,0,40,0.0,0,0,0,0,0,0,16383,0.0,1
57370,2,0.0,0.0,0.0,0.0,22774.360614059387,3.9354408754572456,0,0,40,0.0,0,0,0,0,0,0,16383,0.0,1
9,0,56.0,0.0,0.0,0.0,0.0,0.0,0,0,0,56.0,0,0,0,0,0,0,0,0.0,1
21510,2,0.0,0.0,0.0,0.0,3321.5012723846976,3.8460745368676914,0,0,40,0.0,0,0,0,0,0,0,16383,0.0,1
301753,5,0.0,516.2516562020571,10.281329300354258,4.112531720141703,45965.50024730424,2.852119119636531,0,0,116,162.18100244435493,4,0,0,0,0,0,16383,0.0,1
2959424,5,0.0,43.67567042624535,174.4684229826318,49.848120852180514,637783.3831832554,1.3233891065479737,0,0,122,38.204149935362565,4,0,0,0,118,348,16383,0.0,1
202932,3,0.0,16.45887095379111,3.006755864786726,1.2027023459146946,48154.98179898028,6.0,0,0,77,6.921176194647675,4,0,0,0,0,0,16383,0.0,1
198788,3,0.0,301.7068038406199,0.0,0.0,47035.58163042139,6.176822492042313,0,0,76,116.8505426712189,4,0,0,0,0,0,16383,0.0,1
3,0,56.0,0.0,0.0,0.0,0.0,0.0,0,0,0,56.0,0,0,0,0,0,0,0,0.0,1
9,0,24.0,0.0,0.0,0.0,0.0,0.0,0,0,0,24.0,0,0,0,0,0,0,0,0.0,1
114336051,0,29.0,0.0,0.0,0.0,6586947.275524413,0.0,0,0,0,29.0,0,0,0,0,62,0,0,1.2310425448064817,1
633308,7,0.0,0.0,1460.0,475.1428571428572,265805.082245999,2.8920134889937383,0,0,156,255.84615384615387,4,0,0,0,0,0,16383,0.0,1
37925,2,0.0,0.0,0.0,0.0,12803.025518787832,4.3272039042184565,0,0,40,0.0,0,0,0,0,0,0,16383,0.0,1
630803,5,0.0,30.983866769659336,0.0,0.0,32155.31156579688,6.5863740011052,0,0,116,9.999999999999998,4,0,0,0,0,0,16383,0.0,1
64964568,12,0.0,20.15164252509906,37.51967870767536,10.90315449624754,18697424.544909224,2.664917448206635,0,0,256,12.374161593670578,4,0,0,0,195,141,16383,29976.050964607173,1
1135085,27,0.0,72.59127950700031,1340.2454426996474,673.4579595716792,89159.35071759306,2.0,0,0,569,463.133756434258,4,0,0,0,0,0,16383,0.0,1
8,0,71.45972142644922,0.0,0.0,0.0,0.0,0.0,0,0,0,71.45972142644922,0,0,0,0,0,0,0,0.0,1
7,0,175.3281765539421,0.0,0.0,0.0,0.0,0.0,0,0,0,175.3281765539421,0,0,0,0,0,0,0,0.0,1
1839059,50,0.0,6.918626133343595,1460.0,849.338954287188,108045.1355574542,1.0,0,0,1023,581.0507211914846,4,0,0,0,0,0,16383,0.0,1
41606,2,0.0,0.0,0.0,0.0,10677.751622183005,6.016470447268422,0,0,40,0.0,0,0,0,0,0,0,16383,0.0,1
56125,2,0.0,0.0,0.0,0.0,20109.573715454266,6.808249786556011,0,0,40,0.0,0,0,0,0,0,0,16383,0.0,1
46613,2,0.0,0.0,0.0,0.0,13036.857425015249,7.5241444620024,0,0,40,0.0,0,0,0,0,0,0,16383,0.0,1
75280,2,0.0,0.0,0.0,0.0,24615.638643842165,6.61028302970632,0,0,40,0.0,0,0,0,0,0,0,16383,0.0,1
658114,3,0.0,131.0510994419734,0.0,0.0,121181.67900228153,13.404475802723764,0,0,76,50.75587256409351,4,0,0,0,0,0,16383,0.0,1
28710,2,0.0,0.0,0.0,0.0,5589.844978944185,7.950394091650518,0,0,40,0.0,0,0,0,0,0,0,16383,0.0,1
2055227,19,0.0,690.5574011336295,112.94349846248632,40.63128360280236,99576.01673942806,1.7429373078107913,0,0,396,617.6133963282094,4,0,0,0,0,0,16383,0.0,1
9,0,56.0,0.0,0.0,0.0,0.0,0.0,0,0,0,56.0,0,0,0,0,0,0,0,0.0,1
205258,3,0.0,123.8537300074585,0.0,0.0,37991.86700019005,2.0,0,0,76,47.96834336845566,4,0,0,0,0,0,16383,0.0,1
1004808,5,0.0,77.00575060043906,0.0,0.0,127947.77787180898,5.71952593651076,0,0,116,24.853499136475182,4,0,0,0,0,0,16383,0.0,1
23080,2,0.0,0.0,0.0,0.0,11072.339985274191,3.403959844731374,0,0,40,0.0,0,0,0,0,0,0,16383,0.0,1
10,0,56.0,0.0,0.0,0.0,0.0,0.0,0,0,0,56.0,0,0,0,0,0,0,0,0.0,1
76781,2,0.0,0.0,0.0,0.0,25489.126491741696,6.36853040044758,0,0,40,0.0,0,0,0,0,0,0,16383,0.0,1
116330,2,0.0,0.0,0.0,0.0,28858.060298661192,3.9615507321375674,0,0,40,0.0,0,0,0,0,0,0,16383,0.0,1
42053,2,0.0,0.0,0.0,0.0,12482.789881826107,9.889704865655082,0,0,40,0.0,0,0,0,0,0,0,16383,0.0,1
7,0,56.0,0.0,0.0,0.0,0.0,0.0,0,0,0,56.0,0,0,0,0,0,0,0,0.0,1
10,0,24.0,0.0,0.0,0.0,0.0,0.0,0,0,0,24.0,0,0,0,0,0,0,0,0.0,1
593350,7,0.0,102.48637631026644,591.6386322802952,316.15242951301474,80071.82649134145,7.6381938920485535,0,0,159,176.04742289869745,4,0,0,0,0,0,16383,0.0,1
1616771,231,0.0,38.14690680596671,1460.0,1237.8783991685875,63910.94937927794,1.0,0,0,4654,1046.1336476370063,4,0,0,0,0,0,16383,0.0,1
358662,9,0.0,148.7363129080671,1460.0,743.8409681251346,69981.61346896413,1.2378254128183557,0,0,215,444.3239405852856,4,0,0,0,0,0,16383,0.0,1
2861999,18,0.0,474.2994943294775,111.56815090477268,47.94111284281737,211946.81808993997,2.6236134367017727,0,0,378,280.1500569647602,4,0,0,0,0,0,16383,0.0,1
835948,17,0.0,587.4277568519442,112.7858865868416,48.93702546671812,53644.51608482863,1.0,0,0,356,209.4373011070779,4,0,0,0,0,0,16383,0.0,1
3,0,56.0,0.0,0.0,0.0,0.0,0.0,0,0,0,56.0,0,0,0,0,0,0,0,0.0,1
1004922,5,0.0,43.07382880189219,0.0,0.0,208514.7499637761,1.1515282255937354,0,0,116,13.580781631826518,4,0,0,0,0,0,16383,0.0,1
2640140,17,0.0,350.4499702029763,228.0789449524688,92.1177724405709,195463.56976207052,1.0,0,0,356,146.2320745518717,4,0,0,0,0,0,16383,0.0,1
2261490,27,0.0,616.5168211499955,117.61819459964444,31.88192031633032,64921.510206324136,1.7939351334518512,0,0,572,828.9902580071877,4,0,0,0,0,0,16383,0.0,1
3028779,31,0.0,600.1822469596707,117.5279385805955,29.659410262501897,84081.02781982734,1.0,0,0,640,873.8162773518358,4,0,0,0,0,0,16383,0.0,1
1422266,17,0.0,119.769288700897,943.7982111031696,184.3967299730824,147867.67676381022,1.376789626931993,0,0,365,126.07593564882885,4,0,0,0,0,0,16383,0.0,1
1212358,3,0.0,179.68143933854122,0.0,0.0,309377.4328870013,6.4497637247113335,0,0,86,59.574073394959726,4,0,0,0,0,0,16383,0.0,1
78402,2,0.0,0.0,0.0,0.0,25691.603288082355,4.169416127753191,0,0,40,0.0,0,0,0,0,0,0,16383,0.0,1
363835,3,0.0,38.8420304150342,0.0,0.0,74342.32425494815,3.774801755516787,0,0,76,15.04345369303094,4,0,0,0,0,0,16383,0.0,1
1604465,19,0.0,547.1424681015831,41.48060047496358,13.431813487131064,60111.247120301385,1.0,0,0,403,931.1663999976856,4,0,0,0,0,0,16383,0.0,1
768065,5,0.0,79.1452802795647,9.432476488383664,2.694993282395332,229938.3628186741,5.1537903775279945,0,0,118,26.45495010053947,4,0,0,0,0,0,16383,0.0,1
725340,23,0.0,434.3412199347663,651.3367187120718,273.2303143722262,45333.23848652511,3.392494915053042,0,0,476,476.10678413454633,4,0,0,0,0,0,16383,0.0,1
59553,2,0.0,0.0,0.0,0.0,26454.24045728009,4.283706391511371,0,0,40,0.0,0,0,0,0,0,0,16383,0.0,1
2301708,145,0.0,301.6755796571404,855.1794318963953,712.0268209141177,66939.52298558484,1.450350385780793,0,0,2930,962.2099395504184,4,0,0,0,0,0,16383,0.0,1
8,0,32.03317917246724,0.0,0.0,0.0,0.0,0.0,0,0,0,32.03317917246724,0,0,0,0,0,0,0,0.0,1
84622,2,0.0,0.0,0.0,0.0,25309.60829299244,2.713964858937328,0,0,40,0.0,0,0,0,0,0,0,16383,0.0,1
52633323,7,0.0,14.940159570755188,16.43651365031867,4.776422770178074,16513619.45687257,2.0,0,0,174,7.320391819897527,4,0,0,0,113,62,16383,45465.6279142244,1
672100,3,0.0,55.952660913260885,0.0,0.0,122795.956613424,9.932099024269872,0,0,76,21.670372389305008,4,0,0,0,0,0,16383,0.0,1
4256350,12,0.0,660.9038274504102,248.6551185853406,42.29276522270987,491295.9065100561,2.250630563355043,0,0,265,696.297310508457,4,0,0,0,31093,508,16383,0.0,1
3,0,56.0,0.0,0.0,0.0,0.0,0.0,0,0,0,56.0,0,0,0,0,0,0,0,0.0,1
478704,3,0.0,106.0962819535647,0.0,0.0,97734.56986074949,8.020321942733002,0,0,76,39.533213731983466,4,0,0,0,0,0,16383,0.0,1
118160119,0,29.0,0.0,0.0,0.0,2542254.173882431,0.0,0,0,0,29.0,0,0,0,0,59,0,0,2.416177653004385,1
10,0,873.7996540357839,0.0,0.0,0.0,0.0,0.0,0,0,0,873.7996540357839,0,0,0,0,0,0,0,0.0,1
206027,3,0.0,113.29349059138907,0.0,0.0,39246.15938232841,2.0,0,0,76,43.87838022941567,4,0,0,0,0,0,16383,0.0,1
46451,2,0.0,0.0,0.0,0.0,19975.10392516908,3.080157201965361,0,0,40,0.0,0,0,0,0,0,0,16383,0.0,1
783512,11,0.0,557.1292620083607,0.0,0.0,42583.16691119004,1.098186428889107,0,0,236,966.6499466596736,4,0,0,0,0,0,16383,0.0,1
767537,7,0.0,212.84893363226632,199.436125178352,56.98175005095771,166780.9503828804,2.709249881098673,0,0,156,101.93943859983727,4,0,0,0,0,0,16383,0.0,1
38428,2,0.0,0.0,0.0,0.0,13994.505870769766,6.785674162698981,0,0,40,0.0,0,0,0,0,0,0,16383,0.0,1
70734200,10,0.0,20.05511459364727,25.780272958784558,7.491703252980127,21946067.13118524,3.708420181441373,0,0,224,10.158910518179606,4,0,0,0,162,97,16383,38496.25078146881,1
5,0,561.289132869771,0.0,0.0,0.0,0.0,0.0,0,0,0,561.289132869771,0,0,0,0,0,0,0,0.0,1
555191,18,0.0,511.753583743332,148.985384369872,128.38151060408313,33975.478844085366,1.8979552161850195,0,0,395,973.7991586713696,4,0,0,0,0,0,16383,0.0,1
887771,5,0.0,46.05733532965253,95.46508261067768,27.27573788876505,179747.09114784605,5.575148020736154,0,0,134,31.71641472892122,4,0,0,0,0,0,16383,0.0,1
290787,3,0.0,195.81203093920857,0.0,0.0,65360.06452619119,8.414557823811334,0,0,76,75.83767348146061,4,0,0,0,0,0,16383,0.0,1
205797,3,0.0,92.92728792545178,0.0,0.0,42492.90828497896,4.76521014246871,0,0,76,34.97802119244365,4,0,0,0,0,0,16383,0.0,1
160148,3,0.0,152.7841337437472,0.0,0.0,30644.837136268936,9.89345293740528,0,0,76,59.17304055542595,4,0,0,0,0,0,16383,0.0,1
125681,2,0.0,0.0,0.0,0.0,19611.578549408,1.370349597431065,0,0,40,0.0,0,0,0,0,0,0,16383,0.0,1
84161,2,0.0,0.0,0.0,0.0,59052.420649582215,2.0299001793848084,0,0,40,0.0,0,0,0,0,0,0,16383,0.0,1
2137198,18,0.0,94.78966032612156,777.3216844225733,149.15408390168912,186106.51978985476,2.0,0,0,395,125.26802629229256,4,0,0,0,0,0,16383,0.0,1
2280591,27,0.0,621.6771744804522,116.68587958681071,32.24689890568785,67319.81160432467,2.0,0,0,559,817.4516112733677,4,0,0,0,0,0,16383,0.0,1
981509,18,0.0,721.1655411974675,110.38519856642242,41.7096650175082,67998.63029461526,1.1135808841153532,0,0,391,551.1859144114552,4,0,0,0,0,0,16383,0.0,1
40612,2,0.0,0.0,0.0,0.0,13816.893749704595,5.515292609726475,0,0,40,0.0,0,0,0,0,0,0,16383,0.0,1
20728,2,0.0,0.0,0.0,0.0,3853.509773251744,7.0,0,0,40,0.0,0,0,0,0,0,0,16383,0.0,1
773525,7,0.0,96.6698342053419,620.331843375798,177.2376695359423,217420.46381358392,8.0,0,0,156,110.80446825321756,4,0,0,0,0,0,16383,0.0,1
696661,7,0.0,140.98835318231465,191.2466977038172,54.64191362966204,167868.49834547954,3.797358163053743,0,0,156,78.04517241420268,4,0,0,0,0,0,16383,0.0,1
426234,3,0.0,533.518367517849,223.59097012257604,72.76551532560548,95000.46101813173,7.540566499748131,0,0,88,246.074744231738,4,0,0,0,0,0,16383,0.0,1
23215,2,0.0,0.0,0.0,0.0,7969.590529979838,10.1843493120085,0,0,40,0.0,0,0,0,0,0,0,16383,0.0,1
10,0,706.6040225615933,0.0,0.0,0.0,0.0,0.0,0,0,0,706.6040225615933,0,0,0,0,0,0,0,0.0,1
8,0,56.0,0.0,0.0,0.0,0.0,0.0,0,0,0,56.0,0,0,0,0,0,0,0,0.0,1
875060,5,0.0,474.5459424402504,336.1699306286528,119.73175611431468,184187.70632683847,1.2302533771429127,0,0,125,204.6351733234331,4,0,0,0,0,0,16383,0.0,1
2403104,8,0.0,58.883074712602266,37.39336925950517,20.54970047852794,526994.460185737,1.975410367684745,0,0,194,27.41062307856716,4,0,0,0,359,178,16383,0.0,1
77875,2,0.0,0.0,0.0,0.0,25722.394937410576,6.44137968016026,0,0,40,0.0,0,0,0,0,0,0,16383,0.0,1
304868,3,0.0,550.5958661488884,0.0,0.0,51189.56651317453,5.291794436546991,0,0,76,213.24486200852925,4,0,0,0,0,0,16383,0.0,1
301321,7,0.0,287.04647689059425,947.4613239605457,301.7451956956567,43433.3731275144,1.7030708861995258,0,0,167,241.31836564180588,4,0,0,0,0,0,16383,0.0,1
118942037,0,29.0,0.0,0.0,0.0,1821710.4845394804,0.0,0,0,0,29.0,0,0,0,0,59,0,0,6650997.248425813,1
235983,3,0.0,126.59732015388713,0.0,0.0,40338.060243567976,7.589589273286345,0,0,76,49.03093126304934,4,0,0,0,0,0,16383,0.0,1
2997574,5,0.0,30.780099549737933,0.0,0.0,654811.430776401,1.3581430340145904,0,0,116,9.90816845281677,4,0,0,0,67,0,16383,0.0,1
1910220,20,0.0,712.2451504512826,124.72157162114182,48.78819063332041,99296.66644950604,1.3278428378858185,0,0,422,560.2660618327748,4,0,0,0,0,0,16383,0.0,1
795478,5,0.0,34.89707189224138,0.0,0.0,101936.58754788116,7.525963045008967,0,0,116,11.262981522504484,4,0,0,0,0,0,16383,0.0,1
1351892,7,0.0,105.37667312880684,268.36977579388906,76.67707879825403,275790.4417801359,5.194624756661423,0,0,156,69.25873379561634,4,0,0,0,0,0,16383,0.0,1
10,0,24.0,0.0,0.0,0.0,0.0,0.0,0,0,0,24.0,0,0,0,0,0,0,0,0.0,1
37811,2,0.0,0.0,0.0,0.0,12741.4789805249,4.632821703124893,0,0,40,0.0,0,0,0,0,0,0,16383,0.0,1
548429,5,0.0,84.27335707224448,925.5818104271912,370.2327241708765,108566.97563258016,5.85454739320218,0,0,116,168.96781516730397,4,0,0,0,0,0,16383,0.0,1
182604,9,0.0,545.5964987270762,1460.0,964.2444590646442,33274.42517697313,3.0200131581796765,0,0,196,642.0282538703713,4,0,0,0,0,0,16383,0.0,1
125505,2,0.0,0.0,0.0,0.0,46897.58029031764,7.739299369624343,0,0,40,0.0,0,0,0,0,0,0,16383,0.0,1
1085661,7,0.0,0.0,1460.0,475.1428571428572,429205.1339208067,7.647462276093234,0,0,156,255.84615384615387,4,0,0,0,0,0,16383,0.0,1
1066306,13,0.0,691.2651271425292,20.1967593674244,5.258327882643039,80552.60655392458,2.892806251165477,0,0,276,607.6908461175303,4,0,0,0,0,0,16383,0.0,1
1365807,7,0.0,64.5629058591936,186.8113091736316,53.37465976389474,252169.20008409995,5.237738165273682,0,0,156,50.71971998608906,4,0,0,0,0,0,16383,0.0,1
428163,3,0.0,472.9266560731927,0.0,0.0,87630.37955271787,6.7272764301386285,0,0,76,183.16370629490385,4,0,0,0,0,0,16383,0.0,1
10,0,24.0,0.0,0.0,0.0,0.0,0.0,0,0,0,24.0,0,0,0,0,0,0,0,0.0,1
59332,2,0.0,0.0,0.0,0.0,31159.35540881492,6.0,0,0,40,0.0,0,0,0,0,0,0,16383,0.0,1
61334,2,0.0,0.0,0.0,0.0,17042.182665115866,7.0,0,0,40,0.0,0,0,0,0,0,0,16383,0.0,1
2122243,25,0.0,386.39699838606015,735.6744698125784,438.5599612851042,150426.0030780824,1.0,0,0,526,534.9995270243593,4,0,0,0,0,0,16383,0.0,1
547260,5,0.0,83.08186444670181,303.3582024074978,121.3432809629991,104419.9893448694,5.7293533065833575,0,0,116,77.80743462559224,4,0,0,0,0,0,16383,0.0,1
2907292,48,0.0,572.2659955077519,379.274970556104,264.0318542301576,189570.2385253512,1.8035130330437887,0,0,986,654.0995032093881,4,0,0,0,31469,37795,16383,0.0,1
10,0,1016.8701548272056,0.0,0.0,0.0,0.0,0.0,0,0,0,1016.8701548272056,0,0,0,0,0,0,0,0.0,1
596991,9,0.0,716.1988167546542,45.0,14.222222222222223,41956.21521689464,2.2489839530594384,0,0,196,665.3224636780083,4,0,0,0,0,0,16383,0.0,1
2,0,520.0079383061923,0.0,0.0,0.0,0.0,0.0,0,0,0,520.0079383061923,0,0,0,0,0,0,0,0.0,1
1068874,3,0.0,203.0113872031852,0.0,0.0,272931.3140124486,5.7610213546653,0,0,76,78.62597217284018,4,0,0,0,0,0,16383,0.0,1
1597524,16,0.0,489.1485511518579,0.0,0.0,59585.9990901237,1.142065086002671,0,0,344,1041.439408357519,4,0,0,0,0,0,16383,0.0,1
2078105,19,0.0,701.8824277864621,109.66458042033057,42.14131164853199,113001.31833993504,1.3330725525413194,0,0,396,549.0434475583783,4,0,0,0,0,0,16383,0.0,1
383135,11,0.0,234.43314579670405,1460.0,843.7736713568966,71201.9742452205,1.564603676600249,0,0,241,538.0411506741783,4,0,0,0,0,0,16383,0.0,1
5,0,812.0633403242083,0.0,0.0,0.0,0.0,0.0,0,0,0,812.0633403242083,0,0,0,0,0,0,0,0.0,1
379127,5,0.0,81.4883446449168,0.0,0.0,36425.2956337079,6.0,0,0,116,26.300250143314425,4,0,0,0,0,0,16383,0.0,1
3444572,28,0.0,588.0117074709758,131.7826641530637,36.74919529110113,107736.48389663076,1.0,0,0,584,769.2260873660673,4,0,0,0,0,0,16383,0.0,1
35991,2,0.0,0.0,0.0,0.0,12826.597036241928,5.417236080183503,0,0,40,0.0,0,0,0,0,0,0,16383,0.0,1
56552,2,0.0,0.0,0.0,0.0,20128.96659536708,5.964382900827442,0,0,40,0.0,0,0,0,0,0,0,16383,0.0,1
550322,12,0.0,530.9110591068755,77.1269620924941,64.6624410219497,35246.80969142894,2.0,0,0,267,964.4383780186268,4,0,0,0,0,0,16383,0.0,1
8,0,264.073237326316,0.0,0.0,0.0,0.0,0.0,0,0,0,264.073237326316,0,0,0,0,0,0,0,0.0,1
792147,5,0.0,88.3045249837779,505.7779732173968,196.6272773804137,173786.08346178554,7.514788007977863,0,0,120,104.16561612725124,4,0,0,0,0,0,16383,0.0,1
224898,3,0.0,523.5974017010992,0.0,0.0,41870.60253639968,8.605550256543934,0,0,76,202.78840169058324,4,0,0,0,0,0,16383,0.0,1
467483,5,0.0,182.6432783507872,0.0,0.0,49760.28421132622,3.337645460580513,0,0,116,58.947864612443695,4,0,0,0,0,0,16383,0.0,1
710826,5,0.0,161.26292300022874,206.4665373923996,58.99043925497131,171281.52019086183,1.8711668244405049,0,0,133,76.71166824440505,4,0,0,0,0,0,16383,0.0,1
301613,5,0.0,94.76473479015203,665.7347185040285,266.29388740161136,61711.1469788288,6.00291598493568,0,0,116,132.29917428504766,4,0,0,0,0,0,16383,0.0,1
1902670,5,0.0,179.09096701864812,0.0,0.0,400873.63989852846,2.0,0,0,116,57.801361059950494,4,0,0,0,0,0,16383,0.0,1
2233408,29,0.0,603.4401854482549,118.86078778553504,30.900118292910577,59466.34072121778,1.3797374048216486,0,0,605,857.8760562226435,4,0,0,0,0,0,16383,0.0,1
1003509,5,0.0,30.983866769659336,0.0,0.0,96356.7900055748,1.0,0,0,116,9.999999999999998,4,0,0,0,0,0,16383,0.0,1
1881729,18,0.0,17.701525373643296,103.18913187802708,37.60351450867656,137648.9561900198,4.909456593901354,0,0,393,25.423239695006323,4,0,0,0,0,0,16383,0.0,1
65527,2,0.0,0.0,0.0,0.0,32175.98261303736,6.272368862300311,0,0,40,0.0,0,0,0,0,0,0,16383,0.0,1
2408398,31,0.0,587.5981937102432,110.54792485812084,28.90818347521801,58782.99390911726,1.9226037570939576,0,0,651,889.4573920269403,4,0,0,0,0,0,16383,0.0,1
1079513,7,0.0,94.94203534004382,429.0682079070498,122.5909165448714,215602.07830506156,2.0,0,0,156,83.15219736759133,4,0,0,0,0,0,16383,0.0,1
793620,8,0.0,65.5411070985858,101.75134132395634,29.879552431046992,167228.00841895316,4.449698186645597,0,0,179,38.167596295009766,4,0,0,0,0,0,16383,0.0,1
22654,2,0.0,0.0,0.0,0.0,4601.093745200233,4.0,0,0,40,0.0,0,0,0,0,0,0,16383,0.0,1
1566527,6,0.0,67.33902264866914,525.3368456001149,165.40965507879966,469960.5400384411,2.0,0,0,142,94.942036396574,4,0,0,0,276,1050,16383,0.0,1
79663,2,0.0,0.0,0.0,0.0,42936.19659742389,9.49351826383963,0,0,40,0.0,0,0,0,0,0,0,16383,0.0,1
592892,5,0.0,29.011354614450305,0.0,0.0,73411.40888716196,5.012345852286332,0,0,116,9.363374439390313,4,0,0,0,0,0,16383,0.0,1
117049,2,0.0,0.0,0.0,0.0,27819.75744746848,4.0,0,0,40,0.0,0,0,0,0,0,0,16383,0.0,1
86542,2,0.0,0.0,0.0,0.0,60371.96549682482,4.414030188032173,0,0,40,0.0,0,0,0,0,0,0,16383,0.0,1
48445,2,0.0,0.0,0.0,0.0,23941.25895729689,7.0,0,0,40,0.0,0,0,0,0,0,0,16383,0.0,1
2434612,29,0.0,592.7165795370457,106.9227492294308,29.019005624064583,64396.80565983109,2.0,0,0,615,875.3312406497472,4,0,0,0,0,0,16383,0.0,1
2416954,30,0.0,590.2651295884434,108.20977637728608,29.147135690508463,61422.39721042408,2.0,0,0,628,882.4050444798427,4,0,0,0,0,0,16383,0.0,1
908192,20,0.0,694.6883164230177,116.67581446335096,42.30043639066048,41643.67118867533,3.0,0,0,428,621.303781860928,4,0,0,0,0,0,16383,0.0,1
2696348,28,0.0,76.6712950206228,1195.0820625996423,972.2210305919972,515813.11338717374,2.0,0,0,586,638.0927999834864,4,0,0,0,1663,31997,16383,0.0,1
846801,5,0.0,52.53210725860376,766.2163384999677,306.48653539998713,123901.4277977965,4.830067420221067,0,0,116,120.0663012768791,4,0,0,0,0,0,16383,0.0,1
1474421,7,0.0,366.7786750984156,799.2089673930524,298.78979400991136,307847.4221666305,5.382523841857056,0,0,156,280.9185190344496,4,0,0,0,0,0,16383,0.0,1
5717333,7,0.0,88.5363916666013,618.1913728764705,176.62610653613442,1449147.169567778,7.341692560493938,0,0,156,110.09954977163642,4,0,0,0,216,618,16383,0.0,1
966351,5,0.0,109.64439353181837,0.0,0.0,134501.04364230926,3.124566350132917,0,0,116,35.38757584614539,4,0,0,0,0,0,16383,0.0,1
20705,2,0.0,0.0,0.0,0.0,3836.4304087652527,7.0,0,0,40,0.0,0,0,0,0,0,0,16383,0.0,1
1101751,7,0.0,80.25204062832978,293.6106961230741,83.88877032087834,226127.52283578232,1.5581711838904408,0,0,156,65.5786343764153,4,0,0,0,0,0,16383,0.0,1
6,0,205.3503764449426,0.0,0.0,0.0,0.0,0.0,0,0,0,205.3503764449426,0,0,0,0,0,0,0,0.0,1
106623,2,0.0,0.0,0.0,0.0,43200.44868360553,6.067132309873367,0,0,40,0.0,0,0,0,0,0,0,16383,0.0,1
3,0,689.3599381079678,0.0,0.0,0.0,0.0,0.0,0,0,0,689.3599381079678,0,0,0,0,0,0,0,0.0,1
20793,2,0.0,0.0,0.0,0.0,3900.72333501877,7.0,0,0,40,0.0,0,0,0,0,0,0,16383,0.0,1
597083,3,0.0,705.0585626933844,0.0,0.0,75921.08132868112,7.376928047853932,0,0,89,632.7150897965016,4,0,0,0,0,0,16383,0.0,1
3,0,623.0551254593497,0.0,0.0,0.0,0.0,0.0,0,0,0,623.0551254593497,0,0,0,0,0,0,0,0.0,1
60362,2,0.0,0.0,0.0,0.0,32460.793474239686,6.036712943483066,0,0,40,0.0,0,0,0,0,0,0,16383,0.0,1
5609590,7,0.0,81.83858846190535,497.9736989585916,142.2781997024547,1416895.8304951538,7.525230993956349,0,0,156,94.11029324316942,4,0,0,0,221,497,16383,0.0,1
589130,6,0.0,104.30803398589094,574.6994404146893,287.8282249404432,91427.200843963,5.982059634377999,0,0,142,159.45331082738588,4,0,0,0,0,0,16383,0.0,1
1510371,35,0.0,376.3406991181756,1035.045703285606,192.68473100595105,49245.9264288347,1.920535885102555,0,0,724,206.41458570311627,4,0,0,0,0,0,16383,0.0,1
716956,17,0.0,579.233082566464,117.1440363272722,53.4212085240637,46888.67646252354,1.0120030272726823,0,0,356,211.3462984815845,4,0,0,0,0,0,16383,0.0,1
799391,7,0.0,345.5466861834854,910.8566673821326,331.6368546305218,153008.27068744774,2.447185124281651,0,0,156,330.02089171686305,4,0,0,0,0,0,16383,0.0,1
166134,3,0.0,77.71997770495904,0.0,0.0,30556.55707457129,7.7406635810666256,0,0,76,30.10081793189181,4,0,0,0,0,0,16383,0.0,1
17950,2,0.0,0.0,0.0,0.0,2593.2069092654647,5.395125912668289,0,0,40,0.0,0,0,0,0,0,0,16383,0.0,1
892205,8,0.0,61.65452247825865,81.65489083079868,38.3985431144209,136208.9163467868,1.3416121206508866,0,0,192,35.19520322924695,4,0,0,0,0,0,16383,0.0,1
1141200,30,0.0,14.413993995479764,1460.0,746.681231506341,89950.23241561698,1.9449227800558044,0,0,619,471.8702265600568,4,0,0,0,0,0,16383,0.0,1
66933,2,0.0,0.0,0.0,0.0,46920.10909412346,2.0,0,0,40,0.0,0,0,0,0,0,0,16383,0.0,1
53493,2,0.0,0.0,0.0,0.0,26230.946643717285,8.614186244319011,0,0,40,0.0,0,0,0,0,0,0,16383,0.0,1
543709,3,0.0,113.91449482743818,0.0,0.0,75906.32791626212,9.290170651877478,0,0,76,44.11889413582991,4,0,0,0,0,0,16383,0.0,1
99250,2,0.0,0.0,0.0,0.0,26540.220047373878,5.384486595747626,0,0,40,0.0,0,0,0,0,0,0,16383,0.0,1
385241,5,0.0,100.3063295410899,762.4940435638794,304.99761742555177,80522.86254586198,3.854252540208391,0,0,116,148.93243809664813,4,0,0,0,0,0,16383,0.0,1
118948404,0,29.0,0.0,0.0,0.0,1839036.387437326,0.0,0,0,0,29.0,0,0,0,0,59,0,0,6604909.950192325,1
885850,7,0.0,150.3793522118221,181.3184810606424,51.805280303040696,196629.6522054613,4.424641414189869,0,0,156,82.04390042775239,4,0,0,0,0,0,16383,0.0,1
119028576,0,29.0,0.0,0.0,0.0,4380365.073385742,0.0,0,0,0,29.0,0,0,0,0,61,0,0,1.3250549607624509,1
8,0,368.6245158897668,0.0,0.0,0.0,0.0,0.0,0,0,0,368.6245158897668,0,0,0,0,0,0,0,0.0,1
652788,3,0.0,103.10276898871588,0.0,0.0,150746.8263628662,3.364707900490414,0,0,76,39.88264651396611,4,0,0,0,0,0,16383,0.0,1
3,0,56.0,0.0,0.0,0.0,0.0,0.0,0,0,0,56.0,0,0,0,0,0,0,0,0.0,1
1199139,5,0.0,74.9635067310841,198.37494262725025,74.51348848396752,191645.81090432187,3.0,0,0,125,62.659960221560176,4,0,0,0,0,0,16383,0.0,1
82765,2,0.0,0.0,0.0,0.0,37939.326343866334,7.061946518578988,0,0,40,0.0,0,0,0,0,0,0,16383,0.0,1
372545,3,0.0,76.51327429878727,0.0,0.0,77704.88744476732,6.307231678553023,0,0,76,29.633463712300298,4,0,0,0,0,0,16383,0.0,1
91603,2,0.0,0.0,0.0,0.0,47323.6276473141,3.71526265704344,0,0,40,0.0,0,0,0,0,0,0,16383,0.0,1
1653379,247,0.0,11.518825460682804,1460.0,1225.131787311269,56435.562931425855,1.0,0,0,4965,1021.993661127144,4,0,0,0,0,0,16383,0.0,1
1235502,15,0.0,410.9734532709703,356.3533935862605,116.46021903867248,87677.7350523531,2.9472560478377825,0,0,318,181.905935075376,4,0,0,0,0,0,16383,0.0,1
835838,6,0.0,171.9113660818578,1217.8795979843244,433.7653362683895,159071.5628075432,1.8341641082084408,0,0,149,253.5116818243365,4,0,0,0,0,0,16383,0.0,1
1032990,7,0.0,664.5191437499249,186.53917450884185,51.7014696048896,115724.42730010964,3.3539174508841847,0,0,160,675.8769506148799,4,0,0,0,0,0,16383,0.0,1
1347700,12,0.0,573.2149068559324,0.0,0.0,70546.19345523635,1.045151364412292,0,0,274,927.184991650866,4,0,0,0,0,0,16383,0.0,1
122857,2,0.0,0.0,0.0,0.0,22073.657247318843,2.313699661428737,0,0,40,0.0,0,0,0,0,0,0,16383,0.0,1
609505,5,0.0,0.0,278.273057545392,111.3092230181568,258518.05800257172,5.375973887768099,0,0,116,50.595101371889456,4,0,0,0,0,0,16383,0.0,1
230792,7,0.0,175.47204478762328,1460.0,629.1756470296123,51589.421427892754,4.787225129467906,0,0,156,341.56339271358,4,0,0,0,0,0,16383,0.0,1
324632,3,0.0,45.0215214950294,0.0,0.0,73500.73034321539,4.469724294844502,0,0,76,17.43676029711681,4,0,0,0,0,0,16383,0.0,1
11,0,56.0,0.0,0.0,0.0,0.0,0.0,0,0,0,56.0,0,0,0,0,0,0,0,0.0,1
2230554,44,0.0,63.16380326370438,1460.0,975.7713650639256,220233.16943580777,1.0,0,0,898,686.6960949114838,4,0,0,0,0,0,16383,0.0,1
10,0,56.844773838725736,0.0,0.0,0.0,0.0,0.0,0,0,0,56.844773838725736,0,0,0,0,0,0,0,0.0,1
91174,2,0.0,0.0,0.0,0.0,47358.029490380366,5.574557677487132,0,0,40,0.0,0,0,0,0,0,0,16383,0.0,1
33623,2,0.0,0.0,0.0,0.0,21166.342481860065,3.6702932313025394,0,0,40,0.0,0,0,0,0,0,0,16383,0.0,1
32379,2,0.0,0.0,0.0,0.0,21332.37876595804,2.262132722652542,0,0,40,0.0,0,0,0,0,0,0,16383,0.0,1
528513,3,0.0,148.17946623054846,0.0,0.0,95208.9968868525,5.466881905317011,0,0,76,57.38966049608186,4,0,0,0,0,0,16383,0.0,1
277629,3,0.0,515.7356533132142,0.0,0.0,57180.55340582054,2.633201679353732,0,0,76,199.7435596327481,4,0,0,0,0,0,16383,0.0,1
66415,2,0.0,0.0,0.0,0.0,20426.78683044729,8.099494668872964,0,0,40,0.0,0,0,0,0,0,0,16383,0.0,1
43473,2,0.0,0.0,0.0,0.0,17367.309461065972,2.7665959447120514,0,0,40,0.0,0,0,0,0,0,0,16383,0.0,1
295547,3,0.0,556.9886525310897,0.0,0.0,45045.74900918288,2.0,0,0,76,215.72077752794195,4,0,0,0,0,0,16383,0.0,1
620168,5,0.0,30.983866769659336,0.0,0.0,29951.816524635906,1.179553259999759,0,0,116,9.999999999999998,4,0,0,0,0,0,16383,0.0,1
66492,2,0.0,0.0,0.0,0.0,46464.384670583626,2.0,0,0,40,0.0,0,0,0,0,0,0,16383,0.0,1
399432,3,0.0,72.38067844494185,0.0,0.0,89534.33621889893,1.0,0,0,76,26.970227215711724,4,0,0,0,0,0,16383,0.0,1
82494,2,0.0,0.0,0.0,0.0,34212.070485144766,5.89740290826836,0,0,40,0.0,0,0,0,0,0,0,16383,0.0,1
4,0,584.7717442971132,0.0,0.0,0.0,0.0,0.0,0,0,0,584.7717442971132,0,0,0,0,0,0,0,0.0,1
160109,3,0.0,325.16344114773347,0.0,0.0,35114.71336016377,5.784622521035724,0,0,76,124.0545356149356,4,0,0,0,0,0,16383,0.0,1
45855,2,0.0,0.0,0.0,0.0,21319.755112233222,7.0,0,0,40,0.0,0,0,0,0,0,0,16383,0.0,1
1946578,5,0.0,69.71663787008946,0.0,0.0,597876.4365109851,1.5179826602230675,0,0,116,22.39394912021781,4,0,0,0,273,0,16383,0.0,1
62922,2,0.0,0.0,0.0,0.0,10489.29800770345,6.546659362250948,0,0,40,0.0,0,0,0,0,0,0,16383,0.0,1
3,0,56.0,0.0,0.0,0.0,0.0,0.0,0,0,0,56.0,0,0,0,0,0,0,0,0.0,1
237943,3,0.0,145.68555917736558,0.0,0.0,42335.81590476174,6.409801941527401,0,0,76,56.42377444768519,4,0,0,0,0,0,16383,0.0,1
729299,19,0.0,667.5349597768586,209.8842983940833,88.18168400047307,41027.36273332145,4.698567164514547,0,0,411,536.7938310238108,4,0,0,0,0,0,16383,0.0,1
116403,2,0.0,0.0,0.0,0.0,28962.66654384534,4.0,0,0,40,0.0,0,0,0,0,0,0,16383,0.0,1
469711,5,0.0,149.3670870222117,0.0,0.0,50670.59358443018,6.0,0,0,116,48.20802004237832,4,0,0,0,0,0,16383,0.0,1
2157927,42,0.0,114.68229840537826,1460.0,1085.0832165691556,194998.1040343295,1.0,0,0,858,766.5036484733952,4,0,0,0,0,0,16383,0.0,1
2886678,223,0.0,46.79360230335678,1460.0,1288.9059680335235,94638.16278413756,1.0,0,0,4479,1089.3401263876976,4,0,0,0,0,0,16383,0.0,1
1496195,17,0.0,623.7929265940296,67.75447720230437,24.35414387916932,84539.30867277886,2.0,0,0,363,679.3212295391347,4,0,0,0,0,0,16383,0.0,1
96429,2,0.0,0.0,0.0,0.0,35855.80288131997,6.251790745394514,0,0,40,0.0,0,0,0,0,0,0,16383,0.0,1
20496,2,0.0,0.0,0.0,0.0,2920.346021887158,8.313449021871104,0,0,40,0.0,0,0,0,0,0,0,16383,0.0,1
10,0,695.0766294054611,0.0,0.0,0.0,0.0,0.0,0,0,0,695.0766294054611,0,0,0,0,0,0,0,0.0,1
10,0,524.4407818682315,0.0,0.0,0.0,0.0,0.0,0,0,0,524.4407818682315,0,0,0,0,0,0,0,0.0,1
1639571,228,0.0,24.91109519788882,1460.0,1241.4356923509874,62148.189306130094,1.0,0,0,4588,1046.6158431521158,4,0,0,0,0,0,16383,0.0,1
1,0,62.96508804634928,0.0,0.0,0.0,0.0,0.0,0,0,0,62.96508804634928,0,0,0,0,0,0,0,0.0,1
11167621,7,0.0,85.00882265678811,824.3057000875425,235.37038882672124,2958327.1650810675,5.919859217724384,0,0,168,134.1135022940161,4,0,0,0,5408,826,16383,201314.53241819303,1
6,0,56.0,0.0,0.0,0.0,0.0,0.0,0,0,0,56.0,0,0,0,0,0,0,0,0.0,1
369428,3,0.0,80.55805360111427,0.0,0.0,65387.60453090291,5.623013832713158,0,0,76,31.2,4,0,0,0,0,0,16383,0.0,1
776610,7,0.0,107.48186272512672,497.6707922917423,142.1916549404978,209742.98665933224,8.0,0,0,156,99.86457023559258,4,0,0,0,0,0,16383,0.0,1
148001,3,0.0,641.3217639093531,0.0,0.0,29684.31399443708,8.079715073187286,0,0,76,309.077680733004,4,0,0,0,0,0,16383,0.0,1
3347015,5,0.0,58.802510234694815,0.0,0.0,512298.52252927306,1.0,0,0,116,18.97842857118035,4,0,0,0,186,0,16383,0.0,1
10,0,56.0,0.0,0.0,0.0,0.0,0.0,0,0,0,56.0,0,0,0,0,0,0,0,0.0,1
37087,2,0.0,0.0,0.0,0.0,15781.391986705818,3.697338988010321,0,0,40,0.0,0,0,0,0,0,0,16383,0.0,1
181716,8,0.0,97.09334971287886,1460.0,854.295011457556,33179.66585648875,1.8738846776245892,0,0,190,469.7483735593194,4,0,0,0,0,0,16383,0.0,1
413651,5,0.0,82.56334260045719,343.7243514941771,137.48974059767082,75544.01245218472,3.326886109893907,0,0,116,86.73153165386077,4,0,0,0,0,0,16383,0.0,1
18000,2,0.0,0.0,0.0,0.0,2603.7206318313797,8.532694426209305,0,0,40,0.0,0,0,0,0,0,0,16383,0.0,1
711735,5,0.0,30.983866769659336,0.0,0.0,52398.39056277988,5.7807503902779445,0,0,116,9.999999999999998,4,0,0,0,0,0,16383,0.0,1
7,0,56.0,0.0,0.0,0.0,0.0,0.0,0,0,0,56.0,0,0,0,0,0,0,0,0.0,1
82624,2,0.0,0.0,0.0,0.0,31309.84785886889,6.351317046642635,0,0,40,0.0,0,0,0,0,0,0,16383,0.0,1
43605,2,0.0,0.0,0.0,0.0,18026.52150009409,2.201502163421595,0,0,40,0.0,0,0,0,0,0,0,16383,0.0,1
4,0,56.0,0.0,0.0,0.0,0.0,0.0,0,0,0,56.0,0,0,0,0,0,0,0,0.0,1
649793,5,0.0,29.277002188455995,0.0,0.0,197989.1756677857,2.131287972004824,0,0,116,9.23076923076923,4,0,0,0,0,0,16383,0.0,1
16556,2,0.0,0.0,0.0,0.0,3272.563700500344,6.380616577789622,0,0,40,0.0,0,0,0,0,0,0,16383,0.0,1
1429424,18,0.0,192.9812271555348,314.1566477816432,103.42657311234302,79158.43216748144,1.798205051747543,0,0,387,124.79541521817691,4,0,0,0,0,0,16383,0.0,1
768582,7,0.0,89.9176902674944,686.5858610639207,196.16738887540595,220746.83842890733,7.726479493150586,0,0,156,116.11497201278463,4,0,0,0,0,0,16383,0.0,1
750972,7,0.0,0.0,1460.0,475.1428571428572,291062.1335085536,5.718799798137552,0,0,156,255.84615384615387,4,0,0,0,0,0,16383,0.0,1
2270673,16,0.0,87.05810208302125,469.56234377703726,110.9813835420407,170818.19937853317,2.676398368910006,0,0,341,105.02068749982104,4,0,0,0,0,0,16383,0.0,1
616580,5,0.0,30.983866769659336,0.0,0.0,29468.88172712388,1.6990336803683783,0,0,116,9.999999999999998,4,0,0,0,0,0,16383,0.0,1
31191,2,0.0,0.0,0.0,0.0,8169.546083539373,2.104268632301281,0,0,40,0.0,0,0,0,0,0,0,16383,0.0,1
190524,9,0.0,438.24659228671567,1460.0,963.0028671502172,35034.96851531567,2.0,0,0,196,615.4883709503865,4,0,0,0,0,0,16383,0.0,1
108716,2,0.0,0.0,0.0,0.0,76077.84814385895,4.94831589175816,0,0,40,0.0,0,0,0,0,0,0,16383,0.0,1
214361,5,0.0,210.62413358990543,356.9321208779752,142.77284835119008,41847.1240714127,5.677368656451887,0,0,116,121.32048404333952,4,0,0,0,0,0,16383,0.0,1
2433429,45,0.0,370.1092211211778,624.4772195860522,407.5145804155387,86667.9252671368,1.616621978165275,0,0,918,813.1832439902364,4,0,0,0,0,0,16383,0.0,1
65322,2,0.0,0.0,0.0,0.0,32691.134738627505,6.959666147861548,0,0,40,0.0,0,0,0,0,0,0,16383,0.0,1
786928,17,0.0,412.8165474935769,558.4158000236032,188.23867880620455,53353.39424656652,1.3261702541282534,0,0,369,236.47241884143503,4,0,0,0,0,0,16383,0.0,1
77380,2,0.0,0.0,0.0,0.0,43298.21335745962,6.0628860108177305,0,0,40,0.0,0,0,0,0,0,0,16383,0.0,1
3,0,56.0,0.0,0.0,0.0,0.0,0.0,0,0,0,56.0,0,0,0,0,0,0,0,0.0,1
143971,2,0.0,0.0,0.0,0.0,61364.973075622,1.107418656864123,0,0,40,0.0,0,0,0,0,0,0,16383,0.0,1
148539,2,0.0,0.0,0.0,0.0,74612.02197999385,5.954513177051929,0,0,40,0.0,0,0,0,0,0,0,16383,0.0,1
1020800,5,0.0,65.8956238832755,314.8121669243379,125.92486676973516,402562.21337643056,4.521412520173062,0,0,116,78.0148593005517,4,0,0,0,0,0,16383,0.0,1
79379,2,0.0,0.0,0.0,0.0,43081.47349574263,10.185860504452414,0,0,40,0.0,0,0,0,0,0,0,16383,0.0,1
17798,2,0.0,0.0,0.0,0.0,3335.434266976516,7.230938866840276,0,0,40,0.0,0,0,0,0,0,0,16383,0.0,1
1153725,5,0.0,136.14552108558468,251.62852123893285,100.65140849557314,255286.0319220577,3.851011318543685,0,0,116,81.63750946967893,4,0,0,0,0,0,16383,0.0,1
261347,3,0.0,100.8147582650456,0.0,0.0,51493.46586047607,4.607504361484772,0,0,76,38.78697711144727,4,0,0,0,0,0,16383,0.0,1
1510468,59,0.0,74.30606491674212,1429.3266307999131,1177.0358758462344,148951.2377392662,1.0420183139727217,0,0,1214,958.062836214886,4,0,0,0,0,0,16383,0.0,1
857072,6,0.0,352.02814632768275,1453.6646392225102,775.9589778192363,186183.15451337345,2.172156542866573,0,0,154,456.9868309935356,4,0,0,0,0,0,16383,0.0,1
57787,2,0.0,0.0,0.0,0.0,8636.121455676272,4.770872250864919,0,0,40,0.0,0,0,0,0,0,0,16383,0.0,1
72846,2,0.0,0.0,0.0,0.0,35300.87027007777,9.44996572960487,0,0,40,0.0,0,0,0,0,0,0,16383,0.0,1
883576,117,0.0,135.12080672889425,1460.0,1240.6324786324783,68919.93617937916,1.0,0,0,2356,1036.1134751773054,4,0,0,0,0,0,16383,0.0,1
379486,5,0.0,120.70015233240431,0.0,0.0,34823.490967065765,5.653173729617439,0,0,116,38.95580665567501,4,0,0,0,0,0,16383,0.0,1
569438,5,0.0,94.43455366950344,927.153452408404,370.8613809633616,110913.45256242897,5.461636897898977,0,0,116,172.4133379722705,4,0,0,0,0,0,16383,0.0,1
963394,5,0.0,119.42360293946663,332.6416544714309,133.05666178857234,222542.54131288017,1.5206218823243771,0,0,116,89.24384281999326,4,0,0,0,0,0,16383,0.0,1
441171,7,0.0,119.92752974151688,115.18524819418651,48.8214215801552,56259.03580615504,2.3879727543978864,0,0,164,59.57158092807852,4,0,0,0,0,0,16383,0.0,1
1697478,5,0.0,50.94365257040158,0.0,0.0,144205.35542572013,2.1704341685716315,0,0,116,16.4419931666785,4,0,0,0,0,0,16383,0.0,1
8,0,730.9717385473477,0.0,0.0,0.0,0.0,0.0,0,0,0,730.9717385473477,0,0,0,0,0,0,0,0.0,1
772989,7,0.0,115.94627535609597,671.1157952409096,191.74737006883132,221112.27296476444,7.935394489667798,0,0,156,122.36803981425592,4,0,0,0,0,0,16383,0.0,1
2811495,17,0.0,187.1404572061016,1125.664362079602,158.22593338949557,280604.91527874704,1.2485766824686977,0,0,375,226.23153026443708,4,0,0,0,9919,2731,16383,0.0,1
2099922,19,0.0,670.0913831470447,186.37456655932212,93.26412816352295,127258.93017230408,1.0,0,0,412,498.58299240194566,4,0,0,0,0,0,16383,0.0,1
48628,2,0.0,0.0,0.0,0.0,17562.386354751954,5.736320634867545,0,0,40,0.0,0,0,0,0,0,0,16383,0.0,1
2766728,20,0.0,529.0052635571245,74.79912242395301,24.53471675731024,141976.9145478504,1.726807863998854,0,0,432,651.4316037285104,4,0,0,0,0,0,16383,0.0,1
79021,2,0.0,0.0,0.0,0.0,29768.30039385975,6.814543517574167,0,0,40,0.0,0,0,0,0,0,0,16383,0.0,1
545021,3,0.0,67.03935681920977,0.0,0.0,106676.82874766162,2.928967434164249,0,0,76,25.964231250125607,4,0,0,0,0,0,16383,0.0,1
2325021,178,0.0,203.6487013693337,1011.5670952166612,853.0987490654966,55129.13859775309,1.0,0,0,3587,1054.6458553444802,4,0,0,0,0,0,16383,0.0,1
95550,2,0.0,0.0,0.0,0.0,20146.83058919486,8.0,0,0,40,0.0,0,0,0,0,0,0,16383,0.0,1
3,0,81.53063259905078,0.0,0.0,0.0,0.0,0.0,0,0,0,81.53063259905078,0,0,0,0,0,0,0,0.0,1
255728,36,0.0,80.50354023205131,1460.0,1216.937722132059,32846.77522528975,1.9294034838491536,0,0,736,922.9400762900448,4,0,0,0,0,0,16383,0.0,1
205790,3,0.0,490.7945249488049,0.0,0.0,40208.79383072861,9.59039518188758,0,0,76,190.0839021536502,4,0,0,0,0,0,16383,0.0,1
1041560,28,0.0,612.5079714363674,112.21201178868466,30.73166577187845,28182.150168167835,2.0,0,0,587,841.8678789039255,4,0,0,0,0,0,16383,0.0,1
733049,3,0.0,42.43074415163792,0.0,0.0,192306.3529200889,10.954184213587856,0,0,76,16.43335654664814,4,0,0,0,0,0,16383,0.0,1
3,0,56.0,0.0,0.0,0.0,0.0,0.0,0,0,0,56.0,0,0,0,0,0,0,0,0.0,1
3044107,7,30.638842939489653,90.77920508857105,44.1434380979636,17.934545487630636,117591.221775298,0.7744462824204139,0,0,153,57.08916212369456,1,0,0,0,0,0,6343,0.0,1
736720,5,0.0,68.4728170065905,204.06192540173797,81.62477016069516,112507.2489388865,3.8689381717596056,0,0,116,65.49063844083997,4,0,0,0,0,0,16383,0.0,1
2978223,32,0.0,596.7944307690645,114.9550957564597,28.65749622589232,77851.56753304909,1.0,0,0,660,884.1630185628201,4,0,0,0,0,0,16383,0.0,1
1132281,9,0.0,16.208416138110678,34.18758432489829,19.246172939946245,153767.316488885,5.948840638664103,0,0,196,15.969141972527554,4,0,0,0,0,0,16383,0.0,1
662287,5,0.0,97.1370275442705,712.9004269584145,285.16017078336586,145468.20215488074,5.786112932600361,0,0,116,140.30339918738076,4,0,0,0,0,0,16383,0.0,1
2190993,5,0.0,39.22496754326694,53.07688233482207,15.164823524234883,551630.6813397912,5.2823238422065,0,0,127,21.552576151685624,4,0,0,0,86,0,16383,0.0,1
475517,3,0.0,127.0792666176059,0.0,0.0,98994.76469603417,7.116911813424954,0,0,76,47.351817760176765,4,0,0,0,0,0,16383,0.0,1
294063,10,0.0,469.5186659991123,584.9685043529823,288.81181177040025,45496.22819767689,2.6227982175423614,0,0,220,478.67821880116696,4,0,0,0,0,0,16383,0.0,1
9,0,56.0,0.0,0.0,0.0,0.0,0.0,0,0,0,56.0,0,0,0,0,0,0,0,0.0,1
45464,2,0.0,0.0,0.0,0.0,21793.953468862343,8.13093807339101,0,0,40,0.0,0,0,0,0,0,0,16383,0.0,1
76118,2,0.0,0.0,0.0,0.0,25111.85600569267,5.521865312740081,0,0,40,0.0,0,0,0,0,0,0,16383,0.0,1
643362,10,0.0,95.2097822505362,1460.0,771.742295255067,104656.40411519622,1.1806575413113032,0,0,221,430.6339487125848,4,0,0,0,0,0,16383,0.0,1
77668,2,0.0,0.0,0.0,0.0,22707.96033856532,7.686117062385677,0,0,40,0.0,0,0,0,0,0,0,16383,0.0,1
79404,2,0.0,0.0,0.0,0.0,43068.68467582096,10.124913166356482,0,0,40,0.0,0,0,0,0,0,0,16383,0.0,1
34915848,61,0.0,26.97312929300776,476.2819401921601,407.0976782591425,9043811.36390271,3.695117972076274,0,0,1251,331.82845722366284,4,0,0,0,173,36435,16383,112625.57097672268,1
46812,2,0.0,0.0,0.0,0.0,17707.45623848121,4.219038829466097,0,0,40,0.0,0,0,0,0,0,0,16383,0.0,1
61490,2,0.0,0.0,0.0,0.0,8893.88254360344,2.0,0,0,40,0.0,0,0,0,0,0,0,16383,0.0,1
213045,3,0.0,503.2506702366476,0.0,0.0,40839.827835299344,9.216422753532893,0,0,76,194.90814647942568,4,0,0,0,0,0,16383,0.0,1
99154,2,0.0,0.0,0.0,0.0,26629.48122377561,5.887985492514001,0,0,40,0.0,0,0,0,0,0,0,16383,0.0,1
2915556,199,0.0,50.19882117366847,1460.0,1265.24422479487,99731.92985960506,1.0,0,0,4013,1064.0365637840443,4,0,0,0,0,0,16383,0.0,1
978181,14,0.0,703.0277916124786,59.38486889922248,19.58482597844138,95586.42403129544,1.7716687476313893,0,0,303,583.8398579667141,4,0,0,0,0,0,16383,0.0,1
232515,3,0.0,160.92856373771917,0.0,0.0,48281.12381182265,10.175373961710632,0,0,76,62.32736472852651,4,0,0,0,0,0,16383,0.0,1
10,0,528.2992233722038,0.0,0.0,0.0,0.0,0.0,0,0,0,528.2992233722038,0,0,0,0,0,0,0,0.0,1
118813547,0,29.0,0.0,0.0,0.0,2985630.087690422,0.0,0,0,0,29.0,0,0,0,0,59,0,0,3.0,1
56979,2,0.0,0.0,0.0,0.0,22840.91376569952,2.6720802087707143,0,0,40,0.0,0,0,0,0,0,0,16383,0.0,1
45109,2,0.0,0.0,0.0,0.0,22211.87948936349,7.709594579312777,0,0,40,0.0,0,0,0,0,0,0,16383,0.0,1
3,0,56.0,0.0,0.0,0.0,0.0,0.0,0,0,0,56.0,0,0,0,0,0,0,0,0.0,1
103649,2,0.0,0.0,0.0,0.0,28185.067185731164,1.0573918436882734,0,0,40,0.0,0,0,0,0,0,0,16383,0.0,1
411914,3,0.0,673.3842499232875,0.0,0.0,46377.42990474976,8.333228992736817,0,0,92,712.6816449839206,4,0,0,0,0,0,16383,0.0,1
4,0,843.0575735018358,0.0,0.0,0.0,0.0,0.0,0,0,0,843.0575735018358,0,0,0,0,0,0,0,0.0,1
720554,5,0.0,30.983866769659336,0.0,0.0,45284.32558338159,5.0,0,0,116,9.999999999999998,4,0,0,0,0,0,16383,0.0,1
30984,2,0.0,0.0,0.0,0.0,8014.0586818377,3.413151919590916,0,0,40,0.0,0,0,0,0,0,0,16383,0.0,1
270029,5,0.0,91.14445202746336,303.826293341129,121.53051733645158,49381.34486685415,3.0115647705349224,0,0,116,76.56577351786491,4,0,0,0,0,0,16383,0.0,1
3701165,19,0.0,14.527536313729724,101.67733872167716,38.36330008899482,279325.08924814203,1.4193346804192883,0,0,396,24.27690348954134,4,0,0,0,245,728,16383,0.0,1
3,0,56.0,0.0,0.0,0.0,0.0,0.0,0,0,0,56.0,0,0,0,0,0,0,0,0.0,1
6824454,21,0.0,376.13715036143833,62.34047650087983,20.10897752730217,542273.5163937024,1.410731543491012,0,0,443,465.8835407313378,4,0,0,0,38768,399,16383,0.0,1
744438,5,0.0,29.449041542462908,0.0,0.0,51465.30171902697,6.504637287977435,0,0,116,9.504637287977436,4,0,0,0,0,0,16383,0.0,1
66459,2,0.0,0.0,0.0,0.0,20328.664955565207,8.007353044554428,0,0,40,0.0,0,0,0,0,0,0,16383,0.0,1
748770,5,0.0,18.606098113114157,0.0,0.0,107284.18433040906,4.157959201057178,0,0,116,6.005092344166029,4,0,0,0,0,0,16383,0.0,1
37597,2,0.0,0.0,0.0,0.0,15770.789946151475,3.3546292842211023,0,0,40,0.0,0,0,0,0,0,0,16383,0.0,1
44839,2,0.0,0.0,0.0,0.0,22312.556211279243,7.076801754652689,0,0,40,0.0,0,0,0,0,0,0,16383,0.0,1
1,0,56.0,0.0,0.0,0.0,0.0,0.0,0,0,0,56.0,0,0,0,0,0,0,0,0.0,1
564452,3,0.0,228.10718929221093,0.0,0.0,74374.64679025656,7.0,0,0,76,88.34553452789159,4,0,0,0,0,0,16383,0.0,1
10,0,56.0,0.0,0.0,0.0,0.0,0.0,0,0,0,56.0,0,0,0,0,0,0,0,0.0,1
638921,5,0.0,29.277002188455995,0.0,0.0,200355.07585196165,2.0,0,0,116,9.23076923076923,4,0,0,0,0,0,16383,0.0,1
9,0,507.512723831771,0.0,0.0,0.0,0.0,0.0,0,0,0,507.512723831771,0,0,0,0,0,0,0,0.0,1
66727,2,0.0,0.0,0.0,0.0,46729.49675112248,4.869047503463026,0,0,40,0.0,0,0,0,0,0,0,16383,0.0,1
697907,7,0.0,135.69276651902692,191.08964934437887,54.597042669822535,168559.45006258323,3.6717194755031057,0,0,156,76.32941908733929,4,0,0,0,0,0,16383,0.0,1
514011,7,0.0,106.071768282948,337.0456496877623,96.29875705364636,147534.56098294372,3.5956093626821453,0,0,156,73.9237449517988,4,0,0,0,0,0,16383,0.0,1
383168,3,0.0,70.88278758568286,0.0,0.0,73212.12072344529,6.18619759873584,0,0,76,26.412088528889623,4,0,0,0,0,0,16383,0.0,1
6,0,38.16353022385528,0.0,0.0,0.0,0.0,0.0,0,0,0,38.16353022385528,0,0,0,0,0,0,0,0.0,1
100459,2,0.0,0.0,0.0,0.0,70266.40403025436,6.049783270136329,0,0,40,0.0,0,0,0,0,0,0,16383,0.0,1
705965,5,0.0,30.983866769659336,0.0,0.0,41238.25587131991,4.544203742607343,0,0,116,9.999999999999998,4,0,0,0,0,0,16383,0.0,1
186443,3,0.0,102.69499813644556,0.0,0.0,35095.75826449762,8.800236840110763,0,0,76,39.77360175212553,4,0,0,0,0,0,16383,0.0,1
1000753,5,0.0,30.983866769659336,0.0,0.0,75331.9070012416,2.6971662542903503,0,0,116,9.999999999999998,4,0,0,0,0,0,16383,0.0,1
2009270,415,0.0,83.8197012873333,1460.0,1300.5933260188908,42042.00391294076,1.0,0,0,8333,1114.0210236551666,4,0,0,0,0,0,16383,0.0,1
114534335,0,29.0,0.0,0.0,0.0,4460048.757949245,0.0,0,0,0,29.0,0,0,0,0,61,0,0,1.0,1
40837,2,0.0,0.0,0.0,0.0,12829.625540149778,8.922239763345072,0,0,40,0.0,0,0,0,0,0,0,16383,0.0,1
795335,5,0.0,30.77084058201054,0.0,0.0,70261.34876213943,2.27501562568995,0,0,116,9.931246093577512,4,0,0,0,0,0,16383,0.0,1
184605,3,0.0,44.27660698831455,0.0,0.0,34592.408138329425,6.848020786143177,0,0,76,17.14825614923132,4,0,0,0,0,0,16383,0.0,1
11,0,504.0,0.0,0.0,0.0,0.0,0.0,0,0,0,504.0,0,0,0,0,0,0,0,0.0,1
5,0,954.9728976363716,0.0,0.0,0.0,0.0,0.0,0,0,0,954.9728976363716,0,0,0,0,0,0,0,0.0,1
60467,2,0.0,0.0,0.0,0.0,24880.51532575909,7.368043171124901,0,0,40,0.0,0,0,0,0,0,0,16383,0.0,1
21706,2,0.0,0.0,0.0,0.0,3197.877284539873,6.958787656953097,0,0,40,0.0,0,0,0,0,0,0,16383,0.0,1
8,0,24.0,0.0,0.0,0.0,0.0,0.0,0,0,0,24.0,0,0,0,0,0,0,0,0.0,1
34945081,2508,0.0,70.80392879119808,1441.9785999395551,1250.9014420053477,97491.58482466378,0.054610303213469,0,0,50176,1079.6788357610733,0,0,0,0,0,0,16383,0.0,1
483800,5,0.0,62.98746511104385,192.66214361590585,77.06485744636232,67008.58946692248,5.0,0,0,116,56.74355508343638,4,0,0,0,0,0,16383,0.0,1
795475,0,703.9881240428823,0.0,58.48617070761601,58.48617070761601,121147.22858771204,4.3864628030712005,0,0,7,720.7541596457321,0,0,0,0,33,116,0,0.0,1
162248,3,0.0,111.64501681023695,0.0,0.0,31220.099888278037,2.745261125389495,0,0,76,43.23992907930948,4,0,0,0,0,0,16383,0.0,1
18302,2,0.0,0.0,0.0,0.0,2478.876275212093,6.775338422096677,0,0,40,0.0,0,0,0,0,0,0,16383,0.0,1
503396,3,0.0,31.76732472286092,0.0,0.0,118612.2011418411,6.715715567034978,0,0,76,11.885521635467915,4,0,0,0,0,0,16383,0.0,1
1587312,15,0.0,505.12991621334686,0.0,0.0,65517.02070366561,1.3049031243850635,0,0,331,1019.5127010245534,4,0,0,0,0,0,16383,0.0,1
3,0,24.0,0.0,0.0,0.0,0.0,0.0,0,0,0,24.0,0,0,0,0,0,0,0,0.0,1
30306,2,0.0,0.0,0.0,0.0,8842.597229697345,4.129071246930882,0,0,40,0.0,0,0,0,0,0,0,16383,0.0,1
323482,3,0.0,116.64177283603348,0.0,0.0,70494.80532640792,7.0,0,0,76,45.17516436660664,4,0,0,0,0,0,16383,0.0,1
1357819,7,0.0,86.85985696396965,229.6298055475108,65.60851587071735,265127.01776680024,5.560096174080087,0,0,156,60.46592145889673,4,0,0,0,0,0,16383,0.0,1
8280,2,0.0,0.0,0.0,0.0,2191.740346732255,7.0,0,0,40,0.0,0,0,0,0,0,0,16383,0.0,1
43319,2,0.0,0.0,0.0,0.0,8277.5320427792,2.0,0,0,40,0.0,0,0,0,0,0,0,16383,0.0,1
801647,11,0.0,528.5697705093933,0.0,0.0,46114.34090758011,1.166184999609749,0,0,236,1003.0942229425216,4,0,0,0,0,0,16383,0.0,1
1859879,16,0.0,67.10595725870093,584.1002358655478,142.94605351112503,133462.85323219298,2.998188429531137,0,0,342,103.6586536267842,4,0,0,0,0,0,16383,0.0,1
1655893,6,0.0,94.9376793307552,575.8860089838561,167.2989056639526,424535.9125757152,2.0,0,0,153,103.89764247615705,4,0,0,0,389,1151,16383,0.0,1
110786,2,0.0,0.0,0.0,0.0,53294.20629516733,2.3139465748199517,0,0,40,0.0,0,0,0,0,0,0,16383,0.0,1
616520,5,0.0,29.277002188455995,0.0,0.0,199425.82312770135,1.071255544272188,0,0,116,9.23076923076923,4,0,0,0,0,0,16383,0.0,1
28407,2,0.0,0.0,0.0,0.0,3585.512598590034,4.396613190357494,0,0,40,0.0,0,0,0,0,0,0,16383,0.0,1
860000,5,0.0,23.42937484449984,202.7120135373567,81.08480541494268,296742.74013478856,5.925016490259095,0,0,116,42.499766712937856,4,0,0,0,0,0,16383,0.0,1
1089080,17,0.0,6.222581030985954,1264.2643995151493,162.6186864557285,91249.8073979478,3.217719816412981,0,0,360,82.44543566071913,4,0,0,0,0,0,16383,0.0,1
352047,5,0.0,64.86634610599596,188.1917273134493,75.27669092537973,55476.661958026176,3.0,0,0,116,60.74167533049276,4,0,0,0,0,0,16383,0.0,1
819110,5,0.0,88.17729072331576,428.16206803142086,171.26482721256835,165111.54768581828,5.870985969486426,0,0,116,93.67257528845003,4,0,0,0,0,0,16383,0.0,1
899400,21,0.0,682.7758393588846,113.27690308544442,43.64224933903127,38029.64629409372,1.0325768335816965,0,0,436,645.7327752977593,4,0,0,0,0,0,16383,0.0,1
126339,2,0.0,0.0,0.0,0.0,19037.85423250675,1.150526050959922,0,0,40,0.0,0,0,0,0,0,0,16383,0.0,1
115605,2,0.0,0.0,0.0,0.0,46060.66096252966,4.483472798937836,0,0,40,0.0,0,0,0,0,0,0,16383,0.0,1
1534453,26,0.0,431.1714190794887,408.1331574643759,336.09348493641744,107449.70094202356,1.720456741462756,0,0,544,934.6739355530142,4,0,0,0,0,0,16383,0.0,1
8189392,7,0.0,142.8959096865373,413.27675194432845,118.07907198409386,2632819.350834671,3.127300013181888,0,0,156,90.30801150555683,4,0,0,0,545,590,16383,186571.77769800957,1
9,0,56.0,0.0,0.0,0.0,0.0,0.0,0,0,0,56.0,0,0,0,0,0,0,0,0.0,1
225097,5,0.0,173.7839094994493,817.3393451767652,326.93573807070607,44367.60035583781,8.881914360540812,0,0,116,180.536981244328,4,0,0,0,0,0,16383,0.0,1
771026,7,0.0,86.33906737376559,193.19662040787583,55.19903440225024,176710.1967257664,6.868919728082789,0,0,156,63.4624925152342,4,0,0,0,0,0,16383,0.0,1
678512,5,0.0,106.7698937320228,183.95061478328157,73.58024591331264,158679.3362854385,7.451028793760418,0,0,116,61.96365902385181,4,0,0,0,0,0,16383,0.0,1
1911054,19,0.0,722.0017636818354,128.2688668547391,52.21826080995562,108878.81972927044,1.0,0,0,401,511.202024169891,4,0,0,0,0,0,16383,0.0,1
195472,9,0.0,348.09870028638363,1460.0,964.67749989522,36255.76371374074,3.596838152086548,0,0,196,594.6398586158012,4,0,0,0,0,0,16383,0.0,1
106839549,0,90.08599364718012,12.342086492130903,0.0,0.0,3389719.7508900664,0.0,0,0,0,110.78183428858048,0,0,0,0,440,0,0,2.182309554461551,1
58912,2,0.0,0.0,0.0,0.0,19662.312801959022,5.858240997155769,0,0,40,0.0,0,0,0,0,0,0,16383,0.0,1
1180249,5,0.0,93.29515476238105,0.0,0.0,217256.17333899383,6.972893347663767,0,0,116,30.110881723045456,4,0,0,0,0,0,16383,0.0,1
1024341,37,0.0,27.628943355482008,1460.0,859.3378392264133,75436.5994516699,1.0,0,0,765,585.0058835208799,4,0,0,0,0,0,16383,0.0,1
768536,5,0.0,30.983866769659336,0.0,0.0,51085.20594303888,1.042052898166614,0,0,116,9.999999999999998,4,0,0,0,0,0,16383,0.0,1
428724,3,0.0,683.9767147916596,0.0,0.0,47235.74089358711,9.047559577509936,0,0,85,702.341890155841,4,0,0,0,0,0,16383,0.0,1
416077,3,0.0,136.180892843768,0.0,0.0,88864.56785667042,12.612958419245595,0,0,76,52.74263300555701,4,0,0,0,0,0,16383,0.0,1
76553,2,0.0,0.0,0.0,0.0,17012.250431113152,7.865679842114345,0,0,40,0.0,0,0,0,0,0,0,16383,0.0,1
629032,5,0.0,30.983866769659336,0.0,0.0,34252.75628540153,4.464457526902201,0,0,116,9.999999999999998,4,0,0,0,0,0,16383,0.0,1
91107,2,0.0,0.0,0.0,0.0,47363.346084903365,5.861900355705923,0,0,40,0.0,0,0,0,0,0,0,16383,0.0,1
2325332,167,0.0,232.02586764751385,934.5683648583577,781.7035720952038,53199.13274771591,1.0,0,0,3365,1049.7537749823236,4,0,0,0,0,0,16383,0.0,1
3,0,569.8517144788925,0.0,0.0,0.0,0.0,0.0,0,0,0,569.8517144788925,0,0,0,0,0,0,0,0.0,1
1480933,8,0.0,684.9759437927689,52.74207712952944,21.454404256079773,273933.06105853734,1.8939335106699904,0,0,177,388.787525625068,4,0,0,0,0,0,16383,0.0,1
3439602,0,50.0,0.0,0.0,0.0,96055.119358567,0.0,0,0,0,50.0,0,0,0,0,0,0,0,0.0,1
1076632,43,0.0,242.8459248134023,898.0018408614591,724.1085133575662,65045.38643027964,1.0,0,0,881,967.1592387311516,4,0,0,0,0,0,16383,0.0,1
963989,5,0.0,30.983866769659336,0.0,0.0,78650.47859734064,7.634537810729321,0,0,116,9.999999999999998,4,0,0,0,0,0,16383,0.0,1
560049,4,0.0,664.4108682464505,0.0,0.0,39608.31819780754,3.9241169978827033,0,0,114,222.99818668697253,4,0,0,0,0,0,16383,0.0,1
575940,5,0.0,38.67057100128186,0.0,0.0,82495.89944764014,7.508959040422048,0,0,116,12.480873123024676,4,0,0,0,0,0,16383,0.0,1
191787,7,0.0,93.80605083181835,1460.0,826.3446561222072,35141.422414086905,1.452824805284327,0,0,174,434.3430175486531,4,0,0,0,0,0,16383,0.0,1
65890,2,0.0,0.0,0.0,0.0,11595.783952931894,5.606528420357371,0,0,40,0.0,0,0,0,0,0,0,16383,0.0,1
969593,16,0.0,684.1335845343247,155.93425246104243,84.34500004073448,60408.96851380731,1.0,0,0,353,612.321362906171,4,0,0,0,0,0,16383,0.0,1
12,0,793.5709573492015,0.0,0.0,0.0,0.0,0.0,0,0,0,793.5709573492015,0,0,0,0,0,0,0,0.0,1
902990,21,0.0,678.7993745980092,119.56306763114095,41.23557056889569,37285.20111189419,3.0,0,0,452,662.1928265997019,4,0,0,0,0,0,16383,0.0,1
724882,5,0.0,14.413388850666696,0.0,0.0,108743.16977021976,1.7174497324813611,0,0,116,4.651901248420315,4,0,0,0,0,0,16383,0.0,1
2,0,747.0522289976549,0.0,0.0,0.0,0.0,0.0,0,0,0,747.0522289976549,0,0,0,0,0,0,0,0.0,1
2913431,179,0.0,43.91015219545582,1460.0,1290.5147444159004,105265.74772553486,1.0,0,0,3602,1080.5010979577737,4,0,0,0,0,0,16383,0.0,1
51957,2,0.0,0.0,0.0,0.0,24665.761814971243,7.002414128368691,0,0,40,0.0,0,0,0,0,0,0,16383,0.0,1
10,0,518.9508354604316,0.0,0.0,0.0,0.0,0.0,0,0,0,518.9508354604316,0,0,0,0,0,0,0,0.0,1
665351,5,0.0,82.62782208643499,244.67456727042563,102.63832519363888,97320.02432618,1.5785418182035316,0,0,132,78.03785745402143,4,0,0,0,0,0,16383,0.0,1
673575,3,0.0,45.49545553979813,0.0,0.0,123053.72931622408,9.412860790176383,0,0,76,17.62031416337581,4,0,0,0,0,0,16383,0.0,1
782479,7,0.0,128.0479841385067,264.35083159506985,75.52880902716282,195139.25831974647,8.0,0,0,156,79.05522160422697,4,0,0,0,0,0,16383,0.0,1
227117,29,0.0,94.71789411052416,1460.0,1215.6555277813875,32232.71484626113,1.5604370582271012,0,0,615,888.8329064937298,4,0,0,0,0,0,16383,0.0,1
2898522,228,0.0,52.14189043978216,1460.0,1263.80237294384,92860.3835291354,1.0,0,0,4579,1069.4053472241542,4,0,0,0,0,0,16383,0.0,1
166302,3,0.0,652.147879540208,0.0,0.0,29762.62074089149,8.741207591635476,0,0,76,360.8945946781123,4,0,0,0,0,0,16383,0.0,1
49918,2,0.0,0.0,0.0,0.0,17725.376211338527,3.215199916120913,0,0,40,0.0,0,0,0,0,0,0,16383,0.0,1
1466078,7,0.0,653.461331108951,173.1876975960401,66.3902104447491,296261.73201117024,2.5218021215355986,0,0,156,306.8669478152477,4,0,0,0,0,0,16383,0.0,1
7,0,56.0,0.0,0.0,0.0,0.0,0.0,0,0,0,56.0,0,0,0,0,0,0,0,0.0,1
48848582,5,0.0,12.171315058349572,0.0,0.0,16870584.12461001,2.133766242477824,0,0,117,3.656653937990608,4,0,0,0,55,0,16383,57493.10129805664,1
82837,2,0.0,0.0,0.0,0.0,37970.92491903807,6.612951671707372,0,0,40,0.0,0,0,0,0,0,0,16383,0.0,1
216381,5,0.0,83.78435666636179,497.9397466846576,199.17589867386303,42189.65769101464,5.99073025917809,0,0,116,103.02255111203372,4,0,0,0,0,0,16383,0.0,1
1052212,5,0.0,58.24190591893763,0.0,0.0,147430.97200715612,3.0,0,0,116,18.797494306285387,4,0,0,0,0,0,16383,0.0,1
5620685,8,0.0,130.81003028393457,114.23236871112444,26.458346181027878,1091283.920644923,1.6328322622233893,0,0,192,52.24105972164031,4,0,0,0,422,114,16383,0.0,1
97194,2,0.0,0.0,0.0,0.0,40787.97241525565,8.0,0,0,40,0.0,0,0,0,0,0,0,16383,0.0,1
2860482,17,0.0,384.7987034338397,178.68338529783742,74.38000665037136,235884.3546511892,2.621367140675184,0,0,356,123.45449207992952,4,0,0,0,0,0,16383,0.0,1
1475158,6,0.0,99.0785233241161,1321.9184662052514,493.3254614807319,331993.02094373025,7.690217316733514,0,0,153,247.6720507230254,4,0,0,0,0,41,16383,0.0,1
49792,2,0.0,0.0,0.0,0.0,24798.880349212734,7.0,0,0,40,0.0,0,0,0,0,0,0,16383,0.0,1
655673,7,0.0,0.0,1460.0,475.1428571428572,275107.5828942986,2.322895372065842,0,0,156,255.84615384615387,4,0,0,0,0,0,16383,0.0,1
556806,10,0.0,562.7155914956925,1.7664163752890047,0.5582748050296118,34219.44233928296,2.0,0,0,234,955.1654136581474,4,0,0,0,0,0,16383,0.0,1
294665,3,0.0,508.9137095623624,0.0,0.0,47156.52740467516,4.312299281798269,0,0,76,197.1014321791668,4,0,0,0,0,0,16383,0.0,1
3,0,210.8143845464274,0.0,0.0,0.0,0.0,0.0,0,0,0,210.8143845464274,0,0,0,0,0,0,0,0.0,1
9,0,56.0,0.0,0.0,0.0,0.0,0.0,0,0,0,56.0,0,0,0,0,0,0,0,0.0,1
67228,2,0.0,0.0,0.0,0.0,21538.77159557837,6.300337954386842,0,0,40,0.0,0,0,0,0,0,0,16383,0.0,1
17410,2,0.0,0.0,0.0,0.0,3261.688943814023,6.385817822049535,0,0,40,0.0,0,0,0,0,0,0,16383,0.0,1
1361845,17,0.0,244.44672233263637,179.97674508766332,66.66460827788754,88344.86302840825,2.0,0,0,366,91.35535391925411,4,0,0,0,0,0,16383,0.0,1
9,0,56.0,0.0,0.0,0.0,0.0,0.0,0,0,0,56.0,0,0,0,0,0,0,0,0.0,1
641887,5,0.0,30.983866769659336,0.0,0.0,34356.900080408064,4.137466401848723,0,0,116,9.999999999999998,4,0,0,0,0,0,16383,0.0,1
85997,2,0.0,0.0,0.0,0.0,46837.74017252045,6.076440203736951,0,0,40,0.0,0,0,0,0,0,0,16383,0.0,1
2802830,19,0.0,508.27483195536496,88.7325309244876,33.404433789807,168491.600659383,2.06664709571921,0,0,412,510.736630988933,4,0,0,0,0,0,16383,0.0,1
2655610,17,0.0,259.50098543751585,290.47577994924586,111.5029329428376,201696.8861840199,1.0,0,0,356,136.6133432310472,4,0,0,0,0,0,16383,0.0,1
3,0,56.0,0.0,0.0,0.0,0.0,0.0,0,0,0,56.0,0,0,0,0,0,0,0,0.0,1
3,0,24.0,0.0,0.0,0.0,0.0,0.0,0,0,0,24.0,0,0,0,0,0,0,0,0.0,1
5,0,52.03956403999783,0.0,0.0,0.0,0.0,0.0,0,0,0,52.03956403999783,0,0,0,0,0,0,0,0.0,1
108426,2,0.0,0.0,0.0,0.0,32655.78209912531,7.498333028294237,0,0,40,0.0,0,0,0,0,0,0,16383,0.0,1
9,0,56.0,0.0,0.0,0.0,0.0,0.0,0,0,0,56.0,0,0,0,0,0,0,0,0.0,1
1947587,51,0.0,174.68104756569616,1157.28827665853,805.369747841606,130782.1016436604,1.0,0,0,1045,698.5695884083493,4,0,0,0,0,0,16383,0.0,1
3445153,21,0.0,43.152919704497336,949.953944697973,133.05861296944494,242383.70658153915,1.0,0,0,436,96.38158638117488,4,0,0,0,0,0,16383,0.0,1
6,0,56.0,0.0,0.0,0.0,0.0,0.0,0,0,0,56.0,0,0,0,0,0,0,0,0.0,1
661006,5,0.0,30.983866769659336,0.0,0.0,35852.37004929414,4.0,0,0,116,9.999999999999998,4,0,0,0,0,0,16383,0.0,1
537462,3,0.0,31.976852601273382,0.0,0.0,114106.28119160714,7.931996194094589,0,0,76,12.384581758886114,4,0,0,0,0,0,16383,0.0,1
2982625,106,0.0,283.3714895808088,937.2545276531918,733.0220742808149,205265.22712508743,1.3886583437522737,0,0,2147,811.7741944755209,4,0,0,0,15357,115736,16383,0.0,1
110631,2,0.0,0.0,0.0,0.0,53359.55761937045,2.258052574815662,0,0,40,0.0,0,0,0,0,0,0,16383,0.0,1
43199,2,0.0,0.0,0.0,0.0,17481.50566531746,8.696199309604047,0,0,40,0.0,0,0,0,0,0,0,16383,0.0,1
59751,2,0.0,0.0,0.0,0.0,26970.15752120525,7.977224930510148,0,0,40,0.0,0,0,0,0,0,0,16383,0.0,1
9,0,56.0,0.0,0.0,0.0,0.0,0.0,0,0,0,56.0,0,0,0,0,0,0,0,0.0,1
16871,2,0.0,0.0,0.0,0.0,3285.1885020705786,5.693917900755172,0,0,40,0.0,0,0,0,0,0,0,16383,0.0,1
97099,2,0.0,0.0,0.0,0.0,26183.65938885961,6.840964524461114,0,0,40,0.0,0,0,0,0,0,0,16383,0.0,1
414194,3,0.0,138.34727407902565,0.0,0.0,91180.95228233506,8.218220174071273,0,0,76,51.55046203972708,4,0,0,0,0,0,16383,0.0,1
85614,2,0.0,0.0,0.0,0.0,59848.81012494239,2.031653935673185,0,0,40,0.0,0,0,0,0,0,0,16383,0.0,1
5,0,56.0,0.0,0.0,0.0,0.0,0.0,0,0,0,56.0,0,0,0,0,0,0,0,0.0,1
100543,2,0.0,0.0,0.0,0.0,28711.164476264887,8.576488903139866,0,0,40,0.0,0,0,0,0,0,0,16383,0.0,1
285366,15,0.0,86.88039148905347,1460.0,1151.0366689504465,46621.71299695685,2.6841388693151105,0,0,316,706.3840980345858,4,0,0,0,0,0,16383,0.0,1
118059812,0,29.0,0.0,0.0,0.0,1752877.0756906895,0.0,0,0,0,29.0,0,0,0,0,59,0,0,1356685.6023627073,1
140035,2,0.0,0.0,0.0,0.0,61642.79104018895,5.570261976681451,0,0,40,0.0,0,0,0,0,0,0,16383,0.0,1
3,0,87.86238313157097,0.0,0.0,0.0,0.0,0.0,0,0,0,87.86238313157097,0,0,0,0,0,0,0,0.0,1
1078075,9,0.0,76.20463797614461,39.45046783539681,17.411405281182393,149425.93582817455,4.018011696219343,0,0,215,29.61539791292799,4,0,0,0,0,0,16383,0.0,1
683166,11,0.0,281.3064574694285,1460.0,832.8467327663748,130593.6710002758,1.7391507540379112,0,0,236,535.0169273728376,4,0,0,0,0,0,16383,0.0,1
1017508,30,0.0,18.34731229561669,1447.6416324663458,764.8138309774639,74738.34957163283,1.0,0,0,633,493.7423794499354,4,0,0,0,0,0,16383,0.0,1
30668,2,0.0,0.0,0.0,0.0,8605.572863572217,2.9448925818964047,0,0,40,0.0,0,0,0,0,0,0,16383,0.0,1
699716,5,0.0,81.1727739592077,345.39470937055376,138.1578837482215,123190.0823610759,2.533281464417194,0,0,116,85.38686579175507,4,0,0,0,0,0,16383,0.0,1
9,0,56.0,0.0,0.0,0.0,0.0,0.0,0,0,0,56.0,0,0,0,0,0,0,0,0.0,1
2179367,7,0.0,65.55085472333342,230.01604940550283,71.72842369804664,481700.70517283335,5.867874058473261,0,0,159,63.35872671089675,4,0,0,0,0,0,16383,0.0,1
97109,2,0.0,0.0,0.0,0.0,26190.604247815336,6.855995919814569,0,0,40,0.0,0,0,0,0,0,0,16383,0.0,1
12,0,801.4977473556833,0.0,0.0,0.0,0.0,0.0,0,0,0,801.4977473556833,0,0,0,0,0,0,0,0.0,1
898850,6,0.0,99.338101672295,570.6641138606105,233.23224703814583,159147.03946314898,5.557800944820641,0,0,150,136.6660353950726,4,0,0,0,0,0,16383,0.0,1
652155,5,0.0,29.277002188455995,0.0,0.0,203618.14329990497,4.584761221223434,0,0,116,9.23076923076923,4,0,0,0,0,0,16383,0.0,1
600143,7,0.0,0.0,1460.0,475.1428571428572,252010.39571682547,3.7359592534618056,0,0,156,255.84615384615387,4,0,0,0,0,0,16383,0.0,1
26157,2,0.0,0.0,0.0,0.0,9159.686047364694,6.416894242720102,0,0,40,0.0,0,0,0,0,0,0,16383,0.0,1
457284,3,0.0,186.56371631385744,0.0,0.0,99566.44961706718,3.255886574983988,0,0,76,69.51669875572912,4,0,0,0,0,0,16383,0.0,1
653001,3,0.0,64.41976592847126,0.0,0.0,123836.34049313974,9.0,0,0,76,24.94966806075492,4,0,0,0,0,0,16383,0.0,1
641848,30,0.0,73.40993303591301,1460.0,1114.4507851833755,47679.2600101149,1.9075504829629333,0,0,632,732.1818566569193,4,0,0,0,0,0,16383,0.0,1
56955,2,0.0,0.0,0.0,0.0,20147.259081970024,5.168398819491714,0,0,40,0.0,0,0,0,0,0,0,16383,0.0,1
669146,3,0.0,76.90375501325569,0.0,0.0,122279.50695408382,10.972396954194288,0,0,76,29.784696242715444,4,0,0,0,0,0,16383,0.0,1
117647,2,0.0,0.0,0.0,0.0,25951.09625058941,3.867060182378947,0,0,40,0.0,0,0,0,0,0,0,16383,0.0,1
10,0,700.9039248376396,0.0,0.0,0.0,0.0,0.0,0,0,0,700.9039248376396,0,0,0,0,0,0,0,0.0,1
385933,5,0.0,98.20781361042827,557.6742593091238,223.06970372364952,86938.67300172498,1.16632886232446,0,0,116,116.76005930597584,4,0,0,0,0,0,16383,0.0,1
1370047,18,0.0,32.2633117797929,1404.574870621153,265.8730354270908,150669.01665977912,1.0,0,0,394,155.79625645784697,4,0,0,0,0,0,16383,0.0,1
41899,2,0.0,0.0,0.0,0.0,11039.845228077806,5.990526572285755,0,0,40,0.0,0,0,0,0,0,0,16383,0.0,1
523407,3,0.0,136.8051729313607,0.0,0.0,87384.11934218898,7.303896089045359,0,0,76,52.984415643818565,4,0,0,0,0,0,16383,0.0,1
2074905,5,0.0,135.1045831113654,0.0,0.0,601315.0154825539,2.895555740873885,0,0,116,43.60481669888449,4,0,0,0,523,0,16383,0.0,1
68660,2,0.0,0.0,0.0,0.0,21714.50345640898,3.2002666746233555,0,0,40,0.0,0,0,0,0,0,0,16383,0.0,1
87909,2,0.0,0.0,0.0,0.0,34507.396585564275,3.660634617016264,0,0,40,0.0,0,0,0,0,0,0,16383,0.0,1
237105,3,0.0,172.09384681241585,0.0,0.0,45330.41644279092,3.320997045640898,0,0,76,66.65166026892568,4,0,0,0,0,0,16383,0.0,1
60256,2,0.0,0.0,0.0,0.0,19281.30496567008,4.317341907239205,0,0,40,0.0,0,0,0,0,0,0,16383,0.0,1
23212,2,0.0,0.0,0.0,0.0,7848.710176494424,9.12661523819441,0,0,40,0.0,0,0,0,0,0,0,16383,0.0,1
287395,6,0.0,150.2772656331821,771.8153984786447,224.9473920786984,55536.57183840845,5.632627423125101,0,0,145,152.9275568293492,4,0,0,0,0,0,16383,0.0,1
2192979,43,0.0,95.14075175648216,1460.0,1042.3236510672143,207767.83357515323,1.0,0,0,886,737.4723799619538,4,0,0,0,0,0,16383,0.0,1
105457876,0,29.0,0.0,0.0,0.0,2292943.9699233416,0.0,0,0,0,29.0,0,0,0,0,60,0,0,2.896685285770718,1
170991,2,0.0,0.0,0.0,0.0,83074.3594011897,6.85211652170675,0,0,40,0.0,0,0,0,0,0,0,16383,0.0,1
802695,19,0.0,723.3187999822009,124.84113688456335,50.7847209662545,41473.17710207211,2.3862877051455453,0,0,396,529.7707497068894,4,0,0,0,0,0,16383,0.0,1
115229,2,0.0,0.0,0.0,0.0,45549.17852001958,5.767365960303603,0,0,40,0.0,0,0,0,0,0,0,16383,0.0,1
288562,3,0.0,66.48740785561674,0.0,0.0,49460.66947241438,5.421833923164239,0,0,76,25.750462335730383,4,0,0,0,0,0,16383,0.0,1
12614738,26,0.0,299.04041825116576,433.8876520337767,119.34668318816826,1791906.194538056,3.45509881334455,0,0,542,589.8893439806589,4,0,0,0,166301,497,16383,668074.5903809771,1
5,0,56.0,0.0,0.0,0.0,0.0,0.0,0,0,0,56.0,0,0,0,0,0,0,0,0.0,1
258803,5,0.0,117.33530515759492,457.3058009017875,182.922320360715,49968.72463024859,1.384515836936184,0,0,116,107.34947998669716,4,0,0,0,0,0,16383,0.0,1
42398,2,0.0,0.0,0.0,0.0,12457.325660556637,9.618939098177202,0,0,40,0.0,0,0,0,0,0,0,16383,0.0,1
281767,3,0.0,478.6807548326333,0.0,0.0,41647.854597768965,2.025095727189765,0,0,76,185.39225916167845,4,0,0,0,0,0,16383,0.0,1
27672,2,0.0,0.0,0.0,0.0,9781.92481969862,5.233340250984545,0,0,40,0.0,0,0,0,0,0,0,16383,0.0,1
1640818,230,0.0,23.701215751411837,1460.0,1239.9627710320517,61632.101341074,1.0,0,0,4622,1044.3914351507844,4,0,0,0,0,0,16383,0.0,1
84563,2,0.0,0.0,0.0,0.0,34137.0472045002,3.30617995980456,0,0,40,0.0,0,0,0,0,0,0,16383,0.0,1
1370577,18,0.0,22.407765136779176,1460.0,278.3658914351381,153214.12199444615,1.0166592315857734,0,0,393,161.0501836535895,4,0,0,0,0,0,16383,0.0,1
45551,2,0.0,0.0,0.0,0.0,21888.357416657283,8.516797447128473,0,0,40,0.0,0,0,0,0,0,0,16383,0.0,1
523855,5,0.0,119.6092487698994,0.0,0.0,53919.04743896679,4.637435778935132,0,0,116,38.60371904485002,4,0,0,0,0,0,16383,0.0,1
119491,2,0.0,0.0,0.0,0.0,21430.53113775113,2.4319693870834485,0,0,40,0.0,0,0,0,0,0,0,16383,0.0,1
60359,2,0.0,0.0,0.0,0.0,27192.26238443393,5.356053499241605,0,0,40,0.0,0,0,0,0,0,0,16383,0.0,1
6,0,56.0,0.0,0.0,0.0,0.0,0.0,0,0,0,56.0,0,0,0,0,0,0,0,0.0,1
11,0,24.0,0.0,0.0,0.0,0.0,0.0,0,0,0,24.0,0,0,0,0,0,0,0,0.0,1
1550416,13,0.0,532.0996234590235,7.947744168485759,2.8567928347552503,72400.42248350837,2.0,0,0,286,933.0729369310516,4,0,0,0,0,0,16383,0.0,1
38844,2,0.0,0.0,0.0,0.0,14305.512851541418,4.019286752250515,0,0,40,0.0,0,0,0,0,0,0,16383,0.0,1
166404,3,0.0,106.12515066490056,0.0,0.0,31025.532070384117,7.739581177221742,0,0,76,41.10209411389128,4,0,0,0,0,0,16383,0.0,1
787313,5,0.0,534.9880995561178,0.0,0.0,100933.2362543125,3.4767892343396527,0,0,116,172.66666666666669,4,0,0,0,0,0,16383,0.0,1
297459,5,0.0,446.7806114418486,206.62436625473583,82.64974650189436,46888.79891943046,3.158377992457226,0,0,116,170.3163653895111,4,0,0,0,0,0,16383,0.0,1
201769,3,0.0,145.52320385371306,0.0,0.0,38582.90435796107,9.030353805533004,0,0,76,56.36089450121777,4,0,0,0,0,0,16383,0.0,1
18908,2,0.0,0.0,0.0,0.0,3628.675483187064,7.21906431829153,0,0,40,0.0,0,0,0,0,0,0,16383,0.0,1
2,0,730.1893982902228,0.0,0.0,0.0,0.0,0.0,0,0,0,730.1893982902228,0,0,0,0,0,0,0,0.0,1
5,0,56.0,0.0,0.0,0.0,0.0,0.0,0,0,0,56.0,0,0,0,0,0,0,0,0.0,1
1511012,11,0.0,527.0627789437494,0.0,0.0,87877.50570829115,2.866221855006032,0,0,241,986.702972096435,4,0,0,0,0,0,16383,0.0,1
2158101,33,0.0,12.349454320696235,1460.0,892.8468291178812,183717.462974575,1.0,0,0,687,584.1558423545899,4,0,0,0,0,0,16383,0.0,1
619391,5,0.0,29.277002188455995,0.0,0.0,202012.0852012132,6.56400647451306,0,0,116,9.23076923076923,4,0,0,0,0,0,16383,0.0,1
2887432,55,0.0,521.0133201529077,393.9933419347171,281.3829082598847,89086.46567956796,1.0,0,0,1129,860.2820021568396,4,0,0,0,0,0,16383,0.0,1
613779,5,0.0,30.983866769659336,0.0,0.0,29791.62825987999,4.608710610267816,0,0,116,9.999999999999998,4,0,0,0,0,0,16383,0.0,1
365292,3,0.0,45.00609683780867,0.0,0.0,71562.86533959338,4.139295453116638,0,0,76,17.430786353063127,4,0,0,0,0,0,16383,0.0,1
9,0,56.0,0.0,0.0,0.0,0.0,0.0,0,0,0,56.0,0,0,0,0,0,0,0,0.0,1
6104300,17,0.0,26.189870575636476,195.85054089270005,63.54381927578038,710707.9154075887,2.6282174620615697,0,0,365,38.47258958026245,4,0,0,0,249,738,16383,0.0,1
63951,2,0.0,0.0,0.0,0.0,16512.737939661092,7.7102720162617855,0,0,40,0.0,0,0,0,0,0,0,16383,0.0,1
259592,5,0.0,97.86691375534352,567.9934754816662,227.1973901926665,49425.953777683855,3.955007084344096,0,0,116,118.24014843925389,4,0,0,0,0,0,16383,0.0,1
428664,3,0.0,462.09760961567576,0.0,0.0,87707.5869344465,6.50520001856761,0,0,76,178.96963463637687,4,0,0,0,0,0,16383,0.0,1
42520,2,0.0,0.0,0.0,0.0,16677.15272191892,12.689752748479664,0,0,40,0.0,0,0,0,0,0,0,16383,0.0,1
502943,3,0.0,99.82674837817645,0.0,0.0,112639.4949724803,3.408062905183314,0,0,76,38.66273339747156,4,0,0,0,0,0,16383,0.0,1
9,0,4.0,0.0,0.0,0.0,0.0,0.0,0,0,0,4.0,0,0,0,0,0,0,0,0.0,1
3,0,56.0,0.0,0.0,0.0,0.0,0.0,0,0,0,56.0,0,0,0,0,0,0,0,0.0,1
10,0,540.2635780121119,0.0,0.0,0.0,0.0,0.0,0,0,0,540.2635780121119,0,0,0,0,0,0,0,0.0,1
5949321,7,0.0,98.93912703673182,824.554288311639,235.83688974646225,1497306.1759841628,6.882282647177051,0,0,161,137.1376147486041,4,0,0,0,207,839,16383,0.0,1
9,0,56.0,0.0,0.0,0.0,0.0,0.0,0,0,0,56.0,0,0,0,0,0,0,0,0.0,1
1521399,44,0.0,41.17220151456549,1460.0,836.0282948073068,108064.70794968968,1.6002751655041518,0,0,915,571.438207986666,4,0,0,0,0,0,16383,0.0,1
10,0,524.7583410791808,0.0,0.0,0.0,0.0,0.0,0,0,0,524.7583410791808,0,0,0,0,0,0,0,0.0,1
473000,9,0.0,141.91320371868875,1460.0,659.3307765393841,126566.73191496196,1.0680373140916697,0,0,198,385.190714053436,4,0,0,0,0,0,16383,0.0,1
76935,2,0.0,0.0,0.0,0.0,30044.59764452936,3.584520688603124,0,0,40,0.0,0,0,0,0,0,0,16383,0.0,1
362623,7,0.0,296.5628457382164,111.4836750746995,44.95192602793438,50876.103677357496,1.2667945494338309,0,0,174,98.50458262180658,4,0,0,0,0,0,16383,0.0,1
628097,5,0.0,0.0,366.086654214493,146.4346616857972,255694.40076875532,4.964445199121637,0,0,116,66.56120985718054,4,0,0,0,0,0,16383,0.0,1
9,0,56.0,0.0,0.0,0.0,0.0,0.0,0,0,0,56.0,0,0,0,0,0,0,0,0.0,1
2457404,30,0.0,593.1728203230931,108.4002494669074,28.30258273229626,66042.21931231108,1.858322938878858,0,0,630,872.8372281002041,4,0,0,0,0,0,16383,0.0,1
884088,9,0.0,30.64668088643565,34.0,19.33333333333333,123235.94646007405,2.689728170821017,0,0,196,19.415731988154352,4,0,0,0,0,0,16383,0.0,1
7,0,56.0,0.0,0.0,0.0,0.0,0.0,0,0,0,56.0,0,0,0,0,0,0,0,0.0,1
1097010,6,0.0,128.2976060414354,305.8192828400039,87.37693795428683,225060.7054137782,2.9382969696179515,0,0,143,78.46392381307355,4,0,0,0,0,0,16383,0.0,1
893486,8,0.0,71.42107947240876,208.5614822185148,89.16984371397825,141250.28045584782,2.25133679009688,0,0,183,62.4855350701044,4,0,0,0,0,0,16383,0.0,1
622351,5,0.0,30.983866769659336,0.0,0.0,31077.580142476218,6.878188913529635,0,0,116,9.999999999999998,4,0,0,0,0,0,16383,0.0,1
79535,2,0.0,0.0,0.0,0.0,28627.92337131973,4.701565265602943,0,0,40,0.0,0,0,0,0,0,0,16383,0.0,1
1174209,5,0.0,88.22187337286105,433.6955319744329,173.47821278977315,257765.8589655832,2.9901724474302123,0,0,116,94.53793393244906,4,0,0,0,0,0,16383,0.0,1
1328288,5,0.0,73.03276170434899,0.0,0.0,144996.43751006975,2.181634825083023,0,0,116,23.571222484039872,4,0,0,0,0,0,16383,0.0,1
224027,3,0.0,200.60123722042624,0.0,0.0,46024.02057135302,5.30565488511453,0,0,76,77.69252509833142,4,0,0,0,0,0,16383,0.0,1
803739,11,0.0,522.904239636671,0.0,0.0,46864.158681337394,1.0,0,0,236,1010.3466666666671,4,0,0,0,0,0,16383,0.0,1
18420,2,0.0,0.0,0.0,0.0,2717.265852596163,5.831227363801895,0,0,40,0.0,0,0,0,0,0,0,16383,0.0,1
1,0,56.0,0.0,0.0,0.0,0.0,0.0,0,0,0,56.0,0,0,0,0,0,0,0,0.0,1
522295,49,0.0,172.50111810291202,1184.975441089486,984.654888812436,52424.87663500701,1.1883729855551466,0,0,1015,961.8702581983782,4,0,0,0,0,0,16383,0.0,1
1616836,7,0.0,259.72454914651235,1030.8815296627968,292.63227592406633,461960.298636082,2.881750281514801,0,0,172,237.0043226722921,4,0,0,0,269,2633,16383,0.0,1
979156,15,0.0,708.5836674736698,73.11856067915336,25.79812783119592,87695.73055872321,1.5536736400134388,0,0,329,573.1604351701129,4,0,0,0,0,0,16383,0.0,1
14880,2,0.0,0.0,0.0,0.0,3486.6768060355203,1.818944418957598,0,0,40,0.0,0,0,0,0,0,0,16383,0.0,1
969478,7,0.0,71.82501400454983,144.1902424065859,41.1972121161674,178504.51846444447,3.692920229224789,0,0,156,48.49236293690831,4,0,0,0,0,0,16383,0.0,1
7,0,56.0,0.0,0.0,0.0,0.0,0.0,0,0,0,56.0,0,0,0,0,0,0,0,0.0,1
179791,9,0.0,198.0572276119875,1460.0,885.2828406545781,32781.91996011997,2.0,0,0,196,516.4316841155411,4,0,0,0,0,0,16383,0.0,1
1841416,32,0.0,214.35627625057796,1008.5190504024216,517.5842946893363,92985.57510916168,1.0,0,0,661,601.4402878497308,4,0,0,0,0,0,16383,0.0,1
533049,3,0.0,70.1488192383339,0.0,0.0,81568.93533329242,7.0,0,0,76,27.168520866618163,4,0,0,0,0,0,16383,0.0,1
41413,2,0.0,0.0,0.0,0.0,17049.247192513874,26.132165998780657,0,0,40,0.0,0,0,0,0,0,0,16383,0.0,1
9,0,56.0,0.0,0.0,0.0,0.0,0.0,0,0,0,56.0,0,0,0,0,0,0,0,0.0,1
66132,2,0.0,0.0,0.0,0.0,28496.039986310887,7.014385308695464,0,0,40,0.0,0,0,0,0,0,0,16383,0.0,1
1003077,25,0.0,629.7140133636806,125.52402924403152,39.0778998856992,32108.17101906648,1.4317313837312318,0,0,533,798.1087256831698,4,0,0,0,0,0,16383,0.0,1
1868705,17,0.0,10.415720960308692,1071.3477942501138,179.9417057071974,196384.89609706367,5.626670651060473,0,0,374,97.01615850766956,4,0,0,0,0,0,16383,0.0,1
1054184,15,0.0,149.98713936282277,95.06539354050196,39.26991710832328,83983.65993702233,3.4233047424415224,0,0,332,55.00866024388319,4,0,0,0,0,0,16383,0.0,1
306841,3,0.0,646.6880562850802,0.0,0.0,34108.33092426512,2.667553194139596,0,0,89,291.57066854838206,4,0,0,0,0,0,16383,0.0,1
35839941,78,0.0,29.0378146380148,614.2024319288471,524.983970457649,8451621.923519764,3.3172536111538435,0,0,1579,426.181018700092,4,0,0,0,197,46986,16383,139631.72578402923,1
1368044,7,0.0,70.13254804855347,172.67705680576393,49.33630194450397,260143.0300745251,5.44500305407333,0,0,156,49.15541576494311,4,0,0,0,0,0,16383,0.0,1
243776,3,0.0,97.51763806003709,0.0,0.0,51407.08867914607,14.138609968824404,0,0,76,37.76841881680062,4,0,0,0,0,0,16383,0.0,1
640942,11,0.0,188.92929861699025,1460.0,874.1599183969525,144585.76244779307,2.0,0,0,236,546.8494100440373,4,0,0,0,0,0,16383,0.0,1
243236,3,0.0,109.43085316985248,0.0,0.0,51316.47812441328,13.96250430577058,0,0,76,42.38238718881078,4,0,0,0,0,0,16383,0.0,1
1130357,100,0.0,102.46321055784456,1385.2983605896052,1241.6177087084918,68443.53661700904,1.0,0,0,2023,1070.1346399400743,4,0,0,0,0,0,16383,0.0,1
2987135,31,0.0,597.7071764480343,115.67141443123906,28.942967373334344,79537.23542935943,1.0,0,0,654,881.3438317171692,4,0,0,0,0,0,16383,0.0,1
615309,5,0.0,29.277002188455995,0.0,0.0,199506.11189583223,1.4920017294320829,0,0,116,9.23076923076923,4,0,0,0,0,0,16383,0.0,1
9,0,206.3655313722508,0.0,0.0,0.0,0.0,0.0,0,0,0,206.3655313722508,0,0,0,0,0,0,0,0.0,1
1035946,28,0.0,610.0830774581707,114.81703555298508,31.55696360021205,29004.471782266144,1.8182364022388056,0,0,581,843.0632373899946,4,0,0,0,0,0,16383,0.0,1
880643,93,0.0,150.0191300774135,1460.0,1234.3208349795111,68934.68944404663,1.0,0,0,1892,1024.467007879926,4,0,0,0,0,0,16383,0.0,1
865359,13,0.0,675.6808867050145,1003.2241422712918,188.5525706154149,70891.10740516748,1.9684293803435509,0,0,290,712.1822848232594,4,0,0,0,0,0,16383,0.0,1
52275,2,0.0,0.0,0.0,0.0,24576.439466486954,7.0,0,0,40,0.0,0,0,0,0,0,0,16383,0.0,1
28376,2,0.0,0.0,0.0,0.0,8600.491216843287,2.0720291651192384,0,0,40,0.0,0,0,0,0,0,0,16383,0.0,1
60642,2,0.0,0.0,0.0,0.0,8470.635230630382,2.0,0,0,40,0.0,0,0,0,0,0,0,16383,0.0,1
332849,5,0.0,64.96200035205064,206.21676280077375,82.48670512030952,51560.0525144413,2.9277457330754078,0,0,116,63.38893466703514,4,0,0,0,0,0,16383,0.0,1
743167,5,0.0,26.42673364451776,0.0,0.0,104912.33804925416,2.058383216646088,0,0,116,8.529191608323046,4,0,0,0,0,0,16383,0.0,1
177733,3,0.0,385.0058520234045,0.0,0.0,36671.03635803708,4.339035314075717,0,0,76,145.5077587481528,4,0,0,0,0,0,16383,0.0,1
35336,2,0.0,0.0,0.0,0.0,13216.562528425782,4.3186414827653685,0,0,40,0.0,0,0,0,0,0,0,16383,0.0,1
59438,2,0.0,0.0,0.0,0.0,24714.718664567925,2.792981964242456,0,0,40,0.0,0,0,0,0,0,0,16383,0.0,1
616344,5,0.0,30.983866769659336,0.0,0.0,30057.44325207044,2.192042671890981,0,0,116,9.999999999999998,4,0,0,0,0,0,16383,0.0,1
9,0,56.0,0.0,0.0,0.0,0.0,0.0,0,0,0,56.0,0,0,0,0,0,0,0,0.0,1
5582666,286,0.0,13.247488795169703,1460.0,1252.7989937185623,127936.13720734212,1.0,0,0,5736,1046.1486207109317,4,0,0,0,0,0,16383,0.0,1
617842,5,0.0,30.983866769659336,0.0,0.0,30633.934152486647,2.3560920429322354,0,0,116,9.999999999999998,4,0,0,0,0,0,16383,0.0,1
53223,2,0.0,0.0,0.0,0.0,25416.838819593,8.668649591498797,0,0,40,0.0,0,0,0,0,0,0,16383,0.0,1
1604327,19,0.0,552.1670162065559,44.37789287193489,14.369984358531298,60509.35084604398,1.0,0,0,406,922.1280286883144,4,0,0,0,0,0,16383,0.0,1
735879,3,0.0,82.23265228831109,0.0,0.0,140623.21233624325,1.0,0,0,76,31.84856928270941,4,0,0,0,0,0,16383,0.0,1
22721,2,0.0,0.0,0.0,0.0,7958.621495478827,6.624909561721081,0,0,40,0.0,0,0,0,0,0,0,16383,0.0,1
2522704,17,0.0,371.357027242956,122.45931711814484,54.42154380206138,169644.6595773874,1.4712926801159474,0,0,374,117.5005559128709,4,0,0,0,0,0,16383,0.0,1
43252,2,0.0,0.0,0.0,0.0,12405.291667958834,9.0,0,0,40,0.0,0,0,0,0,0,0,16383,0.0,1
1037485,24,0.0,269.51667283773065,942.27297350969,495.39360821768446,78528.93508721315,1.3610369780267155,0,0,506,501.2344686834998,4,0,0,0,0,0,16383,0.0,1
421315,5,0.0,139.46084374076673,0.0,0.0,113588.25091185646,2.407236064455796,0,0,116,43.97071998740988,4,0,0,0,0,0,16383,0.0,1
711348,17,0.0,570.2718034239256,114.38991243395866,51.75877201997568,46784.709565852725,1.4350145943402235,0,0,356,195.1939820654992,4,0,0,0,0,0,16383,0.0,1
1604975,18,0.0,528.4964340165978,30.72878525507782,9.950273320691869,58633.88925955977,1.0,0,0,391,964.7076809221307,4,0,0,0,0,0,16383,0.0,1
622852,5,0.0,30.983866769659336,0.0,0.0,29543.91757152165,4.636576398306295,0,0,116,9.999999999999998,4,0,0,0,0,0,16383,0.0,1
2,0,56.0,0.0,0.0,0.0,0.0,0.0,0,0,0,56.0,0,0,0,0,0,0,0,0.0,1
2922817,175,0.0,45.98600690694629,1460.0,1279.0477337081131,105973.0914220334,1.0,0,0,3522,1069.9331145551864,4,0,0,0,0,0,16383,0.0,1
97635,2,0.0,0.0,0.0,0.0,68404.22279990776,3.024942315357648,0,0,40,0.0,0,0,0,0,0,0,16383,0.0,1
8,0,24.0,0.0,0.0,0.0,0.0,0.0,0,0,0,24.0,0,0,0,0,0,0,0,0.0,1
218914,5,0.0,80.40114871653306,513.0862617470376,205.23450469881507,42794.05170176715,7.478434563240589,0,0,116,104.28608988184916,4,0,0,0,0,0,16383,0.0,1
488679,3,0.0,41.42527650854146,0.0,0.0,93021.6781611472,10.39932968933905,0,0,76,15.435737049064986,4,0,0,0,0,0,16383,0.0,1
121535,2,0.0,0.0,0.0,0.0,53850.94499206392,7.139892933289512,0,0,40,0.0,0,0,0,0,0,0,16383,0.0,1
1356877,7,0.0,155.97293321061494,189.605350335411,48.27157848097471,254020.04084796296,5.056378523512713,0,0,174,73.23041126961735,4,0,0,0,0,0,16383,0.0,1
855415,6,0.0,322.96292722439085,777.7989458290463,277.02428207609864,171607.5814413713,1.5327390039924973,0,0,137,229.1163433897928,4,0,0,0,0,0,16383,0.0,1
492242,5,0.0,74.94686062384729,182.70738910563767,73.08295564225507,76908.97263544638,4.786576361795292,0,0,116,65.78361183356792,4,0,0,0,0,0,16383,0.0,1
1850662,48,0.0,456.8840595368749,594.7913989997269,423.78199516693314,84630.0211574427,1.6495560067569617,0,0,982,724.5456654138438,4,0,0,0,0,0,16383,0.0,1
707000,29,0.0,16.805465792794863,1460.0,685.2567152804115,52414.839837747575,1.13200040810491,0,0,601,418.3531447327378,4,0,0,0,0,0,16383,0.0,1
121497,2,0.0,0.0,0.0,0.0,44830.22226937042,5.6563717386469055,0,0,40,0.0,0,0,0,0,0,0,16383,0.0,1
1264068,9,0.0,558.8756376803111,0.0,0.0,93149.12829151956,1.0,0,0,210,937.5901802215602,4,0,0,0,0,0,16383,0.0,1
3,0,24.0,0.0,0.0,0.0,0.0,0.0,0,0,0,24.0,0,0,0,0,0,0,0,0.0,1
8,0,56.0,0.0,0.0,0.0,0.0,0.0,0,0,0,56.0,0,0,0,0,0,0,0,0.0,1
1205843,5,0.0,192.9749695722205,0.0,0.0,167046.8184203225,6.049308987109825,0,0,116,62.28240361567445,4,0,0,0,0,0,16383,0.0,1
50700,2,0.0,0.0,0.0,0.0,21234.78252914595,6.485041567015061,0,0,40,0.0,0,0,0,0,0,0,16383,0.0,1
700372,7,0.0,43.43315028361019,74.04297513233024,34.24369067795149,152424.93529456647,4.593015598518867,0,0,156,29.269709796062585,4,0,0,0,0,0,16383,0.0,1
222432,5,0.0,155.0469248137936,796.8155322565236,318.72621290260946,43694.05916480801,8.219855879242699,0,0,116,171.47187280809231,4,0,0,0,0,0,16383,0.0,1
55521,2,0.0,0.0,0.0,0.0,11475.014729847851,5.68965166568623,0,0,40,0.0,0,0,0,0,0,0,16383,0.0,1
8,0,352.90348056988233,0.0,0.0,0.0,0.0,0.0,0,0,0,352.90348056988233,0,0,0,0,0,0,0,0.0,1
632740,5,0.0,30.983866769659336,0.0,0.0,34290.62013738402,4.610376059781692,0,0,116,9.999999999999998,4,0,0,0,0,0,16383,0.0,1
736176,5,0.0,14.759352462733409,0.0,0.0,108557.80370429585,3.1551835002192634,0,0,116,4.763560524080992,4,0,0,0,0,0,16383,0.0,1
72644,2,0.0,0.0,0.0,0.0,35209.84170439317,9.131054502136998,0,0,40,0.0,0,0,0,0,0,0,16383,0.0,1
153466,5,0.0,73.18614794132533,464.29867265670816,185.7194690626833,34329.063496242175,6.8874968694733685,0,0,116,94.7824144132513,4,0,0,0,0,0,16383,0.0,1
161147,3,0.0,135.83460816634317,0.0,0.0,31231.267380021403,6.887363250991591,0,0,76,52.60851752668571,4,0,0,0,0,0,16383,0.0,1
6072441,15,0.0,38.97827262854038,306.298073472193,93.80347881672256,847193.8320055879,3.375494407795622,0,0,329,55.80406834964819,4,0,0,0,242,756,16383,0.0,1
429895,4,0.0,655.3009549094553,0.0,0.0,36781.20433315908,3.278215693989413,0,0,101,258.2459435565778,4,0,0,0,0,0,16383,0.0,1
57362,2,0.0,0.0,0.0,0.0,20165.74844295169,4.363847894571954,0,0,40,0.0,0,0,0,0,0,0,16383,0.0,1
9,0,56.0,0.0,0.0,0.0,0.0,0.0,0,0,0,56.0,0,0,0,0,0,0,0,0.0,1
1118270,7,0.0,71.43010285813313,248.1439432432525,70.89826949807212,234468.80556878995,1.7906544384903331,0,0,156,60.10747880261838,4,0,0,0,0,0,16383,0.0,1
23959,2,0.0,0.0,0.0,0.0,10353.382508870109,5.883478116902921,0,0,40,0.0,0,0,0,0,0,0,16383,0.0,1
65587,2,0.0,0.0,0.0,0.0,32023.79655665892,6.069327744437602,0,0,40,0.0,0,0,0,0,0,0,16383,0.0,1
482857,5,0.0,61.42988866108695,190.85593679663992,76.43109457534673,66765.72793450987,4.926066786091032,0,0,116,55.699675943557175,4,0,0,0,0,0,16383,0.0,1
151304,3,0.0,118.91172137738508,155.2952382089232,62.11809528356929,33117.87278223195,4.213244048507212,0,0,88,68.14482659134286,4,0,0,0,0,0,16383,0.0,1
1398070,20,0.0,701.801863430847,135.0,55.00462111303571,71037.55564310867,1.0,0,0,417,612.1003277897092,4,0,0,0,0,0,16383,0.0,1
514217,11,0.0,92.64849897449184,1460.0,573.1860542561517,136744.72169192144,1.1636214225896009,0,0,236,351.831181043702,4,0,0,0,0,0,16383,0.0,1
161387,3,0.0,144.7909884404173,0.0,0.0,31318.93664382754,9.0,0,0,76,56.07730869106469,4,0,0,0,0,0,16383,0.0,1
82309,2,0.0,0.0,0.0,0.0,38253.353434211975,0.1707865659034331,0,0,40,0.0,0,0,0,0,0,0,16383,0.0,1
522668,3,0.0,122.67183548513322,0.0,0.0,83540.95159405042,7.934723242433536,0,0,76,47.51059758826169,4,0,0,0,0,0,16383,0.0,1
9,0,56.0,0.0,0.0,0.0,0.0,0.0,0,0,0,56.0,0,0,0,0,0,0,0,0.0,1
58584,2,0.0,0.0,0.0,0.0,19866.213130557386,4.768450331713094,0,0,40,0.0,0,0,0,0,0,0,16383,0.0,1
182569,9,0.0,545.7261583092176,1460.0,964.2866373298676,33268.4418612142,3.0579735968807267,0,0,196,642.0818450779493,4,0,0,0,0,0,16383,0.0,1
2120480,18,0.0,24.728800259521684,98.22425330233874,36.98253712292334,144031.52609724773,3.7433001467706095,0,0,390,25.247021029002525,4,0,0,0,0,0,16383,0.0,1
88537,2,0.0,0.0,0.0,0.0,34661.63015601747,4.90112299867392,0,0,40,0.0,0,0,0,0,0,0,16383,0.0,1
973148,5,0.0,128.4798461586424,344.89941676642087,137.95976670656833,215542.38035760247,1.1051045163925135,0,0,116,93.65375090178296,4,0,0,0,0,0,16383,0.0,1
6,0,56.0,0.0,0.0,0.0,0.0,0.0,0,0,0,56.0,0,0,0,0,0,0,0,0.0,1
114699,2,0.0,0.0,0.0,0.0,65904.95666535042,3.243477356780598,0,0,40,0.0,0,0,0,0,0,0,16383,0.0,1
6,0,119.36343376311775,0.0,0.0,0.0,0.0,0.0,0,0,0,119.36343376311775,0,0,0,0,0,0,0,0.0,1
56485,2,0.0,0.0,0.0,0.0,39438.43185409598,1.6377065099997952,0,0,40,0.0,0,0,0,0,0,0,16383,0.0,1
503403,3,0.0,39.34379888197527,0.0,0.0,121289.45948251022,8.04165813039667,0,0,76,14.835207018486642,4,0,0,0,0,0,16383,0.0,1
5,0,855.3421545479914,0.0,0.0,0.0,0.0,0.0,0,0,0,855.3421545479914,0,0,0,0,0,0,0,0.0,1
90296,2,0.0,0.0,0.0,0.0,22885.08659900557,7.0,0,0,40,0.0,0,0,0,0,0,0,16383,0.0,1
796951,19,0.0,719.9297580873034,123.16530460547648,50.54951643585635,40501.6494278036,2.944898464841169,0,0,396,525.2277808464447,4,0,0,0,0,0,16383,0.0,1
442728,7,0.0,116.49755221856084,119.11636751015357,50.21915289249904,56921.09977157622,2.426894727823303,0,0,161,59.59882630947631,4,0,0,0,0,0,16383,0.0,1
118730571,0,29.0,0.0,0.0,0.0,2604465.0749459867,0.0,0,0,0,29.0,0,0,0,0,59,0,0,0.4690249397178835,1
859595,23,0.0,162.83561466492802,1358.9060790452024,987.007264370041,101339.47131964398,1.2143334013175924,0,0,495,712.1605288933116,4,0,0,0,0,0,16383,0.0,1
664550,5,0.0,82.58860024143257,238.0448730202911,99.27880357901545,96932.55527470776,1.6410861035821591,0,0,130,76.52845536688388,4,0,0,0,0,0,16383,0.0,1
2753584,233,0.0,46.615512598451495,1460.0,1290.0084881867756,81663.8589887008,1.0,0,0,4684,1097.6634862342603,4,0,0,0,0,0,16383,0.0,1
803739,11,0.0,522.904239636671,0.0,0.0,46864.158681337394,1.0,0,0,236,1010.3466666666671,4,0,0,0,0,0,16383,0.0,1
681773,3,0.0,473.2523162363371,0.0,0.0,137308.98767610503,2.4623871547551204,0,0,76,176.34157034000327,4,0,0,0,0,0,16383,0.0,1
2415893,9,0.0,57.33154165955385,73.1176959634754,51.43681027900493,528962.4641823891,2.0,0,0,209,46.52521900231966,4,0,0,0,388,1246,16383,0.0,1
116345,2,0.0,0.0,0.0,0.0,66492.38466354391,2.440239607722904,0,0,40,0.0,0,0,0,0,0,0,16383,0.0,1
706331,9,0.0,87.04508338576956,1460.0,675.746242850252,187698.5010454317,1.4778673549131358,0,0,213,392.3899703204303,4,0,0,0,0,0,16383,0.0,1
3,0,56.0,0.0,0.0,0.0,0.0,0.0,0,0,0,56.0,0,0,0,0,0,0,0,0.0,1
5046085,19,0.0,16.305969690991137,103.3174882698838,37.33478648214823,356791.18273076613,1.0,0,0,408,23.37129643707204,4,0,0,0,267,732,16383,0.0,1
34798,2,0.0,0.0,0.0,0.0,21009.5566826147,5.0,0,0,40,0.0,0,0,0,0,0,0,16383,0.0,1
1328303,7,0.0,64.51301086934768,203.7080661368252,58.20230461052148,248059.7400555848,1.7153223105291358,0,0,156,54.83850826710315,4,0,0,0,0,0,16383,0.0,1
76272,2,0.0,0.0,0.0,0.0,15995.321450967394,2.608859377671525,0,0,40,0.0,0,0,0,0,0,0,16383,0.0,1
56800,2,0.0,0.0,0.0,0.0,30497.07084633916,3.262673924656264,0,0,40,0.0,0,0,0,0,0,0,16383,0.0,1
66788,2,0.0,0.0,0.0,0.0,30715.527423835007,7.250502462192416,0,0,40,0.0,0,0,0,0,0,0,16383,0.0,1
30240,2,0.0,0.0,0.0,0.0,9259.034384015798,5.966529915538338,0,0,40,0.0,0,0,0,0,0,0,16383,0.0,1
38772,2,0.0,0.0,0.0,0.0,13301.741570366628,2.1989856366782625,0,0,40,0.0,0,0,0,0,0,0,16383,0.0,1
104388,2,0.0,0.0,0.0,0.0,41100.54059317352,8.0,0,0,40,0.0,0,0,0,0,0,0,16383,0.0,1
7,0,56.0,0.0,0.0,0.0,0.0,0.0,0,0,0,56.0,0,0,0,0,0,0,0,0.0,1
60740,2,0.0,0.0,0.0,0.0,19294.974132528147,1.7641749619725653,0,0,40,0.0,0,0,0,0,0,0,16383,0.0,1
788658,11,0.0,557.058901417498,0.0,0.0,42440.52368494019,1.5509622396300382,0,0,236,966.6794683670374,4,0,0,0,0,0,16383,0.0,1
888752,5,0.0,56.944346613327255,201.63431912553935,80.65372765021576,211452.4214170801,7.918607376426148,0,0,116,44.30743858907229,4,0,0,0,0,0,16383,0.0,1
579902,5,0.0,51.95898974314488,0.0,0.0,84896.0615376473,7.923030816991982,0,0,116,16.769691830080177,4,0,0,0,0,0,16383,0.0,1
7,0,386.2855202175962,0.0,0.0,0.0,0.0,0.0,0,0,0,386.2855202175962,0,0,0,0,0,0,0,0.0,1
541962,3,0.0,134.15608527221318,0.0,0.0,100912.81349257962,1.893702898135772,0,0,76,51.95842840516637,4,0,0,0,0,0,16383,0.0,1
373647,5,0.0,293.66860069049915,0.0,0.0,33332.76708638511,2.978620218418852,0,0,116,94.7811333148616,4,0,0,0,0,0,16383,0.0,1
2154562,37,0.0,59.55856201756576,1460.0,982.128704337518,187447.27037641,1.0,0,0,760,667.706198881006,4,0,0,0,0,0,16383,0.0,1
40932,2,0.0,0.0,0.0,0.0,13525.45172925029,6.16116066323473,0,0,40,0.0,0,0,0,0,0,0,16383,0.0,1
9,0,24.0,0.0,0.0,0.0,0.0,0.0,0,0,0,24.0,0,0,0,0,0,0,0,0.0,1
702128,7,0.0,46.14466026189304,88.34293737514204,36.70125669175373,155575.60593123606,4.2704600592073225,0,0,156,32.28381211340713,4,0,0,0,0,0,16383,0.0,1
34876,2,0.0,0.0,0.0,0.0,12727.793225794543,4.550570634541364,0,0,40,0.0,0,0,0,0,0,0,16383,0.0,1
6,0,56.0,0.0,0.0,0.0,0.0,0.0,0,0,0,56.0,0,0,0,0,0,0,0,0.0,1
56277,2,0.0,0.0,0.0,0.0,22860.03773366125,2.0,0,0,40,0.0,0,0,0,0,0,0,16383,0.0,1
1,0,56.0,0.0,0.0,0.0,0.0,0.0,0,0,0,56.0,0,0,0,0,0,0,0,0.0,1
54743,2,0.0,0.0,0.0,0.0,30444.196402495232,2.5384774873036724,0,0,40,0.0,0,0,0,0,0,0,16383,0.0,1
1490578,7,0.0,293.7675436988623,263.1300168175109,148.72215259056756,229349.77111211585,3.0,0,0,165,175.65903523052788,4,0,0,0,0,0,16383,0.0,1
686538,3,0.0,482.0776436494064,0.0,0.0,137746.32316443702,2.390130550505124,0,0,76,179.63003199437398,4,0,0,0,0,0,16383,0.0,1
836374,7,0.0,576.2408280345267,423.9010425518038,141.29589378479068,143652.64906978543,2.843728792710257,0,0,156,375.9142122763338,4,0,0,0,0,0,16383,0.0,1
131804,2,0.0,0.0,0.0,0.0,61501.51637699939,7.561955924094616,0,0,40,0.0,0,0,0,0,0,0,16383,0.0,1
54189,2,0.0,0.0,0.0,0.0,19330.972516567497,4.7119756164792985,0,0,40,0.0,0,0,0,0,0,0,16383,0.0,1
3682048,82,0.0,53.16680737662495,849.0394283736291,602.4651721668366,179398.9403796858,0.5464763610253764,0,0,1669,498.5175680901193,4,0,0,0,0,0,16383,0.0,1
2157899,42,0.0,114.2164053914164,1460.0,1084.2130689494966,194934.28614241333,1.0,0,0,857,765.6686353814213,4,0,0,0,0,0,16383,0.0,1
547000,3,0.0,118.4589216020334,0.0,0.0,101680.00022015577,2.9468276051808093,0,0,76,45.87894305743654,4,0,0,0,0,0,16383,0.0,1
701036,5,0.0,685.5965697501227,0.0,0.0,95093.93425166036,2.0,0,0,116,613.9198179520248,4,0,0,0,0,0,16383,0.0,1
2,0,82.49579375598978,0.0,0.0,0.0,0.0,0.0,0,0,0,82.49579375598978,0,0,0,0,0,0,0,0.0,1
53916,2,0.0,0.0,0.0,0.0,14704.99094770876,8.188232199769045,0,0,40,0.0,0,0,0,0,0,0,16383,0.0,1
61483,2,0.0,0.0,0.0,0.0,17248.86732818145,7.0,0,0,40,0.0,0,0,0,0,0,0,16383,0.0,1
73617,2,0.0,0.0,0.0,0.0,23630.100889019875,8.771990449792264,0,0,40,0.0,0,0,0,0,0,0,16383,0.0,1
1126415,52,0.0,325.25791667390666,601.8142639173402,539.3951719650526,55299.07251812578,1.0,0,0,1057,1055.6112412292855,4,0,0,0,0,0,16383,0.0,1
9,0,24.0,0.0,0.0,0.0,0.0,0.0,0,0,0,24.0,0,0,0,0,0,0,0,0.0,1
66030,2,0.0,0.0,0.0,0.0,21391.6889540809,8.895010716075669,0,0,40,0.0,0,0,0,0,0,0,16383,0.0,1
981412,18,0.0,721.4457831334413,104.91270736680976,40.18221578705358,69428.40158743347,1.0490046449712735,0,0,390,548.4370657822243,4,0,0,0,0,0,16383,0.0,1
1855926,17,0.0,9.59291643412302,1384.3803389735897,222.06221891333536,176400.0096458046,5.291081106747783,0,0,361,116.98792178026288,4,0,0,0,0,0,16383,0.0,1
1620338,15,0.0,81.5205410530464,559.2118793331568,156.41533474801332,112488.20355505632,1.819495685386052,0,0,316,120.62382770751536,4,0,0,0,0,0,16383,0.0,1
9,0,55.32673889056864,0.0,0.0,0.0,0.0,0.0,0,0,0,55.32673889056864,0,0,0,0,0,0,0,0.0,1
115949038,0,29.0,0.0,0.0,0.0,4418868.221208852,0.0,0,0,0,29.0,0,0,0,0,61,0,0,1.6992287976154443,1
1300192,11,0.0,573.2304681599146,0.0,0.0,69150.09515546,1.4036535025032242,0,0,236,952.8060088986962,4,0,0,0,0,0,16383,0.0,1
23732,2,0.0,0.0,0.0,0.0,11448.606347194089,6.6289355543792645,0,0,40,0.0,0,0,0,0,0,0,16383,0.0,1
53736,2,0.0,0.0,0.0,0.0,19402.777321107696,3.159650196466105,0,0,40,0.0,0,0,0,0,0,0,16383,0.0,1
835425,17,0.0,83.18157407356077,1002.7731065296424,137.58410138964362,53543.86397344286,1.7943144456952118,0,0,356,84.9879951725212,4,0,0,0,0,0,16383,0.0,1
515813,5,0.0,116.42040266311412,0.0,0.0,54668.33776567617,2.8769497388243592,0,0,116,37.57452338941688,4,0,0,0,0,0,16383,0.0,1
611078,5,0.0,117.38310662842962,195.6460479924453,78.25841919697811,90023.02361795165,2.0,0,0,116,83.98036282813811,4,0,0,0,0,0,16383,0.0,1
303099,6,0.0,105.2157117118678,1336.8804345873573,503.9838834215246,57839.50173882058,3.2250523869754693,0,0,136,241.2488912882932,4,0,0,0,0,0,16383,0.0,1
769501,7,0.0,141.6165486687794,195.92292246194165,55.97797784626905,172371.69139630097,5.051385025372225,0,0,156,80.2746885153069,4,0,0,0,0,0,16383,0.0,1
7,0,574.2352051155103,0.0,0.0,0.0,0.0,0.0,0,0,0,574.2352051155103,0,0,0,0,0,0,0,0.0,1
2639418,17,0.0,354.69018945120894,225.1698826747048,91.21399840830698,195172.9603798896,1.0,0,0,356,146.68051858668215,4,0,0,0,0,0,16383,0.0,1
8,0,56.0,0.0,0.0,0.0,0.0,0.0,0,0,0,56.0,0,0,0,0,0,0,0,0.0,1
43668,2,0.0,0.0,0.0,0.0,20252.87857034679,2.0,0,0,40,0.0,0,0,0,0,0,0,16383,0.0,1
10,0,52.7619574635654,0.0,0.0,0.0,0.0,0.0,0,0,0,52.7619574635654,0,0,0,0,0,0,0,0.0,1
116728,2,0.0,0.0,0.0,0.0,46010.30565056995,4.282799786035003,0,0,40,0.0,0,0,0,0,0,0,16383,0.0,1
14,0,48.06831459652848,0.0,0.0,0.0,0.0,0.0,0,0,0,48.06831459652848,0,0,0,0,0,0,0,0.0,1
1370393,7,0.0,133.70980251394172,203.35412914741943,58.10117975640555,318423.423453348,2.114958647351667,0,0,156,63.65035757396371,4,0,0,0,0,0,16383,0.0,1
6,0,23.18410132336096,0.0,0.0,0.0,0.0,0.0,0,0,0,23.18410132336096,0,0,0,0,0,0,0,0.0,1
515058,5,0.0,91.5871298583014,31.272502252883488,8.935000643680997,140155.39006061506,2.211300690897861,0,0,120,32.57163189068248,4,0,0,0,0,0,16383,0.0,1
694002,16,0.0,381.57867713139785,250.27257044418093,73.6864659543408,48449.67771006818,2.812850971536758,0,0,348,133.27627406956557,4,0,0,0,0,0,16383,0.0,1
161590,3,0.0,139.8870747522871,0.0,0.0,31133.60385142076,9.0,0,0,76,54.178031086528,4,0,0,0,0,0,16383,0.0,1
1273578,16,0.0,169.77848475462548,810.4828718740171,132.83207852989523,88442.68243393875,2.38171497898628,0,0,340,117.17572016625827,4,0,0,0,0,0,16383,0.0,1
621528,7,0.0,0.0,1460.0,475.1428571428572,243248.96022397856,4.78146208875471,0,0,156,255.84615384615387,4,0,0,0,0,0,16383,0.0,1
801071,5,0.0,184.8914495418757,0.0,0.0,103681.8385436337,9.0,0,0,116,59.67345874431945,4,0,0,0,0,0,16383,0.0,1
11,0,504.0,0.0,0.0,0.0,0.0,0.0,0,0,0,504.0,0,0,0,0,0,0,0,0.0,1
3,0,24.0,0.0,0.0,0.0,0.0,0.0,0,0,0,24.0,0,0,0,0,0,0,0,0.0,1
4649511,24,0.0,15.60269961382065,446.36201657173945,249.8581788911381,356237.33891535085,1.0,0,0,506,159.41368978087132,4,0,0,0,267,8369,16383,0.0,1
82936,2,0.0,0.0,0.0,0.0,58205.20545927054,1.0,0,0,40,0.0,0,0,0,0,0,0,16383,0.0,1
760089,20,0.0,11.697596871625786,1460.0,461.467710364817,58509.64148386639,2.0,0,0,418,258.9152276829061,4,0,0,0,0,0,16383,0.0,1
963501,19,0.0,713.584503435305,113.03373816409446,43.66056841372328,65926.3534052193,1.0,0,0,396,480.177652036659,4,0,0,0,0,0,16383,0.0,1
2316507,28,0.0,612.2585061715307,114.48670348930422,31.38246767978625,65109.82084263512,2.0,0,0,581,837.2796112136003,4,0,0,0,0,0,16383,0.0,1
1881362,15,0.0,18.299504886859,104.47094092732756,21.103217001885696,254849.34889782383,2.2101446675877296,0,0,319,18.32183469375445,4,0,0,0,0,0,16383,0.0,1
170234,3,0.0,169.10004039653413,0.0,0.0,37587.335062148246,18.465222841031935,0,0,76,63.00944685327507,4,0,0,0,0,0,16383,0.0,1
1002690,25,0.0,629.5971986615718,125.69689265749432,39.13881609895701,32162.32697625105,1.420207156167045,0,0,532,798.1137520918518,4,0,0,0,0,0,16383,0.0,1
574967,3,0.0,524.5992135513792,0.0,0.0,139701.2216574991,6.167482264752424,0,0,76,203.0511534975625,4,0,0,0,0,0,16383,0.0,1
115066362,0,29.0,0.0,0.0,0.0,9742263.567068284,0.0,0,0,0,29.0,0,0,0,0,64,0,0,1.5755595896456829,1
324135,3,0.0,133.58462489320812,0.0,0.0,70283.28584321192,7.0,0,0,76,51.737102752075984,4,0,0,0,0,0,16383,0.0,1
366455,3,0.0,19.53488673615928,0.0,0.0,84492.11857640043,4.7061497856950725,0,0,76,7.565829099919305,4,0,0,0,0,0,16383,0.0,1
73379,2,0.0,0.0,0.0,0.0,23101.418579070574,9.0,0,0,40,0.0,0,0,0,0,0,0,16383,0.0,1
539620,3,0.0,92.56433226152714,0.0,0.0,76292.50160748661,9.744504849990632,0,0,76,35.85001173017046,4,0,0,0,0,0,16383,0.0,1
590619,5,0.0,38.62995197461649,0.0,0.0,84083.08862028997,7.0,0,0,116,12.467763388540169,4,0,0,0,0,0,16383,0.0,1
980857,17,0.0,712.984913855927,123.14520221740086,42.40896012152172,69839.08957751445,1.7212001055905175,0,0,367,578.7342651509183,4,0,0,0,0,0,16383,0.0,1
511905,3,0.0,30.475635415426844,0.0,0.0,114275.87153714692,6.035907327416123,0,0,76,11.355721296844129,4,0,0,0,0,0,16383,0.0,1
20792,2,0.0,0.0,0.0,0.0,3900.223996066741,7.0,0,0,40,0.0,0,0,0,0,0,0,16383,0.0,1
499280,3,0.0,64.67215512931814,0.0,0.0,142322.7436829314,12.294280899054172,0,0,76,25.047417977919174,4,0,0,0,0,0,16383,0.0,1
173822,3,0.0,116.74664489417049,0.0,0.0,34635.25090778344,7.853385442840158,0,0,76,45.215781140071336,4,0,0,0,0,0,16383,0.0,1
187885,3,0.0,120.38398498840672,0.0,0.0,38875.51306801645,8.66515371163137,0,0,76,44.85704607949901,4,0,0,0,0,0,16383,0.0,1
374997,5,0.0,83.85392468394268,515.0822866999208,206.03291467996831,77206.57906066193,1.7671208538481848,0,0,116,105.68179911595226,4,0,0,0,0,0,16383,0.0,1
740586,19,0.0,721.0787797238887,110.35140642977458,46.26573690266092,40091.9448593744,4.686479142696721,0,0,396,546.7210405073562,4,0,0,0,0,0,16383,0.0,1
619904,5,0.0,221.80576456699552,166.5647005190624,66.37262373975076,95310.60460565132,4.582852924213647,0,0,128,109.31079074862764,4,0,0,0,0,0,16383,0.0,1
471623,5,0.0,175.59165168632993,0.0,0.0,50209.57795543732,6.0,0,0,116,56.67196189285077,4,0,0,0,0,0,16383,0.0,1
62635,2,0.0,0.0,0.0,0.0,17412.614601297686,7.245172541637669,0,0,40,0.0,0,0,0,0,0,0,16383,0.0,1
806682,7,0.0,487.27087274540537,612.0200438759119,226.32207524788285,151163.27638826822,2.3810748471076355,0,0,156,363.5901441545551,4,0,0,0,0,0,16383,0.0,1
757092,11,0.0,557.0419752528793,0.0,0.0,43018.176596682926,2.34391496914657,0,0,236,966.6865857343872,4,0,0,0,0,0,16383,0.0,1
9,0,55.40547167633042,0.0,0.0,0.0,0.0,0.0,0,0,0,55.40547167633042,0,0,0,0,0,0,0,0.0,1
63243,2,0.0,0.0,0.0,0.0,24940.255916096023,8.984089463966514,0,0,40,0.0,0,0,0,0,0,0,16383,0.0,1
699285,5,0.0,184.58648629770585,28.05589984698124,11.222359938792495,170452.90098105464,2.753493740436327,0,0,116,62.51471188889149,4,0,0,0,0,0,16383,0.0,1
53151,2,0.0,0.0,0.0,0.0,25888.9905008838,7.525913808266166,0,0,40,0.0,0,0,0,0,0,0,16383,0.0,1
2974,0,0.6454517911713926,0.0,0.0,0.0,818.7974439243444,1.063644626485822,0,0,14,0.6454517911713926,0,0,0,0,0,0,5808,0.0,1
2437098,29,0.0,593.0615763245922,106.74162367483872,29.00097365839607,64815.399300905374,2.0,0,0,613,874.335732012702,4,0,0,0,0,0,16383,0.0,1
769866,7,0.0,128.39648023362795,195.2709046983737,55.79168705667821,173409.28095389495,5.486063534417529,0,0,156,76.25391230663786,4,0,0,0,0,0,16383,0.0,1
394404,3,0.0,98.77566232566848,0.0,0.0,90249.38704071273,1.0,0,0,76,36.80543086277002,4,0,0,0,0,0,16383,0.0,1
83687,2,0.0,0.0,0.0,0.0,30664.48367833962,6.7343144351337365,0,0,40,0.0,0,0,0,0,0,0,16383,0.0,1
23338,2,0.0,0.0,0.0,0.0,7927.849909512443,10.687447194680583,0,0,40,0.0,0,0,0,0,0,0,16383,0.0,1
60748,2,0.0,0.0,0.0,0.0,19295.187479207463,1.7243254455260926,0,0,40,0.0,0,0,0,0,0,0,16383,0.0,1
59534,2,0.0,0.0,0.0,0.0,26664.687709248275,6.595938916797566,0,0,40,0.0,0,0,0,0,0,0,16383,0.0,1
10,0,534.8838262212589,0.0,0.0,0.0,0.0,0.0,0,0,0,534.8838262212589,0,0,0,0,0,0,0,0.0,1
8,0,95.0687763952832,0.0,0.0,0.0,0.0,0.0,0,0,0,95.0687763952832,0,0,0,0,0,0,0,0.0,1
10,0,54.98646272317616,0.0,0.0,0.0,0.0,0.0,0,0,0,54.98646272317616,0,0,0,0,0,0,0,0.0,1
560854,5,0.0,95.65604956456548,324.136435554072,129.6545742216288,108606.98569678012,6.094233279168977,0,0,116,80.02661563460472,4,0,0,0,0,0,16383,0.0,1
219436,3,0.0,217.77635459902172,0.0,0.0,44619.69929490745,3.217139566235902,0,0,76,84.20869337978756,4,0,0,0,0,0,16383,0.0,1
736602,7,0.0,254.81294938153215,199.4145603490404,56.975588671154384,160456.15305614908,2.615899781849765,0,0,156,114.6393929199392,4,0,0,0,0,0,16383,0.0,1
10,0,866.5714907382086,0.0,0.0,0.0,0.0,0.0,0,0,0,866.5714907382086,0,0,0,0,0,0,0,0.0,1
11956028,1,409.0955274417784,14.696948739198106,157.60921335561807,45.03120381589089,6258015.892989755,1.1298151495026385,0,0,29,431.5589110024779,0,0,0,0,1669,157,3084,35054.31387039577,1
623560,5,0.0,29.277002188455995,0.0,0.0,202380.50607472676,3.822410277350597,0,0,116,9.23076923076923,4,0,0,0,0,0,16383,0.0,1
659394,5,0.0,30.983866769659336,0.0,0.0,36095.21874677838,4.0,0,0,116,9.999999999999998,4,0,0,0,0,0,16383,0.0,1
906527,5,0.0,91.15689571761033,461.01179885052943,185.235043231679,172841.64955087024,8.42452813462668,0,0,121,94.13729437924418,4,0,0,0,0,0,16383,0.0,1
372536,3,0.0,119.3955678829884,0.0,0.0,71925.43231803011,7.790679119307038,0,0,76,46.24170460217911,4,0,0,0,0,0,16383,0.0,1
576269,5,0.0,96.80295179698444,349.172700930009,139.66908037200358,108110.2302838676,4.885282281292211,0,0,116,84.23995648348631,4,0,0,0,0,0,16383,0.0,1
291598,3,0.0,124.00429077092436,0.0,0.0,46721.8632632593,5.773470257545519,0,0,76,48.02665530140523,4,0,0,0,0,0,16383,0.0,1
3,0,81.71723289156732,0.0,0.0,0.0,0.0,0.0,0,0,0,81.71723289156732,0,0,0,0,0,0,0,0.0,1
9,0,56.0,0.0,0.0,0.0,0.0,0.0,0,0,0,56.0,0,0,0,0,0,0,0,0.0,1
885909,9,0.0,37.16526132174514,34.0,19.33333333333333,125877.64594578314,2.2868578990346613,0,0,196,20.73460203579179,4,0,0,0,0,0,16383,0.0,1
3,0,56.0,0.0,0.0,0.0,0.0,0.0,0,0,0,56.0,0,0,0,0,0,0,0,0.0,1
1024540,27,0.0,632.6650346087907,116.41433977134604,35.42059793133163,29284.121694375743,2.0,0,0,559,803.2437473030479,4,0,0,0,0,0,16383,0.0,1
46440,2,0.0,0.0,0.0,0.0,19905.5488544272,2.834242891027888,0,0,40,0.0,0,0,0,0,0,0,16383,0.0,1
10,0,1329.8158679138378,0.0,0.0,0.0,0.0,0.0,0,0,0,1329.8158679138378,0,0,0,0,0,0,0,0.0,1
62883,2,0.0,0.0,0.0,0.0,9588.891875795856,2.0,0,0,40,0.0,0,0,0,0,0,0,16383,0.0,1
105786,2,0.0,0.0,0.0,0.0,42482.53646989547,6.708129124710188,0,0,40,0.0,0,0,0,0,0,0,16383,0.0,1
742786,5,0.0,29.91746642065817,0.0,0.0,51373.68512157875,6.655820767327393,0,0,116,9.655820767327391,4,0,0,0,0,0,16383,0.0,1
74710,2,0.0,0.0,0.0,0.0,15400.10788010646,5.298205389344305,0,0,40,0.0,0,0,0,0,0,0,16383,0.0,1
774838,5,0.0,30.983866769659336,0.0,0.0,48357.56373379607,2.6143786825871804,0,0,116,9.999999999999998,4,0,0,0,0,0,16383,0.0,1
2391671,17,0.0,186.49461337119405,180.00440028774605,61.0242599156735,155422.63692145338,2.3173288475372407,0,0,370,76.87126355978327,4,0,0,0,0,0,16383,0.0,1
780479,5,0.0,30.983866769659336,0.0,0.0,45733.06352550868,4.143670075299965,0,0,116,9.999999999999998,4,0,0,0,0,0,16383,0.0,1
812885,7,0.0,512.475629073998,558.772480563815,203.89813630072243,149594.30467248868,2.467797262925383,0,0,156,367.85110551840046,4,0,0,0,0,0,16383,0.0,1
1,0,56.0,0.0,0.0,0.0,0.0,0.0,0,0,0,56.0,0,0,0,0,0,0,0,0.0,1
949499,16,0.0,364.4391607292645,815.3730034839961,556.6945933513338,158160.1840476093,1.4555667819901088,0,0,341,639.2234132137897,4,0,0,0,0,0,16383,0.0,1
9,0,977.1071327707637,0.0,0.0,0.0,0.0,0.0,0,0,0,977.1071327707637,0,0,0,0,0,0,0,0.0,1
1627669,6,0.0,32.23954133978896,31.89184647704025,17.735771765292792,395356.9075598223,4.986480809630031,0,0,138,17.48360044514446,4,0,0,0,0,0,16383,0.0,1
5,0,63.877621040010325,0.0,0.0,0.0,0.0,0.0,0,0,0,63.877621040010325,0,0,0,0,0,0,0,0.0,1
965986,14,0.0,708.5870073597757,99.1624342961228,37.15285871628068,59607.55626141383,1.0418782851938593,0,0,315,602.2547708928381,4,0,0,0,0,0,16383,0.0,1
105272,2,0.0,0.0,0.0,0.0,47361.43959635566,6.345535183446895,0,0,40,0.0,0,0,0,0,0,0,16383,0.0,1
1198668,5,0.0,165.03119069366588,0.0,0.0,181122.27706918557,6.308222360858018,0,0,116,53.26358776344573,4,0,0,0,0,0,16383,0.0,1
2637626,17,0.0,365.2273205826631,217.94073510099332,88.96808022963322,194450.78329686547,1.0,0,0,356,147.7949217161632,4,0,0,0,0,0,16383,0.0,1
5342653,7,0.0,65.24448964677723,200.12918198032764,57.17976628009359,1336991.7349080956,7.979955447358279,0,0,156,54.49621461097131,4,0,0,0,234,200,16383,0.0,1
231861,3,0.0,160.95329427777517,0.0,0.0,48078.336707410745,9.899205137669602,0,0,76,62.33694282550447,4,0,0,0,0,0,16383,0.0,1
566374,7,0.0,95.92473928555084,472.0543606082752,134.87267445950718,153833.74879201225,1.6866786117241297,0,0,156,89.15221023301136,4,0,0,0,0,0,16383,0.0,1
8,0,273.79965177371565,0.0,0.0,0.0,0.0,0.0,0,0,0,273.79965177371565,0,0,0,0,0,0,0,0.0,1
4,0,41.69098219777226,0.0,0.0,0.0,0.0,0.0,0,0,0,41.69098219777226,0,0,0,0,0,0,0,0.0,1
599414,11,0.0,96.73648316878445,1460.0,856.7059461983977,146047.61100468616,1.892970865788962,0,0,236,516.8561579107063,4,0,0,0,0,0,16383,0.0,1
101260,2,0.0,0.0,0.0,0.0,26382.31401288427,3.0965034791418566,0,0,40,0.0,0,0,0,0,0,0,16383,0.0,1
50863624,5,0.0,12.618677066639211,0.0,0.0,17582557.834518906,2.3592155034212143,0,0,119,3.75213833086075,4,0,0,0,57,0,16383,57476.41805274683,1
30780,2,0.0,0.0,0.0,0.0,7860.832591134312,4.702999631389389,0,0,40,0.0,0,0,0,0,0,0,16383,0.0,1
52689347,7,0.0,14.97429286073103,16.62141172576138,4.83015383483664,16514355.966939537,2.0,0,0,175,7.362243352529481,4,0,0,0,113,62,16383,45330.2167814624,1
988944,5,0.0,55.66811382842616,0.0,0.0,169624.65976696927,5.44114185677461,0,0,116,17.966806481022772,4,0,0,0,0,0,16383,0.0,1
3,0,56.0,0.0,0.0,0.0,0.0,0.0,0,0,0,56.0,0,0,0,0,0,0,0,0.0,1
527213,44,0.0,230.21163608446145,1006.8585019021448,836.6486864308303,49640.33203591775,1.31037088910812,0,0,898,962.6324819628512,4,0,0,0,0,0,16383,0.0,1
634597,5,0.0,30.983866769659336,0.0,0.0,34237.69226415526,2.4757407590993505,0,0,116,9.999999999999998,4,0,0,0,0,0,16383,0.0,1
35260,2,0.0,0.0,0.0,0.0,13261.704175827215,4.191470307500484,0,0,40,0.0,0,0,0,0,0,0,16383,0.0,1
2306521,254,0.0,41.469736070350095,1460.0,1271.1880872492638,64853.00854241186,1.0,0,0,5098,1085.4724324470155,4,0,0,0,0,0,16383,0.0,1
76193,2,0.0,0.0,0.0,0.0,42867.76939474636,7.699125139499735,0,0,40,0.0,0,0,0,0,0,0,16383,0.0,1
16132,2,0.0,0.0,0.0,0.0,3087.0486123036108,6.248461897939396,0,0,40,0.0,0,0,0,0,0,0,16383,0.0,1
82812,2,0.0,0.0,0.0,0.0,31243.51490027162,5.525137117145755,0,0,40,0.0,0,0,0,0,0,0,16383,0.0,1
62540,2,0.0,0.0,0.0,0.0,19631.381011774964,1.7471625993097106,0,0,40,0.0,0,0,0,0,0,0,16383,0.0,1
84972,2,0.0,0.0,0.0,0.0,44550.32261191931,5.865430774156971,0,0,40,0.0,0,0,0,0,0,0,16383,0.0,1
3,0,56.0,0.0,0.0,0.0,0.0,0.0,0,0,0,56.0,0,0,0,0,0,0,0,0.0,1
34798,2,0.0,0.0,0.0,0.0,21009.5566826147,5.0,0,0,40,0.0,0,0,0,0,0,0,16383,0.0,1
90891,2,0.0,0.0,0.0,0.0,47380.68622359961,6.799072049374634,0,0,40,0.0,0,0,0,0,0,0,16383,0.0,1
573313,5,0.0,95.54464098360478,0.0,0.0,61269.47593442146,1.2789453391021282,0,0,116,30.83690027907233,4,0,0,0,0,0,16383,0.0,1
504571,5,0.0,80.55805360111427,0.0,0.0,50375.34796405977,2.2857617555454794,0,0,116,26.0,4,0,0,0,0,0,16383,0.0,1
10,0,4.0,0.0,0.0,0.0,0.0,0.0,0,0,0,4.0,0,0,0,0,0,0,0,0.0,1
19642,2,0.0,0.0,0.0,0.0,3598.106096008641,3.1406075313896187,0,0,40,0.0,0,0,0,0,0,0,16383,0.0,1
442805,3,0.0,175.62436212184838,0.0,0.0,93143.00900280972,3.627249420411097,0,0,76,68.01902296862195,4,0,0,0,0,0,16383,0.0,1
322812,6,0.0,129.08406762542182,1457.3872734397962,664.2537723011238,63702.53024694159,4.359219863119019,0,0,141,330.3904919664782,4,0,0,0,0,0,16383,0.0,1
321178,6,0.0,108.135705903607,1458.9773240412107,694.3544036862673,63656.17915333889,2.3148690898718822,0,0,150,347.7610667417838,4,0,0,0,0,0,16383,0.0,1
242106,3,0.0,48.97531307415832,0.0,0.0,61240.557457798255,6.292014297787739,0,0,76,18.968057191150955,4,0,0,0,0,0,16383,0.0,1
8,0,56.0,0.0,0.0,0.0,0.0,0.0,0,0,0,56.0,0,0,0,0,0,0,0,0.0,1
1031050,15,0.0,182.94813098952545,91.5203455333602,39.64343514269578,81987.69305137498,2.6954377743631075,0,0,317,62.10100859129447,4,0,0,0,0,0,16383,0.0,1
1452697,16,0.0,181.17691641742528,645.1200853282016,132.06437515039806,145150.44899465647,1.5948028574246704,0,0,348,108.43102068220072,4,0,0,0,0,0,16383,0.0,1
18248,2,0.0,0.0,0.0,0.0,2673.2033988092144,4.019782022611764,0,0,40,0.0,0,0,0,0,0,0,16383,0.0,1
1908965,19,0.0,723.0804227788991,128.2149011052578,52.36460402032843,109097.41353712857,1.0,0,0,400,508.710113154688,4,0,0,0,0,0,16383,0.0,1
5,0,967.814204837942,0.0,0.0,0.0,0.0,0.0,0,0,0,967.814204837942,0,0,0,0,0,0,0,0.0,1
472953,9,0.0,122.4266266431538,1460.0,768.271900910165,87798.90289672848,1.0904355726196988,0,0,203,443.4081789367304,4,0,0,0,0,0,16383,0.0,1
788634,5,0.0,400.7642699049567,0.0,0.0,107404.89874801767,9.0,0,0,116,129.34611192473932,4,0,0,0,0,0,16383,0.0,1
1325324,12,0.0,573.2148464890562,0.0,0.0,73143.26633234056,1.0,0,0,261,926.426016839662,4,0,0,0,0,0,16383,0.0,1
8,0,56.0,0.0,0.0,0.0,0.0,0.0,0,0,0,56.0,0,0,0,0,0,0,0,0.0,1
98895,2,0.0,0.0,0.0,0.0,25714.16149968432,2.4228625159978225,0,0,40,0.0,0,0,0,0,0,0,16383,0.0,1
15296,2,0.0,0.0,0.0,0.0,2184.8862880058896,2.591024447100134,0,0,40,0.0,0,0,0,0,0,0,16383,0.0,1
618241,5,0.0,88.03978338047092,147.50891260487185,58.73385287205649,89110.6073037678,4.022841274192006,0,0,129,59.81545780007204,4,0,0,0,0,0,16383,0.0,1
21389,2,0.0,0.0,0.0,0.0,3392.4009375040723,2.1727568269968938,0,0,40,0.0,0,0,0,0,0,0,16383,0.0,1
1582452,6,0.0,38.49200249166521,51.28560349868166,28.521075415083168,399174.5571499356,7.410700437335207,0,0,152,23.905562477219128,4,0,0,0,0,0,16383,0.0,1
549808,5,0.0,80.64813245045586,279.5175936118053,111.80703744472213,101774.68636121586,5.99424895986883,0,0,116,75.1672109164722,4,0,0,0,0,0,16383,0.0,1
165405,3,0.0,123.77916169858185,0.0,0.0,32619.551206036347,7.204889717473275,0,0,76,47.93946318661224,4,0,0,0,0,0,16383,0.0,1
29485425,563,0.0,66.83417260451722,1174.7961315229672,277.07826348973634,157298.19821243253,0.8642541469000989,0,0,11277,248.84237324557608,3,0,0,0,0,0,16383,0.0,1
905545,20,0.0,687.754613409804,112.5414835791037,38.91905799828115,38772.70934716309,3.0,0,0,435,639.1187802331893,4,0,0,0,0,0,16383,0.0,1
118129,2,0.0,0.0,0.0,0.0,26195.678181954107,3.89305970210796,0,0,40,0.0,0,0,0,0,0,0,16383,0.0,1
9,0,453.4077520153362,0.0,0.0,0.0,0.0,0.0,0,0,0,453.4077520153362,0,0,0,0,0,0,0,0.0,1
437630,7,0.0,127.73091719714486,106.24173560511376,45.64150599292934,54752.80388247223,2.2994231248031065,0,0,172,59.50959618736217,4,0,0,0,0,0,16383,0.0,1
3209387,34,0.0,593.1706671774842,110.80123998005412,26.64479533668325,70744.48578891243,1.0,0,0,707,897.1424447159611,4,0,0,0,0,0,16383,0.0,1
971187,5,0.0,30.983866769659336,0.0,0.0,81724.21564560002,4.3585879944908985,0,0,116,9.999999999999998,4,0,0,0,0,0,16383,0.0,1
21337,2,0.0,0.0,0.0,0.0,3293.8430247156,7.184044210584793,0,0,40,0.0,0,0,0,0,0,0,16383,0.0,1
442966,3,0.0,60.240474294342896,0.0,0.0,84620.60541292214,4.108421964173703,0,0,76,23.331035370962603,4,0,0,0,0,0,16383,0.0,1
3,0,81.82320606570649,0.0,0.0,0.0,0.0,0.0,0,0,0,81.82320606570649,0,0,0,0,0,0,0,0.0,1
7270946,20,0.0,223.46661570840757,78.07088983981339,28.553792408427817,833478.0815857119,1.6577744752210954,0,0,423,280.6209522938336,4,0,0,0,22606,552,16383,0.0,1
91743,2,0.0,0.0,0.0,0.0,47312.46015223271,3.1116999945523194,0,0,40,0.0,0,0,0,0,0,0,16383,0.0,1
674094,3,0.0,95.42502078068408,0.0,0.0,116827.14781109714,9.926519547851232,0,0,76,36.95795162950861,4,0,0,0,0,0,16383,0.0,1
98129,2,0.0,0.0,0.0,0.0,68732.87941032775,4.0808047320307885,0,0,40,0.0,0,0,0,0,0,0,16383,0.0,1
4111606,11,0.0,678.4409399905171,392.0315256796716,73.74118062835709,607414.0348669675,2.83346148650273,0,0,242,653.2502865708244,4,0,0,0,26142,820,16383,0.0,1
780876,5,0.0,30.983866769659336,0.0,0.0,62075.59984069944,3.9723535945673896,0,0,116,9.999999999999998,4,0,0,0,0,0,16383,0.0,1
69622,2,0.0,0.0,0.0,0.0,35526.36003489149,6.7166039629474845,0,0,40,0.0,0,0,0,0,0,0,16383,0.0,1
3,0,56.0,0.0,0.0,0.0,0.0,0.0,0,0,0,56.0,0,0,0,0,0,0,0,0.0,1
396205,3,0.0,108.34683954448168,0.0,0.0,91370.55067901449,1.5605495657695156,0,0,76,40.37180838035012,4,0,0,0,0,0,16383,0.0,1
10,0,56.0,0.0,0.0,0.0,0.0,0.0,0,0,0,56.0,0,0,0,0,0,0,0,0.0,1
899458,21,0.0,681.1800298168446,115.04642854159408,43.79051794380912,37788.57317973301,1.2407562990110677,0,0,440,650.5030530129558,4,0,0,0,0,0,16383,0.0,1
226911,3,0.0,181.1590148900083,0.0,0.0,43267.91582978008,4.6769256655423135,0,0,76,69.11439928758782,4,0,0,0,0,0,16383,0.0,1
1625925,209,0.0,38.14547524596533,1460.0,1257.5473806456114,67793.46602165676,1.0,0,0,4215,1070.9477391582202,4,0,0,0,0,0,16383,0.0,1
24547,2,0.0,0.0,0.0,0.0,12082.928254339526,6.993486856011969,0,0,40,0.0,0,0,0,0,0,0,16383,0.0,1
1009854,28,0.0,121.60813446009377,1246.405856140428,656.2031530773855,72489.39023242528,1.0,0,0,585,509.4862617034122,4,0,0,0,0,0,16383,0.0,1
9,0,592.285550732242,0.0,0.0,0.0,0.0,0.0,0,0,0,592.285550732242,0,0,0,0,0,0,0,0.0,1
72871,2,0.0,0.0,0.0,0.0,32772.092148195705,8.417167091535651,0,0,40,0.0,0,0,0,0,0,0,16383,0.0,1
15050,2,0.0,0.0,0.0,0.0,3587.877132025491,3.145018101707993,0,0,40,0.0,0,0,0,0,0,0,16383,0.0,1
2369032,8,0.0,51.894084025612464,28.085233999286487,15.970035019202117,538029.4246929553,2.521891117710016,0,0,182,23.000158840826654,4,0,0,0,305,143,16383,0.0,1
101773989,0,84.98848914125082,11.312163955884971,0.0,0.0,2012912.557036208,0.0,0,0,0,103.95730310067783,0,0,0,0,407,0,0,3.3612160589758115,1
67313,2,0.0,0.0,0.0,0.0,20547.807180339827,5.461115095766168,0,0,40,0.0,0,0,0,0,0,0,16383,0.0,1
2171780,7,0.0,66.73428670523442,277.9260856105138,92.26957440630468,481020.21763739886,5.717213567262535,0,0,164,75.31310446390653,4,0,0,0,0,0,16383,0.0,1
1000719,25,0.0,629.0025241465487,126.57689718355564,39.448925348239655,32438.02144786265,1.3615401877629565,0,0,530,798.1393402848724,4,0,0,0,0,0,16383,0.0,1
468132,8,0.0,406.9185511328344,780.807220770541,543.2590214750949,73730.26549316398,2.9304010674376157,0,0,180,437.3287564059379,4,0,0,0,0,0,16383,0.0,1
634122,30,0.0,79.9113693118238,1460.0,1164.042635150212,47119.748701919,2.0,0,0,635,768.407029572412,4,0,0,0,0,0,16383,0.0,1
4372044,137,0.0,42.64972387433952,1460.0,1175.1886981490916,180525.000767628,1.0,0,0,2766,925.8255707318164,4,0,0,0,0,0,16383,0.0,1
6,0,56.0,0.0,0.0,0.0,0.0,0.0,0,0,0,56.0,0,0,0,0,0,0,0,0.0,1
68677,2,0.0,0.0,0.0,0.0,30081.805710729317,5.024470995466324,0,0,40,0.0,0,0,0,0,0,0,16383,0.0,1
9660187,96,0.0,8.430689027691031,357.795239894323,271.72245664515435,480106.6170252289,1.0,0,0,1945,224.39248391364856,4,0,0,0,152,85881,16383,0.0,1
9,0,56.0,0.0,0.0,0.0,0.0,0.0,0,0,0,56.0,0,0,0,0,0,0,0,0.0,1
95557,2,0.0,0.0,0.0,0.0,25133.04471000021,4.567022792488008,0,0,40,0.0,0,0,0,0,0,0,16383,0.0,1
215999,5,0.0,84.74936121391512,494.9732404583457,197.9892961833383,42076.41605894191,5.534344685899341,0,0,116,102.87042258760746,4,0,0,0,0,0,16383,0.0,1
525946,13,0.0,395.0378012790846,900.0907540473926,615.6149145943083,73184.70829496357,3.1870867405355634,0,0,276,650.2019206630109,4,0,0,0,0,0,16383,0.0,1
10,0,524.3699813193812,0.0,0.0,0.0,0.0,0.0,0,0,0,524.3699813193812,0,0,0,0,0,0,0,0.0,1
744559,7,0.0,181.5225507676209,196.57402175659385,56.16400621616967,168983.4432165728,1.4173829418004733,0,0,156,90.9331459893196,4,0,0,0,0,0,16383,0.0,1
466243,5,0.0,99.78651702893926,194.6910073010003,77.87640292040011,75087.60893312209,3.288624087374963,0,0,116,78.30221298408065,4,0,0,0,0,0,16383,0.0,1
557682,5,0.0,73.12693903859908,205.8406932442204,82.33627729768816,93599.65500866369,6.8128811861753285,0,0,116,67.00787652899974,4,0,0,0,0,0,16383,0.0,1
6,0,195.6326398148521,0.0,0.0,0.0,0.0,0.0,0,0,0,195.6326398148521,0,0,0,0,0,0,0,0.0,1
81724,2,0.0,0.0,0.0,0.0,31864.80768136554,5.873534264245214,0,0,40,0.0,0,0,0,0,0,0,16383,0.0,1
535897,3,0.0,85.19842814538897,0.0,0.0,77667.79465547745,9.290575263283916,0,0,76,32.99720933301408,4,0,0,0,0,0,16383,0.0,1
721631,5,0.0,30.983866769659336,0.0,0.0,45408.67844381685,5.0,0,0,116,9.999999999999998,4,0,0,0,0,0,16383,0.0,1
1566833,8,0.0,114.28768100354944,120.7578400777192,63.980746358963216,223331.93402106245,3.0,0,0,185,72.32078246810747,4,0,0,0,0,0,16383,0.0,1
417412,3,0.0,251.93876741310663,0.0,0.0,88424.82927349725,5.0799033214756495,0,0,76,97.5754650454986,4,0,0,0,0,0,16383,0.0,1
925913,3,0.0,177.0246150281323,0.0,0.0,259237.27770277075,6.530223462059183,0,0,76,68.56133858727358,4,0,0,0,0,0,16383,0.0,1
635806,30,0.0,69.5642778574506,1460.0,1098.023056144457,47329.710400853255,2.0,0,0,622,718.5935797082867,4,0,0,0,0,0,16383,0.0,1
1881734,18,0.0,17.712773022761457,102.58474328771815,37.33065603398738,138903.62331487815,4.879237164385907,0,0,392,25.29920515144909,4,0,0,0,0,0,16383,0.0,1
224398,5,0.0,171.69429864453014,849.7932083966559,339.9172833586624,44218.41308121064,8.554744200051712,0,0,116,184.871048215069,4,0,0,0,0,0,16383,0.0,1
666219,3,0.0,123.38842745852295,0.0,0.0,122069.23810552924,12.637896229650032,0,0,76,47.78813246615813,4,0,0,0,0,0,16383,0.0,1
16645,2,0.0,0.0,0.0,0.0,3276.1333635856017,6.18645250285599,0,0,40,0.0,0,0,0,0,0,0,16383,0.0,1
6,0,56.0,0.0,0.0,0.0,0.0,0.0,0,0,0,56.0,0,0,0,0,0,0,0,0.0,1
1035700,54,0.0,174.1916998312879,1264.328428669899,1013.2869169526203,74904.69551406201,1.0,0,0,1103,872.8007910032932,4,0,0,0,0,0,16383,0.0,1
614622,5,0.0,30.983866769659336,0.0,0.0,29721.70747605986,6.956904987041098,0,0,116,9.999999999999998,4,0,0,0,0,0,16383,0.0,1
47911,2,0.0,0.0,0.0,0.0,23529.663965578013,7.0,0,0,40,0.0,0,0,0,0,0,0,16383,0.0,1
523789,8,0.0,692.8858205993755,100.3953671877889,29.48514855233321,43893.21599645443,6.759805212213681,0,0,179,641.8969999181356,4,0,0,0,0,0,16383,0.0,1
170252,3,0.0,156.9923913178654,0.0,0.0,33457.085469886784,6.455394905247941,0,0,76,60.80289170553706,4,0,0,0,0,0,16383,0.0,1
1026887,16,0.0,138.90628773622802,93.73419953581076,39.54415299496832,81186.50154140913,3.0360306978170395,0,0,338,52.845165766080186,4,0,0,0,0,0,16383,0.0,1
1929682,10,0.0,19.520124675268644,46.20902874758954,11.892824279791723,220112.55442534407,1.9925368595827808,0,0,235,15.630191125523094,4,0,0,0,0,0,16383,0.0,1
614264,5,0.0,29.277002188455995,0.0,0.0,199571.87296684532,5.463880282055445,0,0,116,9.23076923076923,4,0,0,0,0,0,16383,0.0,1
22743,2,0.0,0.0,0.0,0.0,7849.723603116739,5.845795516397418,0,0,40,0.0,0,0,0,0,0,0,16383,0.0,1
8,0,24.0,0.0,0.0,0.0,0.0,0.0,0,0,0,24.0,0,0,0,0,0,0,0,0.0,1
649391,3,0.0,68.94241539198023,0.0,0.0,123932.25045678605,9.0,0,0,76,26.70128266604533,4,0,0,0,0,0,16383,0.0,1
736795,11,0.0,556.9749174001116,0.0,0.0,43352.37180512421,3.300943106809496,0,0,236,966.714733620789,4,0,0,0,0,0,16383,0.0,1
9,0,56.0,0.0,0.0,0.0,0.0,0.0,0,0,0,56.0,0,0,0,0,0,0,0,0.0,1
856849,5,0.0,145.82501098364017,123.3903669266094,49.35614677064375,150742.38344853997,2.588431240453452,0,0,116,78.51946882500859,4,0,0,0,0,0,16383,0.0,1
1063226,7,0.0,85.22708256650164,370.10296093226174,105.74370312350337,248707.93253412712,3.367710701710281,0,0,156,74.78286347424844,4,0,0,0,0,0,16383,0.0,1
651468,3,0.0,98.6401761055632,0.0,0.0,149405.93025301947,3.657043330976831,0,0,76,38.14382018717677,4,0,0,0,0,0,16383,0.0,1
61709,2,0.0,0.0,0.0,0.0,19464.50633070909,1.371969535430463,0,0,40,0.0,0,0,0,0,0,0,16383,0.0,1
30226,2,0.0,0.0,0.0,0.0,9388.911791633453,6.48981877963733,0,0,40,0.0,0,0,0,0,0,0,16383,0.0,1
403707,5,0.0,111.1244291221548,0.0,0.0,111266.36308095798,2.0,0,0,116,35.03650935723345,4,0,0,0,0,0,16383,0.0,1
640695,5,0.0,30.983866769659336,0.0,0.0,34301.89075444106,2.7749012873827765,0,0,116,9.999999999999998,4,0,0,0,0,0,16383,0.0,1
2614322,6,0.0,110.71247764881424,935.5055238565378,267.2872925304394,574501.2762414906,2.734023213821201,0,0,150,164.9996004762725,4,0,0,0,428,1871,16383,0.0,1
1254508,9,0.0,557.9936074477744,0.0,0.0,93954.35633496124,1.0,0,0,209,938.6020314202405,4,0,0,0,0,0,16383,0.0,1
5,0,59.398753495363046,0.0,0.0,0.0,0.0,0.0,0,0,0,59.398753495363046,0,0,0,0,0,0,0,0.0,1
614245,5,0.0,29.277002188455995,0.0,0.0,199577.72201981492,5.072598828324189,0,0,116,9.23076923076923,4,0,0,0,0,0,16383,0.0,1
453741,5,0.0,98.6905239888908,1380.4256467936395,577.3229837690521,89139.21022900756,4.591487064127207,0,0,124,263.9674102269295,4,0,0,0,0,0,16383,0.0,1
371294,5,0.0,65.36040568988177,186.4351053176656,74.57404212706625,56104.28874277803,2.626802630064844,0,0,116,60.86392670103025,4,0,0,0,0,0,16383,0.0,1
9,0,56.0,0.0,0.0,0.0,0.0,0.0,0,0,0,56.0,0,0,0,0,0,0,0,0.0,1
49685,2,0.0,0.0,0.0,0.0,21550.0476714217,5.008709646651301,0,0,40,0.0,0,0,0,0,0,0,16383,0.0,1
1327315,11,0.0,573.1839139084922,0.0,0.0,70347.35535749178,1.5198164847381122,0,0,255,939.9386494970564,4,0,0,0,0,0,16383,0.0,1
1349194,7,0.0,113.80721905510045,286.007748512198,81.71649957491371,280645.40632024314,5.028228787620773,0,0,156,73.2620250507708,4,0,0,0,0,0,16383,0.0,1
8,0,680.2641743112672,0.0,0.0,0.0,0.0,0.0,0,0,0,680.2641743112672,0,0,0,0,0,0,0,0.0,1
7,0,26.08109992203133,0.0,0.0,0.0,0.0,0.0,0,0,0,26.08109992203133,0,0,0,0,0,0,0,0.0,1
1852890,15,0.0,13.94265306145864,1036.412807626371,156.76190026786398,196516.69541850427,2.8008180998597503,0,0,316,83.85205644526239,4,0,0,0,0,0,16383,0.0,1
18218,2,0.0,0.0,0.0,0.0,2662.118382880946,7.902260139595683,0,0,40,0.0,0,0,0,0,0,0,16383,0.0,1
3,0,56.0,0.0,0.0,0.0,0.0,0.0,0,0,0,56.0,0,0,0,0,0,0,0,0.0,1
799670,3,0.0,64.47564452224026,0.0,0.0,225180.50955542453,7.413764501219238,0,0,76,24.9713097470626,4,0,0,0,0,0,16383,0.0,1
26652,2,0.0,0.0,0.0,0.0,6077.223361928423,18.675557879871278,0,0,40,0.0,0,0,0,0,0,0,16383,0.0,1
3,0,24.0,0.0,0.0,0.0,0.0,0.0,0,0,0,24.0,0,0,0,0,0,0,0,0.0,1
2834495,19,0.0,386.83491328736505,738.9942743468283,113.72261530412072,242931.9392253878,1.536063736545109,0,0,398,361.35802109679526,4,0,0,0,21083,2023,16383,0.0,1
56174,2,0.0,0.0,0.0,0.0,14411.186000174552,4.983274348090299,0,0,40,0.0,0,0,0,0,0,0,16383,0.0,1
169902,3,0.0,662.8670357091356,0.0,0.0,29214.72000039732,8.744526449554964,0,0,76,397.3431099510961,4,0,0,0,0,0,16383,0.0,1
637941,3,0.0,52.91888952785239,0.0,0.0,135667.8419006875,6.652152305525572,0,0,76,20.32875641648426,4,0,0,0,0,0,16383,0.0,1
112997589,0,36.39907774732728,1.4949426548900888,0.0,0.0,4339946.617207449,0.0,0,0,0,38.90587390155645,0,0,0,0,107,0,0,1.1432079563998832,1
94503,2,0.0,0.0,0.0,0.0,19703.549987404687,8.0,0,0,40,0.0,0,0,0,0,0,0,16383,0.0,1
55339,2,0.0,0.0,0.0,0.0,14509.375756439,6.526177514704641,0,0,40,0.0,0,0,0,0,0,0,16383,0.0,1
83238,2,0.0,0.0,0.0,0.0,30972.726397629973,5.9141191110213445,0,0,40,0.0,0,0,0,0,0,0,16383,0.0,1
208132,9,0.0,172.14665135172967,1460.0,963.1554378863186,39092.74858995871,2.3881418509001024,0,0,196,551.41119090278,4,0,0,0,0,0,16383,0.0,1
2628606,23,0.0,71.99990466791866,924.078941694676,749.8116521791917,518989.252674076,2.0,0,0,495,495.2035376865445,4,0,0,0,1355,24569,16383,0.0,1
1238626,15,0.0,391.1836127721106,393.614328158932,117.80351608169968,87740.49832956705,2.900853887722376,0,0,319,176.59487640616686,4,0,0,0,0,0,16383,0.0,1
225003,5,0.0,85.60718234578084,488.0001966951863,195.20007867807453,43309.9945422737,7.622954044183381,0,0,116,102.06810972878996,4,0,0,0,0,0,16383,0.0,1
282271,3,0.0,188.8757760132893,0.0,0.0,58232.20802817378,5.871880633596928,0,0,76,73.15127350014717,4,0,0,0,0,0,16383,0.0,1
803739,11,0.0,522.904239636671,0.0,0.0,46864.158681337394,1.0,0,0,236,1010.3466666666671,4,0,0,0,0,0,16383,0.0,1
96642,2,0.0,0.0,0.0,0.0,37669.55782788026,2.322822885996219,0,0,40,0.0,0,0,0,0,0,0,16383,0.0,1
1371143,18,0.0,86.85361554717707,1242.1145386395606,239.58319037912167,145115.00562127223,1.0,0,0,389,153.52409723464444,4,0,0,0,0,0,16383,0.0,1
94546,2,0.0,0.0,0.0,0.0,49455.50245071369,5.968338845181161,0,0,40,0.0,0,0,0,0,0,0,16383,0.0,1
7424288,8,0.0,161.90120344329804,1370.9480698438963,644.7307966679232,2420917.063741668,2.926585383218381,0,0,193,344.4374341584067,4,0,0,0,728,5792,16383,525296.8407349489,1
779483,6,0.0,118.04244455214445,130.71761396228376,37.34788970350965,202266.6289691085,7.131265445037236,0,0,144,58.02131136337217,4,0,0,0,0,0,16383,0.0,1
3,0,56.0,0.0,0.0,0.0,0.0,0.0,0,0,0,56.0,0,0,0,0,0,0,0,0.0,1
4,0,504.0,0.0,0.0,0.0,0.0,0.0,0,0,0,504.0,0,0,0,0,0,0,0,0.0,1
9,0,57.8315739776458,0.0,0.0,0.0,0.0,0.0,0,0,0,57.8315739776458,0,0,0,0,0,0,0,0.0,1
629784,7,0.0,0.0,1460.0,475.1428571428572,242093.49029349533,4.984575896376113,0,0,156,255.84615384615387,4,0,0,0,0,0,16383,0.0,1
799815,19,0.0,721.6193392360957,124.00077808591524,50.6667758717074,40985.99718592529,2.666407304694919,0,0,396,527.4926435374945,4,0,0,0,0,0,16383,0.0,1
605221,5,0.0,0.0,270.98045631319565,108.39218252527824,254095.8377083404,6.5708081369268445,0,0,116,49.26917387512648,4,0,0,0,0,0,16383,0.0,1
8973133,8,0.0,126.87161847777564,1201.9586295960971,503.388935663632,2656000.5550206453,4.242574817354267,0,0,179,263.50817422420863,4,0,0,0,502,3985,16383,400533.91354007774,1
1339118,7,0.0,160.2937103270019,361.6078783489568,103.31653667113052,312001.3087859916,3.671552901793018,0,0,156,92.01496398822832,4,0,0,0,0,0,16383,0.0,1
48467,2,0.0,0.0,0.0,0.0,23625.087338989437,2.1708166559620823,0,0,40,0.0,0,0,0,0,0,0,16383,0.0,1
1336382,8,0.0,21.09253510398198,64.41258789170567,26.341379037990198,243485.42973507664,5.951290072699805,0,0,189,21.891900883367576,4,0,0,0,0,0,16383,0.0,1
40983,2,0.0,0.0,0.0,0.0,13251.758005840662,6.648030318055215,0,0,40,0.0,0,0,0,0,0,0,16383,0.0,1
14571,2,0.0,0.0,0.0,0.0,3603.8147281902834,3.263636612383209,0,0,40,0.0,0,0,0,0,0,0,16383,0.0,1
53293,2,0.0,0.0,0.0,0.0,22761.64787552021,2.0,0,0,40,0.0,0,0,0,0,0,0,16383,0.0,1
239734,3,0.0,174.82596639723516,0.0,0.0,45463.68929773969,4.115893163798595,0,0,76,67.70980563411092,4,0,0,0,0,0,16383,0.0,1
382754,5,0.0,160.8946140093801,0.0,0.0,104465.11311239806,3.632901355442837,0,0,116,50.72859040806742,4,0,0,0,0,0,16383,0.0,1
52909362,8,0.0,15.108337580235403,17.347524288516336,5.041160904355175,16517248.312957425,2.0,0,0,177,7.526598354829253,4,0,0,0,116,65,16383,44798.44421217013,1
266626,5,0.0,101.45174139185433,588.3327095625618,235.33308382502472,50987.55501234654,2.784938187904024,0,0,116,122.49952452233865,4,0,0,0,0,0,16383,0.0,1
1591054,9,0.0,71.56655900746343,1460.0,405.163034980235,298784.7060060939,2.157253421979516,0,0,196,210.87681260209587,4,0,0,0,0,0,16383,0.0,1
2829441,17,0.0,335.02971447769585,217.33973105799328,86.80734297317949,231824.04487426204,2.3381704684396096,0,0,356,122.80390513019913,4,0,0,0,0,0,16383,0.0,1
528228,5,0.0,91.47893309765271,388.366423411206,155.3465693644824,110659.49590973048,4.006850081476616,0,0,116,88.59114586554428,4,0,0,0,0,0,16383,0.0,1
696226,3,0.0,24.37677973812509,0.0,0.0,109777.50088321535,2.9880139620654216,0,0,76,9.441086195992485,4,0,0,0,0,0,16383,0.0,1
16039,2,0.0,0.0,0.0,0.0,3180.77714994402,7.0,0,0,40,0.0,0,0,0,0,0,0,16383,0.0,1
3,0,56.0,0.0,0.0,0.0,0.0,0.0,0,0,0,56.0,0,0,0,0,0,0,0,0.0,1
770083,6,0.0,85.14122074463135,482.0465153722272,137.7275758206364,225631.35176207407,7.054175491643013,0,0,143,88.54675878184938,4,0,0,0,0,0,16383,0.0,1
279065,3,0.0,130.19735252652305,0.0,0.0,50992.893528365305,5.424162474954756,0,0,76,50.42521780555198,4,0,0,0,0,0,16383,0.0,1
59465,2,0.0,0.0,0.0,0.0,24719.03111311288,2.9119814416924106,0,0,40,0.0,0,0,0,0,0,0,16383,0.0,1
9,0,136.4961288820602,0.0,0.0,0.0,0.0,0.0,0,0,0,136.4961288820602,0,0,0,0,0,0,0,0.0,1
3,0,56.0,0.0,0.0,0.0,0.0,0.0,0,0,0,56.0,0,0,0,0,0,0,0,0.0,1
3,0,56.0,0.0,0.0,0.0,0.0,0.0,0,0,0,56.0,0,0,0,0,0,0,0,0.0,1
8,0,56.0,0.0,0.0,0.0,0.0,0.0,0,0,0,56.0,0,0,0,0,0,0,0,0.0,1
717475,6,0.0,92.9950129527528,428.4105754731199,123.72625202620672,167758.27261958816,3.482427772771218,0,0,151,83.32416158698666,4,0,0,0,0,0,16383,0.0,1
970772,5,0.0,126.27338645451304,341.91294015441645,136.76517606176657,217247.89694946428,1.206341011714695,0,0,116,92.57932254933098,4,0,0,0,0,0,16383,0.0,1
531841,10,0.0,359.35698838875874,1022.4483342125616,682.5840914698358,72164.18087552549,3.024711161094704,0,0,235,662.1795717126278,4,0,0,0,0,0,16383,0.0,1
4268966,175,0.0,54.014809992657575,1460.0,1251.5612681522898,134000.0577460311,0.6614931205745271,0,0,3526,1015.5228392798034,4,0,0,0,0,0,16383,0.0,1
47134,2,0.0,0.0,0.0,0.0,13195.159405111866,7.014183625548742,0,0,40,0.0,0,0,0,0,0,0,16383,0.0,1
23207,2,0.0,0.0,0.0,0.0,7847.42892527839,9.081504129982244,0,0,40,0.0,0,0,0,0,0,0,16383,0.0,1
57313,2,0.0,0.0,0.0,0.0,40046.834583513584,2.523680312754114,0,0,40,0.0,0,0,0,0,0,0,16383,0.0,1
245532,3,0.0,280.8322562160764,0.0,0.0,49288.00872439913,3.1728664028800253,0,0,76,108.76586514027184,4,0,0,0,0,0,16383,0.0,1
76641,2,0.0,0.0,0.0,0.0,25414.80917275586,5.638665397468603,0,0,40,0.0,0,0,0,0,0,0,16383,0.0,1
1370798,7,0.0,75.08794953491034,163.4777422473437,46.70792635638392,267139.6127732934,4.950416249857189,0,0,156,48.50760402922471,4,0,0,0,0,0,16383,0.0,1
218093,5,0.0,90.5374784036114,494.6388458471055,197.8555383388422,42160.02622008172,2.383709251645856,0,0,116,104.64391732035271,4,0,0,0,0,0,16383,0.0,1
126926,2,0.0,0.0,0.0,0.0,61359.16873820263,7.955139442372283,0,0,40,0.0,0,0,0,0,0,0,16383,0.0,1
140575,2,0.0,0.0,0.0,0.0,58236.25389527533,5.357828933235972,0,0,40,0.0,0,0,0,0,0,0,16383,0.0,1
1038290,51,0.0,61.87620687002658,1460.0,1051.9214775431274,76664.46677836895,1.0,0,0,1050,787.1829872842562,4,0,0,0,0,0,16383,0.0,1
1510371,7,0.0,247.18173258231133,226.1758803798672,126.7266647114723,227787.7807147312,3.0,0,0,170,148.83654800544576,4,0,0,0,0,0,16383,0.0,1
68765,2,0.0,0.0,0.0,0.0,21546.423279827308,2.5394628365937604,0,0,40,0.0,0,0,0,0,0,0,16383,0.0,1
2925121,145,0.0,150.25964698447774,1204.3843804933697,1032.1165934578128,98178.87198760093,1.0,0,0,2921,1030.7676659923,4,0,0,0,0,0,16383,0.0,1
65004,2,0.0,0.0,0.0,0.0,32133.80565541361,7.798930119480508,0,0,40,0.0,0,0,0,0,0,0,16383,0.0,1
575228,5,0.0,92.73580036369052,445.2035775666528,182.6957346713634,109376.65323864986,2.3170823839618717,0,0,118,100.76945186748,4,0,0,0,0,0,16383,0.0,1
646102,3,0.0,80.50199271094985,0.0,0.0,143955.86564028225,4.8452390256645055,0,0,76,31.076370470722807,4,0,0,0,0,0,16383,0.0,1
1027073,5,0.0,74.57024946545174,593.5508105690329,237.4203242276132,313284.03158803633,3.22816396476989,0,0,116,117.1371819787964,4,0,0,0,0,0,16383,0.0,1
367334,3,0.0,650.9221523132422,0.0,0.0,35422.313960399966,2.967754529128518,0,0,95,275.1882528389866,4,0,0,0,0,0,16383,0.0,1
384509,5,0.0,96.17799134091024,541.0037607343613,216.40150429374447,85982.69507746675,1.102467673477916,0,0,116,113.5553829449539,4,0,0,0,0,0,16383,0.0,1
3,0,528.1575924891299,0.0,0.0,0.0,0.0,0.0,0,0,0,528.1575924891299,0,0,0,0,0,0,0,0.0,1
18479,2,0.0,0.0,0.0,0.0,2374.3445784889545,10.213248729160243,0,0,40,0.0,0,0,0,0,0,0,16383,0.0,1
544047,5,0.0,82.15412432734132,925.2540266747592,370.10161066990366,108077.59126753038,5.936493331310226,0,0,116,168.24921232543343,4,0,0,0,0,0,16383,0.0,1
9,0,28.36162896198961,0.0,0.0,0.0,0.0,0.0,0,0,0,28.36162896198961,0,0,0,0,0,0,0,0.0,1
9,0,56.0,0.0,0.0,0.0,0.0,0.0,0,0,0,56.0,0,0,0,0,0,0,0,0.0,1
239213,9,0.0,112.91475125777482,1460.0,865.7105758818434,50714.42307710366,2.0,0,0,196,485.54164362895216,4,0,0,0,0,0,16383,0.0,1
2411869,32,0.0,585.8346761933383,112.8976158249067,28.42604389682481,57548.67526643015,1.805119208754665,0,0,674,893.5696915542256,4,0,0,0,0,0,16383,0.0,1
99799,2,0.0,0.0,0.0,0.0,69838.6408823234,6.700265469370073,0,0,40,0.0,0,0,0,0,0,0,16383,0.0,1
569273,46,0.0,69.22710510422792,1460.0,1193.7222660408868,60861.11337175448,1.0,0,0,940,910.5185482132534,4,0,0,0,0,0,16383,0.0,1
2408732,30,0.0,589.1236885955673,108.8090403134493,29.20679544833561,60037.456948581865,2.0,0,0,634,885.6987399810862,4,0,0,0,0,0,16383,0.0,1
535478,5,0.0,626.8777139761027,72.79581374277981,23.69069241766005,68277.65199428296,4.850419560802507,0,0,117,226.8094622762206,4,0,0,0,0,0,16383,0.0,1
9,0,56.0,0.0,0.0,0.0,0.0,0.0,0,0,0,56.0,0,0,0,0,0,0,0,0.0,1
751627,21,0.0,9.991354085703907,1460.0,453.59980667799454,55349.53460265985,2.0,0,0,439,255.55163238603703,4,0,0,0,0,0,16383,0.0,1
903524,5,0.0,94.3570826157504,503.9037519182866,204.00978421969444,167484.8217163665,7.303169884489239,0,0,132,110.77297383128318,4,0,0,0,0,0,16383,0.0,1
568591,9,0.0,714.8497256384322,45.0,14.222222222222223,41315.97219019639,4.129099500194579,0,0,196,653.0326903616786,4,0,0,0,0,0,16383,0.0,1
622287,5,0.0,502.0077687873314,0.0,0.0,73841.86830652501,3.067876517261866,0,0,116,162.02231068167313,4,0,0,0,0,0,16383,0.0,1
771939,7,0.0,91.11147320343872,683.3907228035077,195.25449222957369,221367.3817789876,8.0,0,0,156,116.42856574747526,4,0,0,0,0,0,16383,0.0,1
31637,2,0.0,0.0,0.0,0.0,5323.411861829929,5.77705953632928,0,0,40,0.0,0,0,0,0,0,0,16383,0.0,1
4,0,600.8339993422555,0.0,0.0,0.0,0.0,0.0,0,0,0,600.8339993422555,0,0,0,0,0,0,0,0.0,1
3,0,56.0,0.0,0.0,0.0,0.0,0.0,0,0,0,56.0,0,0,0,0,0,0,0,0.0,1
438435,8,0.0,106.98155664620724,1460.0,666.6413080482789,110796.26270482484,2.5668584332940947,0,0,190,367.9991038939899,4,0,0,0,0,0,16383,0.0,1
1301499,17,0.0,25.84970573915757,1048.9959514566565,137.44372261272304,89171.37030673344,2.0,0,0,356,73.88050159086063,4,0,0,0,0,0,16383,0.0,1
539418,3,0.0,225.01455975218775,0.0,0.0,87671.72230130037,4.336211335678144,0,0,76,87.14776425744171,4,0,0,0,0,0,16383,0.0,1
8493,2,0.0,0.0,0.0,0.0,2203.393392017852,7.0,0,0,40,0.0,0,0,0,0,0,0,16383,0.0,1
3050789,159,0.0,21.968168657485723,1442.1367813482098,1157.3832112586308,219466.6814887169,1.01328120345858,0,0,3198,954.4445709518042,4,0,0,0,779,186260,16383,0.0,1
21323,2,0.0,0.0,0.0,0.0,3362.7590917522707,4.28992350760137,0,0,40,0.0,0,0,0,0,0,0,16383,0.0,1
132071,2,0.0,0.0,0.0,0.0,61509.307051556905,7.540437022494478,0,0,40,0.0,0,0,0,0,0,0,16383,0.0,1
276902,15,0.0,87.08794870774398,1460.0,1144.1122147283888,45325.85638022118,2.997935888441586,0,0,316,702.2670811436465,4,0,0,0,0,0,16383,0.0,1
10855852,7,0.0,84.06799476437222,881.9888144638221,271.7167349342123,2954309.667877024,5.783360443994436,0,0,158,137.07152831304276,4,0,0,0,217,1225,16383,212566.79820852808,1
118186091,0,29.0,0.0,0.0,0.0,1735073.48471142,0.0,0,0,0,29.0,0,0,0,0,59,0,0,2253019.6564365737,1
9,0,56.0,0.0,0.0,0.0,0.0,0.0,0,0,0,56.0,0,0,0,0,0,0,0,0.0,1
46669,2,0.0,0.0,0.0,0.0,13053.757354158295,7.469702300277472,0,0,40,0.0,0,0,0,0,0,0,16383,0.0,1
53452,2,0.0,0.0,0.0,0.0,26850.042701056227,6.058837463753139,0,0,40,0.0,0,0,0,0,0,0,16383,0.0,1
221879,3,0.0,211.4764314504623,0.0,0.0,45460.53391022056,4.045671453585024,0,0,76,81.90446971230148,4,0,0,0,0,0,16383,0.0,1
1507760,7,0.0,253.3259155264925,231.0497458203349,129.62764031405587,227993.79096825185,3.0,0,0,170,152.37415451221142,4,0,0,0,0,0,16383,0.0,1
101175,2,0.0,0.0,0.0,0.0,70730.02552643839,5.3447727242103324,0,0,40,0.0,0,0,0,0,0,0,16383,0.0,1
159635,3,0.0,97.13660021286005,0.0,0.0,34739.097662512475,8.0,0,0,76,37.62084349316148,4,0,0,0,0,0,16383,0.0,1
183739,3,0.0,96.48683478658457,0.0,0.0,34449.91871161984,6.678697434415449,0,0,76,37.36919042567085,4,0,0,0,0,0,16383,0.0,1
523957,3,0.0,112.8928169553557,0.0,0.0,83371.86580269432,7.842796116443045,0,0,76,43.72319999745349,4,0,0,0,0,0,16383,0.0,1
119785750,0,29.0,0.0,0.0,0.0,4226317.115620931,0.0,0,0,0,29.0,0,0,0,0,60,0,0,3.0,1
2069813,19,0.0,697.7774921749857,110.85307629331744,41.59397802281435,108135.10474732074,1.4816345366646797,0,0,396,573.897713531518,4,0,0,0,0,0,16383,0.0,1
968454,5,0.0,30.983866769659336,0.0,0.0,82165.27454854002,3.072898451871655,0,0,116,9.999999999999998,4,0,0,0,0,0,16383,0.0,1
266097,5,0.0,108.1309604080372,699.411275182988,279.7645100731952,47738.099522821474,5.239002573509596,0,0,116,141.68859890902388,4,0,0,0,0,0,16383,0.0,1
79591,2,0.0,0.0,0.0,0.0,29094.293466356405,4.25319890701281,0,0,40,0.0,0,0,0,0,0,0,16383,0.0,1
335112,3,0.0,80.03047460475355,0.0,0.0,66477.57348812262,7.196306548122697,0,0,76,29.82066665641052,4,0,0,0,0,0,16383,0.0,1
1084548,15,0.0,595.5231615012428,287.24314650608267,139.29231633133577,85821.2407957086,2.0,0,0,334,505.65570440622463,4,0,0,0,0,0,16383,0.0,1
46337,2,0.0,0.0,0.0,0.0,19683.70170339655,2.0,0,0,40,0.0,0,0,0,0,0,0,16383,0.0,1
1093707,7,0.0,77.5867916840081,302.5662688023151,86.44750537209003,240822.7957703217,2.4943914069264888,0,0,156,66.65614225889927,4,0,0,0,0,0,16383,0.0,1
29594,2,0.0,0.0,0.0,0.0,9309.730385898532,3.729741278366423,0,0,40,0.0,0,0,0,0,0,0,16383,0.0,1
271677,3,0.0,644.2268133719784,0.0,0.0,33344.52410124735,2.4930487891070388,0,0,85,301.0936232230159,4,0,0,0,0,0,16383,0.0,1
8,0,28.23906100294165,0.0,0.0,0.0,0.0,0.0,0,0,0,28.23906100294165,0,0,0,0,0,0,0,0.0,1
816519,5,0.0,76.43228077363389,265.3836161137895,106.1534464455158,132120.9854462181,4.359253458620628,0,0,116,69.42201982472095,4,0,0,0,0,0,16383,0.0,1
757649,17,0.0,370.1952023767944,734.58318702623,244.9442491175052,52004.52895952352,1.453752399869149,0,0,374,294.86915250801314,4,0,0,0,0,0,16383,0.0,1
5,0,4.0,0.0,0.0,0.0,0.0,0.0,0,0,0,4.0,0,0,0,0,0,0,0,0.0,1
627276,5,0.0,30.983866769659336,0.0,0.0,31749.318079224595,6.417984085506913,0,0,116,9.999999999999998,4,0,0,0,0,0,16383,0.0,1
8,0,56.0,0.0,0.0,0.0,0.0,0.0,0,0,0,56.0,0,0,0,0,0,0,0,0.0,1
1134498,7,0.0,68.56911854650826,214.4746581990199,61.27847377114853,227020.1419563808,1.1438463780053398,0,0,156,56.05606925448939,4,0,0,0,0,0,16383,0.0,1
314211,3,0.0,136.99120728130663,0.0,0.0,62392.605284198544,7.404574010481914,0,0,76,53.05646643773489,4,0,0,0,0,0,16383,0.0,1
97680268,0,169.93826317408622,28.47579502745107,0.0,0.0,1976381.499491443,0.0,0,0,0,217.6879298452001,0,0,0,0,935,0,0,3.727837351756508,1
11879457,1,371.6014795910246,20.503293629313944,219.87611425061985,62.82174692874854,5959071.78596467,1.5761728620116118,0,0,40,402.93950472984375,1,0,0,0,1532,219,4303,48901.29722080122,1
87471,2,0.0,0.0,0.0,0.0,24104.231235067236,7.0,0,0,40,0.0,0,0,0,0,0,0,16383,0.0,1
619425,3,0.0,36.2180767743359,0.0,0.0,164215.30527485858,6.355487074632506,0,0,76,14.027200817866458,4,0,0,0,0,0,16383,0.0,1
82851,2,0.0,0.0,0.0,0.0,31219.240770317047,5.560006394745107,0,0,40,0.0,0,0,0,0,0,0,16383,0.0,1
118468,2,0.0,0.0,0.0,0.0,67249.72830275407,1.4046624784524129,0,0,40,0.0,0,0,0,0,0,0,16383,0.0,1
83062,2,0.0,0.0,0.0,0.0,31084.384709381,5.75372429250435,0,0,40,0.0,0,0,0,0,0,0,16383,0.0,1
1,0,56.0,0.0,0.0,0.0,0.0,0.0,0,0,0,56.0,0,0,0,0,0,0,0,0.0,1
1198079,5,0.0,196.83308027294584,345.5443157790498,138.21772631161988,271547.0927019794,2.788913962965867,0,0,116,116.16576510750136,4,0,0,0,0,0,16383,0.0,1
1095713,9,0.0,45.42044154003793,45.0,14.510204391481762,145255.9983171492,2.7663095511746363,0,0,205,21.034751737233112,4,0,0,0,0,0,16383,0.0,1
968684,5,0.0,145.8525438299573,0.0,0.0,131239.09289895897,3.803990853050201,0,0,116,47.07370610461766,4,0,0,0,0,0,16383,0.0,1
691854,3,0.0,26.523960390300186,0.0,0.0,113210.24949306344,4.4140952074553095,0,0,76,10.272685686709778,4,0,0,0,0,0,16383,0.0,1
8,0,847.893159029924,0.0,0.0,0.0,0.0,0.0,0,0,0,847.893159029924,0,0,0,0,0,0,0,0.0,1
17467,2,0.0,0.0,0.0,0.0,3252.230036405996,6.747356069121498,0,0,40,0.0,0,0,0,0,0,0,16383,0.0,1
823485,5,0.0,86.68750100958688,338.0632887510705,135.2253155004282,150221.06987480223,5.61959460261972,0,0,116,80.38375613355407,4,0,0,0,0,0,16383,0.0,1
25247,2,0.0,0.0,0.0,0.0,9136.4790644583,6.533617245617986,0,0,40,0.0,0,0,0,0,0,0,16383,0.0,1
30838,2,0.0,0.0,0.0,0.0,4763.596415631891,3.9678762720714897,0,0,40,0.0,0,0,0,0,0,0,16383,0.0,1
1454555,22,0.0,621.3389971644139,293.819615798344,132.54691609269395,98488.74208761504,2.0,0,0,456,443.081026328434,4,0,0,0,0,0,16383,0.0,1
995865,24,0.0,310.3708571784081,878.5430767107916,457.6607935749114,68378.25031262677,1.0,0,0,499,538.266374218778,4,0,0,0,0,0,16383,0.0,1
656499,27,0.0,13.718021574418026,1460.0,727.5859269519724,49206.924072760215,1.839139706514902,0,0,562,441.1653892131224,4,0,0,0,0,0,16383,0.0,1
182716,9,0.0,545.1830109526103,1460.0,964.109951481556,33293.50612630391,2.8989563334002915,0,0,196,641.8573501177416,4,0,0,0,0,0,16383,0.0,1
3,0,56.0,0.0,0.0,0.0,0.0,0.0,0,0,0,56.0,0,0,0,0,0,0,0,0.0,1
112101,2,0.0,0.0,0.0,0.0,52739.46670924749,2.7884069594544023,0,0,40,0.0,0,0,0,0,0,0,16383,0.0,1
974737,34,0.0,50.13401286201213,1460.0,956.4177533962544,70759.40213329393,1.5061398526946443,0,0,696,646.2863189739015,4,0,0,0,0,0,16383,0.0,1
301623,5,0.0,164.6100922389158,1054.495572385485,421.7982289541941,59403.836300461866,3.814625056025917,0,0,116,213.61521010681767,4,0,0,0,0,0,16383,0.0,1
783264,5,0.0,30.983866769659336,0.0,0.0,62047.83926770322,3.936163041550997,0,0,116,9.999999999999998,4,0,0,0,0,0,16383,0.0,1
301141,5,0.0,94.04251476198124,645.6226272173488,258.2490508869396,61748.43565571671,5.567589333708851,0,0,116,128.97729706953217,4,0,0,0,0,0,16383,0.0,1
233367,22,0.0,234.75351116060256,1460.0,1151.7811644707556,36895.737603073234,1.0,0,0,474,833.9043565441775,4,0,0,0,0,0,16383,0.0,1
663096,7,0.0,254.6892195258229,179.70739996404012,80.6059479540659,98312.4415659479,2.3929330886319105,0,0,174,104.65858491072508,4,0,0,0,0,0,16383,0.0,1
1118149,16,0.0,714.6633975092481,92.63904559401011,35.50961855983108,70396.40145756803,2.6058095054000923,0,0,348,538.5064395253762,4,0,0,0,0,0,16383,0.0,1
91021,2,0.0,0.0,0.0,0.0,22064.040600615503,7.0,0,0,40,0.0,0,0,0,0,0,0,16383,0.0,1
516235,5,0.0,43.42150837769332,117.51750698357708,47.00700279343083,94951.12883547255,4.042103737251466,0,0,116,38.64097341141789,4,0,0,0,0,0,16383,0.0,1
1148910,5,0.0,147.5591297832147,206.6932996272611,82.67731985090442,254771.81976695545,4.056194978870954,0,0,116,78.32300418746921,4,0,0,0,0,0,16383,0.0,1
899672,22,0.0,675.2114911625354,121.66468768003293,44.345062126886205,36886.92786199832,2.0193750211803434,0,0,456,668.3445223016687,4,0,0,0,0,0,16383,0.0,1
1015924,6,0.0,77.16785831850146,13.548560029915926,3.871017151404551,194252.76470246303,2.8467850018697454,0,0,149,26.426973245715125,4,0,0,0,0,0,16383,0.0,1
1,0,56.0,0.0,0.0,0.0,0.0,0.0,0,0,0,56.0,0,0,0,0,0,0,0,0.0,1
29755,2,0.0,0.0,0.0,0.0,9363.168814346,4.578880045358733,0,0,40,0.0,0,0,0,0,0,0,16383,0.0,1
181599,3,0.0,91.57395185251636,0.0,0.0,33938.828081643005,4.99979915922315,0,0,76,35.46643904711957,4,0,0,0,0,0,16383,0.0,1
1661523,5,0.0,117.30268879858032,0.0,0.0,191333.77124984583,3.0,0,0,116,37.85928001518774,4,0,0,0,0,0,16383,0.0,1
703560,5,0.0,30.983866769659336,0.0,0.0,45550.22509536133,3.572772509737109,0,0,116,9.999999999999998,4,0,0,0,0,0,16383,0.0,1
3,0,107.50624461158702,0.0,0.0,0.0,0.0,0.0,0,0,0,107.50624461158702,0,0,0,0,0,0,0,0.0,1
301492,5,0.0,173.49768482459154,1027.7899694525431,411.1159877810173,59009.64716351267,3.7939550847155914,0,0,116,212.2514159997476,4,0,0,0,0,0,16383,0.0,1
14732,2,0.0,0.0,0.0,0.0,3859.600453375156,6.567586171337886,0,0,40,0.0,0,0,0,0,0,0,16383,0.0,1
620977,5,0.0,350.2931543865044,0.0,0.0,69801.41803812253,2.66595445158004,0,0,116,113.0566294357829,4,0,0,0,0,0,16383,0.0,1
49458,2,0.0,0.0,0.0,0.0,24686.008823298933,6.465895035180047,0,0,40,0.0,0,0,0,0,0,0,16383,0.0,1
1048881,10,0.0,108.38231008475144,42.37270323556032,16.38097516762611,147020.29289016724,2.955380641614428,0,0,226,36.91521124456175,4,0,0,0,0,0,16383,0.0,1
1866925,18,0.0,7.820203462951181,1388.2328580347169,232.01493996937955,175241.7451526607,6.746405858779919,0,0,387,122.89466612332208,4,0,0,0,0,0,16383,0.0,1
1831649,16,0.0,316.3464358085737,329.6207776418639,98.34744346901424,116906.78517867575,1.3050996868195266,0,0,343,124.758470503244,4,0,0,0,0,0,16383,0.0,1
53123,2,0.0,0.0,0.0,0.0,26614.04911934342,4.675437157468141,0,0,40,0.0,0,0,0,0,0,0,16383,0.0,1
985711,5,0.0,77.13460380196213,0.0,0.0,213896.13450726971,1.5393272083450067,0,0,116,24.31983038493865,4,0,0,0,0,0,16383,0.0,1
2315583,28,0.0,612.5008903195098,114.543298053118,31.40471333270708,65166.69371576799,2.0,0,0,580,836.7693487524953,4,0,0,0,0,0,16383,0.0,1
63773,2,0.0,0.0,0.0,0.0,33788.59579973006,9.894522249186418,0,0,40,0.0,0,0,0,0,0,0,16383,0.0,1
2831144,17,0.0,337.76055570176067,215.2186443172809,86.12545083417004,232046.83544232196,2.3537095654411653,0,0,356,122.83960305574324,4,0,0,0,0,0,16383,0.0,1
274701,5,0.0,345.68867997685953,667.0487898206891,266.8195159282756,51103.8189065068,2.544108623939469,0,0,116,228.1645116017955,4,0,0,0,0,0,16383,0.0,1
3693314,19,0.0,14.706975586072746,102.20684948807988,38.54444850907996,279487.9503857744,1.551712372019967,0,0,396,24.56450830543925,4,0,0,0,246,732,16383,0.0,1
9,0,56.0,0.0,0.0,0.0,0.0,0.0,0,0,0,56.0,0,0,0,0,0,0,0,0.0,1
53488,2,0.0,0.0,0.0,0.0,26875.96403504788,6.2107889749895975,0,0,40,0.0,0,0,0,0,0,0,16383,0.0,1
90430,2,0.0,0.0,0.0,0.0,47417.58111882085,8.793107509408598,0,0,40,0.0,0,0,0,0,0,0,16383,0.0,1
63614,2,0.0,0.0,0.0,0.0,34923.51485424202,4.396136295072805,0,0,40,0.0,0,0,0,0,0,0,16383,0.0,1
6,0,32.263258024319455,0.0,0.0,0.0,0.0,0.0,0,0,0,32.263258024319455,0,0,0,0,0,0,0,0.0,1
53028,2,0.0,0.0,0.0,0.0,26288.278371989145,5.2173352203338,0,0,40,0.0,0,0,0,0,0,0,16383,0.0,1
1011135,7,0.0,660.9974847684388,196.73293838112403,50.018689537084285,103040.41017689942,4.373293838112403,0,0,174,713.1875520886734,4,0,0,0,0,0,16383,0.0,1
52262,2,0.0,0.0,0.0,0.0,24897.72323850749,7.480959702566112,0,0,40,0.0,0,0,0,0,0,0,16383,0.0,1
198793,3,0.0,301.6869876823864,0.0,0.0,47035.08315990419,6.176047263246107,0,0,76,116.84286790613646,4,0,0,0,0,0,16383,0.0,1
968154,7,0.0,71.87162114183555,147.2197835210421,42.06279529172631,178243.6706798374,3.709296127140768,0,0,156,49.059378402249095,4,0,0,0,0,0,16383,0.0,1
241067,3,0.0,55.413620219734256,0.0,0.0,60696.85605854556,6.915400706602335,0,0,76,21.46160282640934,4,0,0,0,0,0,16383,0.0,1
1682428,132,0.0,316.1663560411116,674.397386234295,522.962677113754,39656.187194676095,1.0,0,0,2671,999.0537928501656,4,0,0,0,0,0,16383,0.0,1
731795,5,0.0,30.983866769659336,0.0,0.0,46582.960002805165,5.0,0,0,116,9.999999999999998,4,0,0,0,0,0,16383,0.0,1
53205,2,0.0,0.0,0.0,0.0,24767.129825308028,7.677465911548863,0,0,40,0.0,0,0,0,0,0,0,16383,0.0,1
607498,7,0.0,0.0,1460.0,475.1428571428572,245212.7227518657,4.436262898554601,0,0,156,255.84615384615387,4,0,0,0,0,0,16383,0.0,1
41554,2,0.0,0.0,0.0,0.0,10644.059007344453,5.614937698477732,0,0,40,0.0,0,0,0,0,0,0,16383,0.0,1
42214,2,0.0,0.0,0.0,0.0,24842.90121873867,4.709976955630862,0,0,40,0.0,0,0,0,0,0,0,16383,0.0,1
671298,5,0.0,76.97190202897725,191.41823282615007,76.56729313046003,101021.96414404352,4.843162690193721,0,0,116,67.88396115707351,4,0,0,0,0,0,16383,0.0,1
9,0,304.6661890050356,0.0,0.0,0.0,0.0,0.0,0,0,0,304.6661890050356,0,0,0,0,0,0,0,0.0,1
1870284,18,0.0,96.40835555070018,106.58557109137334,41.881819255164736,129101.59445823552,4.207214454313327,0,0,388,43.86656457004777,4,0,0,0,0,0,16383,0.0,1
73370,2,0.0,0.0,0.0,0.0,31326.177422175933,9.874398031708331,0,0,40,0.0,0,0,0,0,0,0,16383,0.0,1
181752,9,0.0,548.7470915097023,1460.0,965.2693469734428,33129.036836713574,3.942412276098448,0,0,196,643.3304643897861,4,0,0,0,0,0,16383,0.0,1
8942,2,259.0135414408295,0.0,6.932910638137834,6.932910638137834,1597.4311899656718,5.613417872372433,0,0,33,158.18128911975282,0,0,0,0,0,0,11839,0.0,1
651172,3,0.0,66.71088586655735,0.0,0.0,123884.92732962666,9.0,0,0,76,25.83701499719204,4,0,0,0,0,0,16383,0.0,1
41366,2,0.0,0.0,0.0,0.0,19554.054721804518,8.529558356173238,0,0,40,0.0,0,0,0,0,0,0,16383,0.0,1
62502,2,0.0,0.0,0.0,0.0,32847.73752707126,5.253274251036749,0,0,40,0.0,0,0,0,0,0,0,16383,0.0,1
584572,9,0.0,715.6088877297065,45.0,14.222222222222223,41676.25047624212,3.071118735635592,0,0,196,659.9484056161372,4,0,0,0,0,0,16383,0.0,1
78930,2,0.0,0.0,0.0,0.0,26063.21509975049,8.493030125158802,0,0,40,0.0,0,0,0,0,0,0,16383,0.0,1
300826,5,0.0,85.30312498969546,428.7674129770816,171.50696519083266,58482.327339246745,7.590307804809269,0,0,116,92.85950728730204,4,0,0,0,0,0,16383,0.0,1
40945,2,0.0,0.0,0.0,0.0,12962.43620188152,7.783920738807048,0,0,40,0.0,0,0,0,0,0,0,16383,0.0,1
9,0,56.0,0.0,0.0,0.0,0.0,0.0,0,0,0,56.0,0,0,0,0,0,0,0,0.0,1
66383,2,0.0,0.0,0.0,0.0,20307.26923259426,7.858937966887323,0,0,40,0.0,0,0,0,0,0,0,16383,0.0,1
11,0,504.0,0.0,0.0,0.0,0.0,0.0,0,0,0,504.0,0,0,0,0,0,0,0,0.0,1
544753,5,0.0,82.49568322700381,925.3068559159444,370.1227423663777,108156.4658440206,5.923286021013936,0,0,116,168.36503027726243,4,0,0,0,0,0,16383,0.0,1
86704,2,0.0,0.0,0.0,0.0,22715.90047071906,4.268948054040591,0,0,40,0.0,0,0,0,0,0,0,16383,0.0,1
640725,5,0.0,30.983866769659336,0.0,0.0,34303.276564313375,2.809227397621301,0,0,116,9.999999999999998,4,0,0,0,0,0,16383,0.0,1
779700,7,0.0,63.059605611973126,148.9550107199286,42.96482385628228,169409.37580203696,5.511993605402993,0,0,167,48.158579443166346,4,0,0,0,0,0,16383,0.0,1
9,0,517.3028295435805,0.0,0.0,0.0,0.0,0.0,0,0,0,517.3028295435805,0,0,0,0,0,0,0,0.0,1
1462720,22,0.0,655.403055796643,135.0,46.39196297239175,53692.49110896346,1.0,0,0,475,753.4824293748777,4,0,0,0,0,0,16383,0.0,1
706847,3,0.0,92.97124859942193,0.0,0.0,130253.4845315256,3.1203782992742664,0,0,76,36.00760975016707,4,0,0,0,0,0,16383,0.0,1
23330,2,0.0,0.0,0.0,0.0,11216.51731559285,4.639702486691324,0,0,40,0.0,0,0,0,0,0,0,16383,0.0,1
664273,7,0.0,0.0,1460.0,475.1428571428572,278684.753111947,2.104047510058894,0,0,156,255.84615384615387,4,0,0,0,0,0,16383,0.0,1
97172,2,0.0,0.0,0.0,0.0,40544.95210923311,7.88635396130328,0,0,40,0.0,0,0,0,0,0,0,16383,0.0,1
31727,2,0.0,0.0,0.0,0.0,5386.334000944473,5.980408125244534,0,0,40,0.0,0,0,0,0,0,0,16383,0.0,1
1066802,6,0.0,92.67655920024876,377.7961374405565,107.9417535544447,225165.5296505037,1.999460681059673,0,0,155,75.69755021307718,4,0,0,0,0,0,16383,0.0,1
55828,2,0.0,0.0,0.0,0.0,19916.139109343923,7.197726302852522,0,0,40,0.0,0,0,0,0,0,0,16383,0.0,1
1030561,3,0.0,107.9658361607732,0.0,0.0,206561.38752787127,4.786723014733541,0,0,76,41.8149885410033,4,0,0,0,0,0,16383,0.0,1
2421171,36,0.0,581.1086489721163,119.1945215057636,27.133964430603356,54240.84109462165,1.4902739247118202,0,0,737,904.5901885560802,4,0,0,0,0,0,16383,0.0,1
240509,3,0.0,184.6628759861941,0.0,0.0,48136.32194323102,6.0006708290544,0,0,76,71.51962433572955,4,0,0,0,0,0,16383,0.0,1
3262206,34,0.0,597.3543921359319,110.90758570677606,27.11878556664666,73663.68134238246,1.0,0,0,697,887.6792112019524,4,0,0,0,0,0,16383,0.0,1
5061927,19,0.0,16.293795619402555,103.28467473884646,37.40353864241693,359885.47028062807,1.0,0,0,407,23.441316800136654,4,0,0,0,267,731,16383,0.0,1
2,0,738.0346763605901,0.0,0.0,0.0,0.0,0.0,0,0,0,738.0346763605901,0,0,0,0,0,0,0,0.0,1
382150,5,0.0,69.37980940858942,5.117487963413826,2.04699518536553,119118.34100245337,2.0,0,0,116,22.805267469645145,4,0,0,0,0,0,16383,0.0,1
727806,5,0.0,18.13099977497705,0.0,0.0,107576.75037005924,1.4603382110968477,0,0,116,5.851755014881379,4,0,0,0,0,0,16383,0.0,1
5,0,701.5001380493894,0.0,0.0,0.0,0.0,0.0,0,0,0,701.5001380493894,0,0,0,0,0,0,0,0.0,1
3,0,24.0,0.0,0.0,0.0,0.0,0.0,0,0,0,24.0,0,0,0,0,0,0,0,0.0,1
11,0,56.0,0.0,0.0,0.0,0.0,0.0,0,0,0,56.0,0,0,0,0,0,0,0,0.0,1
1325491,10,0.0,572.2891166781919,0.0,0.0,82870.5545411631,1.0,0,0,219,925.2132150348372,4,0,0,0,0,0,16383,0.0,1
661496,3,0.0,131.15089641335996,0.0,0.0,120942.30148106422,13.665964585245092,0,0,76,50.79452376491171,4,0,0,0,0,0,16383,0.0,1
661986,11,0.0,187.2753234572029,1460.0,816.483783089272,115544.93368174776,1.3625975187907784,0,0,236,493.93770626046376,4,0,0,0,0,0,16383,0.0,1
103755,2,0.0,0.0,0.0,0.0,41264.105187977606,8.0,0,0,40,0.0,0,0,0,0,0,0,16383,0.0,1
3,0,695.0966064546102,0.0,0.0,0.0,0.0,0.0,0,0,0,695.0966064546102,0,0,0,0,0,0,0,0.0,1
645136,9,0.0,93.68746604463448,1460.0,742.7010027040058,108265.87881322404,1.361666083195043,0,0,207,406.840806854686,4,0,0,0,0,0,16383,0.0,1
8,0,24.0,0.0,0.0,0.0,0.0,0.0,0,0,0,24.0,0,0,0,0,0,0,0,0.0,1
1238091,9,0.0,573.0092192625954,0.0,0.0,84443.31804403242,1.0,0,0,200,927.8008117596498,4,0,0,0,0,0,16383,0.0,1
883576,117,0.0,135.12080672889425,1460.0,1240.6324786324783,68919.93617937916,1.0,0,0,2356,1036.1134751773054,4,0,0,0,0,0,16383,0.0,1
80219,2,0.0,0.0,0.0,0.0,26245.748556635357,7.159409512011375,0,0,40,0.0,0,0,0,0,0,0,16383,0.0,1
445951,3,0.0,54.36382717535864,0.0,0.0,84894.54725190595,3.5613028193813028,0,0,76,21.055019728626217,4,0,0,0,0,0,16383,0.0,1
77995,2,0.0,0.0,0.0,0.0,25715.3863253057,5.924248847527469,0,0,40,0.0,0,0,0,0,0,0,16383,0.0,1
27718,2,0.0,0.0,0.0,0.0,12099.85675430304,6.0,0,0,40,0.0,0,0,0,0,0,0,16383,0.0,1
1232633,15,0.0,425.8991286721824,303.506444328296,111.56568805612764,87688.7424206515,2.946186893991261,0,0,318,182.31861880628676,4,0,0,0,0,0,16383,0.0,1
104359,2,0.0,0.0,0.0,0.0,41107.87357863167,8.0,0,0,40,0.0,0,0,0,0,0,0,16383,0.0,1
10,0,24.0,0.0,0.0,0.0,0.0,0.0,0,0,0,24.0,0,0,0,0,0,0,0,0.0,1
6,0,56.0,0.0,0.0,0.0,0.0,0.0,0,0,0,56.0,0,0,0,0,0,0,0,0.0,1
266717,5,0.0,100.25417115476428,595.2493412172063,238.0997364868825,51001.81493084684,2.874185047963952,0,0,116,123.18603883049194,4,0,0,0,0,0,16383,0.0,1
8,0,24.0,0.0,0.0,0.0,0.0,0.0,0,0,0,24.0,0,0,0,0,0,0,0,0.0,1
8,0,24.0,0.0,0.0,0.0,0.0,0.0,0,0,0,24.0,0,0,0,0,0,0,0,0.0,1
459874,3,0.0,128.92514246739597,0.0,0.0,98028.66329248525,6.460117373420074,0,0,76,49.93249296836432,4,0,0,0,0,0,16383,0.0,1
623267,5,0.0,65.84227708401295,0.0,0.0,91661.35988586547,7.0,0,0,116,21.25050355189637,4,0,0,0,0,0,16383,0.0,1
3,0,24.0,0.0,0.0,0.0,0.0,0.0,0,0,0,24.0,0,0,0,0,0,0,0,0.0,1
14932,2,0.0,0.0,0.0,0.0,3982.766645921545,8.180394503976405,0,0,40,0.0,0,0,0,0,0,0,16383,0.0,1
475757,9,0.0,145.89706090580572,1460.0,662.6666666666666,127371.62103650352,1.0,0,0,196,386.0,4,0,0,0,0,0,16383,0.0,1
19411,2,0.0,0.0,0.0,0.0,4869.965803706416,7.192946478015847,0,0,40,0.0,0,0,0,0,0,0,16383,0.0,1
554692,5,0.0,75.98273919214215,233.8158418490457,93.52633673961827,96703.71769039633,6.50204620167727,0,0,116,70.10597906679908,4,0,0,0,0,0,16383,0.0,1
780543,5,0.0,29.830315415700763,0.0,0.0,64234.18681646914,3.489228394292191,0,0,116,9.62769290142695,4,0,0,0,0,0,16383,0.0,1
3,0,24.0,0.0,0.0,0.0,0.0,0.0,0,0,0,24.0,0,0,0,0,0,0,0,0.0,1
9,0,24.0,0.0,0.0,0.0,0.0,0.0,0,0,0,24.0,0,0,0,0,0,0,0,0.0,1
65978,2,0.0,0.0,0.0,0.0,46269.191782531816,2.0,0,0,40,0.0,0,0,0,0,0,0,16383,0.0,1
99976,2,0.0,0.0,0.0,0.0,25967.287656445114,2.067152546103367,0,0,40,0.0,0,0,0,0,0,0,16383,0.0,1
5,0,25.78964320410322,0.0,0.0,0.0,0.0,0.0,0,0,0,25.78964320410322,0,0,0,0,0,0,0,0.0,1
180137,3,0.0,88.21838439582125,0.0,0.0,33589.74606434529,3.8530882583241097,0,0,76,34.166833359433994,4,0,0,0,0,0,16383,0.0,1
41014,2,0.0,0.0,0.0,0.0,13083.594357989838,6.947174106091397,0,0,40,0.0,0,0,0,0,0,0,16383,0.0,1
512172,5,0.0,80.55805360111427,0.0,0.0,49154.58088009872,4.129205974911879,0,0,116,26.0,4,0,0,0,0,0,16383,0.0,1
1867425,5,0.0,202.75846651687667,31.996945841853396,9.141984526243828,397421.85422332113,2.0,0,0,118,69.43375748967533,4,0,0,0,22,63,16383,0.0,1
9,0,56.0,0.0,0.0,0.0,0.0,0.0,0,0,0,56.0,0,0,0,0,0,0,0,0.0,1
1589458,11,0.0,540.3257685855763,0.0,0.0,95084.88997811926,2.511938630681928,0,0,236,980.8017994574052,4,0,0,0,0,0,16383,0.0,1
90969,2,0.0,0.0,0.0,0.0,35450.695916575634,6.527007624581533,0,0,40,0.0,0,0,0,0,0,0,16383,0.0,1
661111,3,0.0,20.500970891836992,0.0,0.0,126764.92547885166,9.438405492287806,0,0,76,7.638997795746343,4,0,0,0,0,0,16383,0.0,1
662415,5,0.0,80.75783612790843,198.4626766432441,79.38507065729765,95851.74610784702,2.512441118918632,0,0,116,67.59661833098255,4,0,0,0,0,0,16383,0.0,1
98731,2,0.0,0.0,0.0,0.0,20558.654711463525,7.0,0,0,40,0.0,0,0,0,0,0,0,16383,0.0,1
754339,4,0.0,712.5564964105106,0.0,0.0,105596.73839029208,4.5505385829840375,0,0,103,572.546361292622,4,0,0,0,0,0,16383,0.0,1
81902,2,0.0,0.0,0.0,0.0,34314.47804471118,6.780489247465554,0,0,40,0.0,0,0,0,0,0,0,16383,0.0,1
85454,2,0.0,0.0,0.0,0.0,41823.16302506852,2.260706655641287,0,0,40,0.0,0,0,0,0,0,0,16383,0.0,1
25254,2,0.0,0.0,0.0,0.0,9125.264046295582,6.465326908533045,0,0,40,0.0,0,0,0,0,0,0,16383,0.0,1
899408,21,0.0,682.5674177759487,113.50801293088664,43.66161404170624,37998.16080740204,1.0597662271631356,0,0,437,646.3558000424129,4,0,0,0,0,0,16383,0.0,1
61715,2,0.0,0.0,0.0,0.0,17635.16410108671,6.868109111142262,0,0,40,0.0,0,0,0,0,0,0,16383,0.0,1
46346,2,0.0,0.0,0.0,0.0,21169.324978253077,7.0,0,0,40,0.0,0,0,0,0,0,0,16383,0.0,1
2292696,15,0.0,85.78134769787803,418.65597179378994,104.66313346440312,168290.66309421434,2.788035149575022,0,0,332,101.6651946933778,4,0,0,0,0,0,16383,0.0,1
845934,5,0.0,8.701538261482884,120.17638653248858,48.07055461299544,293174.90050249745,7.0,0,0,116,24.593766993847765,4,0,0,0,0,0,16383,0.0,1
1831859,17,0.0,361.0707495172188,111.9149870719415,53.514135869098304,113007.74835571568,1.5425064640292536,0,0,361,104.60907482136696,4,0,0,0,0,0,16383,0.0,1
636699,5,0.0,30.983866769659336,0.0,0.0,34250.45580624715,2.2912572934108466,0,0,116,9.999999999999998,4,0,0,0,0,0,16383,0.0,1
863130,3,0.0,21.797291523282816,0.0,0.0,257119.6612112921,8.394863234474386,0,0,76,8.442054706210246,4,0,0,0,0,0,16383,0.0,1
67421,2,0.0,0.0,0.0,0.0,47355.81567170913,3.4287736356553054,0,0,40,0.0,0,0,0,0,0,0,16383,0.0,1
1357907,7,0.0,86.58650739899484,229.057917058706,65.44511915963028,264969.601810988,5.565491348502773,0,0,156,60.33611990955092,4,0,0,0,0,0,16383,0.0,1
717712,7,0.0,77.70980360152979,189.81274475881165,54.2322127882319,176812.0505994267,1.9374811723991048,0,0,156,57.51683467335752,4,0,0,0,0,0,16383,0.0,1
87882,2,0.0,0.0,0.0,0.0,24052.128781963063,7.0,0,0,40,0.0,0,0,0,0,0,0,16383,0.0,1
3,0,36.31227138756403,0.0,0.0,0.0,0.0,0.0,0,0,0,36.31227138756403,0,0,0,0,0,0,0,0.0,1
643977,10,0.0,94.681747844768,1460.0,761.6689599023392,105908.39553453446,1.243442616765411,0,0,216,422.3810000324172,4,0,0,0,0,0,16383,0.0,1
7,0,56.0,0.0,0.0,0.0,0.0,0.0,0,0,0,56.0,0,0,0,0,0,0,0,0.0,1
100433,2,0.0,0.0,0.0,0.0,44723.35656097688,6.162775696663166,0,0,40,0.0,0,0,0,0,0,0,16383,0.0,1
2677910,17,0.0,128.4007104907456,380.41897442229,139.4460691778182,210682.0276768596,1.0,0,0,356,122.74822616513246,4,0,0,0,0,0,16383,0.0,1
44695,2,0.0,0.0,0.0,0.0,17916.28815238252,2.2967199459577494,0,0,40,0.0,0,0,0,0,0,0,16383,0.0,1
41241424,5,0.0,15.100834798118942,0.0,0.0,14290878.445208572,3.207579066470426,0,0,116,4.566063253176341,4,0,0,0,68,0,16383,42151.44985431696,1
10,0,56.0,0.0,0.0,0.0,0.0,0.0,0,0,0,56.0,0,0,0,0,0,0,0,0.0,1
980068,16,0.0,713.7810437626342,85.96606947890068,31.61050890890436,80314.1935729346,1.3497449289063383,0,0,354,563.1701149740493,4,0,0,0,0,0,16383,0.0,1
48885872,5,0.0,12.657015670340066,4.068854000624734,1.1824020172755636,16464354.986082189,2.0,0,0,130,4.520981873792202,4,0,0,0,68,15,16383,54523.15216789803,1
8,0,25.303585818658483,0.0,0.0,0.0,0.0,0.0,0,0,0,25.303585818658483,0,0,0,0,0,0,0,0.0,1
1845552,27,0.0,620.2141892798818,125.8441299000427,36.64265575257849,52777.57071877026,1.0,0,0,566,838.2528899091149,4,0,0,0,0,0,16383,0.0,1
98536,2,0.0,0.0,0.0,0.0,19997.88784168763,7.0,0,0,40,0.0,0,0,0,0,0,0,16383,0.0,1
509906,5,0.0,103.61568227003026,0.0,0.0,53439.53230517301,2.206781241050626,0,0,116,33.44181765314553,4,0,0,0,0,0,16383,0.0,1
545678,3,0.0,128.08278325888693,0.0,0.0,102200.61582404665,1.409794371234506,0,0,76,49.60624864975632,4,0,0,0,0,0,16383,0.0,1
9,0,602.3100536016598,0.0,0.0,0.0,0.0,0.0,0,0,0,602.3100536016598,0,0,0,0,0,0,0,0.0,1
712238,5,0.0,30.983866769659336,0.0,0.0,44006.47255386247,3.123318491075292,0,0,116,9.999999999999998,4,0,0,0,0,0,16383,0.0,1
452780,5,0.0,68.16414621357525,185.82134718714372,74.32853887485749,66828.31938873531,3.801940653376704,0,0,116,62.63494786109488,4,0,0,0,0,0,16383,0.0,1
2444542,36,0.0,581.6857443551276,120.58296508818998,26.421553680313817,56016.60738770424,1.3507097879920842,0,0,751,901.765003801804,4,0,0,0,0,0,16383,0.0,1
102971593,0,64.20978706889198,7.113942352869255,0.0,0.0,2072810.2836681476,0.0,0,0,0,76.13880874289836,0,0,0,0,278,0,0,3.2271599165734965,1
278001,5,0.0,52.3853596256934,23.05415646489437,9.221662585957748,45760.9021438942,7.0,0,0,116,24.833358498041846,4,0,0,0,0,0,16383,0.0,1
77785,2,0.0,0.0,0.0,0.0,17728.49516396106,7.306825764778176,0,0,40,0.0,0,0,0,0,0,0,16383,0.0,1
524987,3,0.0,49.48245537634942,0.0,0.0,111496.42385637644,5.800692875724643,0,0,76,19.164472560205297,4,0,0,0,0,0,16383,0.0,1
341643,3,0.0,57.9061210691934,0.0,0.0,80847.81801116915,4.75988103380901,0,0,76,22.426944254445644,4,0,0,0,0,0,16383,0.0,1
2399982,64,0.0,95.54139291577415,1254.8388484666048,867.0337691404206,108300.79018170352,1.151410443936085,0,0,1308,750.5931554358928,4,0,0,0,0,0,16383,0.0,1
539713,8,0.0,571.9007380485872,437.181060029425,244.42816059541315,56382.53039649226,4.395360515153572,0,0,180,662.0549672258951,4,0,0,0,0,0,16383,0.0,1
383408,5,0.0,64.877312658098,6.148205104956112,2.459282041982445,121685.2359902171,2.0,0,0,116,21.573074816252934,4,0,0,0,0,0,16383,0.0,1
38649,2,0.0,0.0,0.0,0.0,14106.437787391622,6.428854641108896,0,0,40,0.0,0,0,0,0,0,0,16383,0.0,1
795694,7,0.0,501.8203292585334,195.0,55.71428571428572,198741.9780300219,7.0,0,0,156,181.75,4,0,0,0,0,0,16383,0.0,1
104857,2,0.0,0.0,0.0,0.0,40979.143922325646,8.0,0,0,40,0.0,0,0,0,0,0,0,16383,0.0,1
1046605,6,0.0,69.30776494840566,237.4620937011706,67.84631248604875,218199.46035215608,1.628206597093044,0,0,141,51.065317708665646,4,0,0,0,0,0,16383,0.0,1
91498,2,0.0,0.0,0.0,0.0,31385.163625864945,3.635884226354141,0,0,40,0.0,0,0,0,0,0,0,16383,0.0,1
475353,3,0.0,128.161215044217,0.0,0.0,99059.74428979024,7.070329156875411,0,0,76,47.75496947867826,4,0,0,0,0,0,16383,0.0,1
537630,3,0.0,80.55805360111427,0.0,0.0,101924.24054918264,1.2193179253121378,0,0,76,31.2,4,0,0,0,0,0,16383,0.0,1
577242,29,0.0,255.8419451452721,890.2517176073673,723.0581023493983,51365.83070566859,1.390238549583995,0,0,601,920.0919325401233,4,0,0,0,0,0,16383,0.0,1
1347354,17,0.0,270.6205695790945,121.2497376297774,51.55671683974517,106210.72125690762,1.0,0,0,372,90.33335570250684,4,0,0,0,0,0,16383,0.0,1
10,0,56.0,0.0,0.0,0.0,0.0,0.0,0,0,0,56.0,0,0,0,0,0,0,0,0.0,1
86475,2,0.0,0.0,0.0,0.0,24600.25555987693,5.662297841187479,0,0,40,0.0,0,0,0,0,0,0,16383,0.0,1
1134881,17,0.0,710.820905641607,116.80516649622491,45.932092050156925,65103.03292741422,2.825501513602045,0,0,375,546.5938330472829,4,0,0,0,0,0,16383,0.0,1
359238,3,0.0,69.80216714611049,0.0,0.0,59621.31210422359,3.4851865776753628,0,0,76,27.034263088607247,4,0,0,0,0,0,16383,0.0,1
19526,2,0.0,0.0,0.0,0.0,3602.930602364841,3.7842756748512727,0,0,40,0.0,0,0,0,0,0,0,16383,0.0,1
753756,19,0.0,720.728678004062,113.33680476015572,47.27134476131562,40166.02703127545,4.288426031979236,0,0,396,541.5423020702926,4,0,0,0,0,0,16383,0.0,1
51124,2,0.0,0.0,0.0,0.0,24716.20944224317,7.0,0,0,40,0.0,0,0,0,0,0,0,16383,0.0,1
66190,2,0.0,0.0,0.0,0.0,28371.02998020302,7.934571885507913,0,0,40,0.0,0,0,0,0,0,0,16383,0.0,1
459792,5,0.0,120.47920221162306,0.0,0.0,50632.22888218114,1.5301347126874765,0,0,116,38.88449531083099,4,0,0,0,0,0,16383,0.0,1
1506330,15,0.0,483.4063505721999,117.102845202023,96.43299648682203,92461.94872844912,2.839585143558873,0,0,316,992.9753192492508,4,0,0,0,0,0,16383,0.0,1
21736,2,0.0,0.0,0.0,0.0,3179.126758324919,7.430904840481063,0,0,40,0.0,0,0,0,0,0,0,16383,0.0,1
63034,2,0.0,0.0,0.0,0.0,28186.51564318532,7.088252003926202,0,0,40,0.0,0,0,0,0,0,0,16383,0.0,1
9,0,47.6963046789862,0.0,0.0,0.0,0.0,0.0,0,0,0,47.6963046789862,0,0,0,0,0,0,0,0.0,1
1587417,20,0.0,636.8930675777451,79.47731873833645,25.73551273431847,74185.61410695597,1.2430731548729863,0,0,427,779.9014825188242,4,0,0,0,0,0,16383,0.0,1
8,0,708.5805654876206,0.0,0.0,0.0,0.0,0.0,0,0,0,708.5805654876206,0,0,0,0,0,0,0,0.0,1
162224,3,0.0,140.19844529431697,0.0,0.0,31420.791332068457,8.666425329632652,0,0,76,54.29862437890612,4,0,0,0,0,0,16383,0.0,1
986559,5,0.0,206.6863715106055,277.5023527716992,111.00094110867968,217096.9953743489,2.41805612240835,0,0,116,107.85897959146168,4,0,0,0,0,0,16383,0.0,1
881273,7,0.0,86.40675288128176,351.5032687046237,100.42950534417818,194042.63715395008,4.0,0,0,156,73.96529439818717,4,0,0,0,0,0,16383,0.0,1
107830,2,0.0,0.0,0.0,0.0,75496.42906382294,5.827728456901927,0,0,40,0.0,0,0,0,0,0,0,16383,0.0,1
72173,2,0.0,0.0,0.0,0.0,34998.72651102664,8.391429474023129,0,0,40,0.0,0,0,0,0,0,0,16383,0.0,1
36980,2,0.0,0.0,0.0,0.0,24463.48958805254,8.47806780143459,0,0,40,0.0,0,0,0,0,0,0,16383,0.0,1
211834,26,0.0,108.08547783273612,1460.0,1212.3825780996165,32087.382422779207,1.337477045712972,0,0,543,868.0965978644202,4,0,0,0,0,0,16383,0.0,1
24306,2,0.0,0.0,0.0,0.0,10110.093171172026,6.927675631177259,0,0,40,0.0,0,0,0,0,0,0,16383,0.0,1
44969,2,0.0,0.0,0.0,0.0,22001.502543974515,7.0,0,0,40,0.0,0,0,0,0,0,0,16383,0.0,1
107893,2,0.0,0.0,0.0,0.0,32464.471606261348,7.54987692115621,0,0,40,0.0,0,0,0,0,0,0,16383,0.0,1
615005,5,0.0,29.277002188455995,0.0,0.0,199535.63157801,1.6195825928270868,0,0,116,9.23076923076923,4,0,0,0,0,0,16383,0.0,1
538993,3,0.0,137.25200607711304,0.0,0.0,99653.59044576452,2.6825482743564497,0,0,76,53.1574733770218,4,0,0,0,0,0,16383,0.0,1
1102387,9,0.0,37.02859072060845,45.0,14.423964240419192,145292.39504178806,2.83629131310246,0,0,202,18.985140962427742,4,0,0,0,0,0,16383,0.0,1
8,0,92.8732433580407,0.0,0.0,0.0,0.0,0.0,0,0,0,92.8732433580407,0,0,0,0,0,0,0,0.0,1
1602144,15,0.0,22.85070839470601,1268.710950224955,199.8473960991565,125676.4985670414,1.1204818224384678,0,0,316,110.1311034852054,4,0,0,0,0,0,16383,0.0,1
863778,7,0.0,93.11101326252422,404.061486875917,115.44613910740486,205735.24607562777,4.148462828102074,0,0,156,79.31763741464752,4,0,0,0,0,0,16383,0.0,1
29287,2,0.0,0.0,0.0,0.0,9167.398300866482,1.6264512595705996,0,0,40,0.0,0,0,0,0,0,0,16383,0.0,1
75435,2,0.0,0.0,0.0,0.0,15224.868926092902,1.2019193493104376,0,0,40,0.0,0,0,0,0,0,0,16383,0.0,1
7,0,56.0,0.0,0.0,0.0,0.0,0.0,0,0,0,56.0,0,0,0,0,0,0,0,0.0,1
119741,2,0.0,0.0,0.0,0.0,53993.28152935959,4.506136241227194,0,0,40,0.0,0,0,0,0,0,0,16383,0.0,1
2392621,73,0.0,6.838592545256887,1460.0,1021.3196671199244,115045.2057299384,1.0,0,0,1484,736.7113448350409,4,0,0,0,0,0,16383,0.0,1
84388,2,0.0,0.0,0.0,0.0,25264.51672783889,2.486883645540021,0,0,40,0.0,0,0,0,0,0,0,16383,0.0,1
617747,3,0.0,21.37112142490567,0.0,0.0,153043.21405778296,7.6061315223502035,0,0,76,8.201008447811095,4,0,0,0,0,0,16383,0.0,1
1018309,5,0.0,30.983866769659336,0.0,0.0,83115.2307374969,1.3617755849593889,0,0,116,9.999999999999998,4,0,0,0,0,0,16383,0.0,1
1857316,17,0.0,9.168832430826797,1398.0487842802474,225.9894752573675,175764.50703224348,5.599972526107285,0,0,367,119.0956277032072,4,0,0,0,0,0,16383,0.0,1
239693,3,0.0,173.5067783260579,0.0,0.0,50628.0078728267,12.785117655942376,0,0,76,67.19888629109244,4,0,0,0,0,0,16383,0.0,1
613115,5,0.0,0.0,322.4969827296039,128.99879309184158,247316.3785116469,7.606243470933094,0,0,116,58.63581504174617,4,0,0,0,0,0,16383,0.0,1
1970072,21,0.0,694.5047628691583,125.49411832060964,46.53680687022878,112301.8173594014,1.4505881679390351,0,0,436,489.2176414626561,4,0,0,0,0,0,16383,0.0,1
414502,5,0.0,73.80818348207613,8.591808384702595,3.436723353881038,132717.74862319196,2.0,0,0,116,24.833187664136723,4,0,0,0,0,0,16383,0.0,1
605735,5,0.0,141.14526737894653,199.33452502934665,79.73381001173865,87551.15781049014,2.347271876222776,0,0,116,91.0968219628652,4,0,0,0,0,0,16383,0.0,1
2082426,19,0.0,704.0212521916472,109.04532978665452,42.42649286140911,115536.79693882677,1.2556662233318143,0,0,396,536.093448906099,4,0,0,0,0,0,16383,0.0,1
1564300,34,0.0,133.58069817781077,1460.0,898.231225930386,257970.18142568087,1.3645664275198643,0,0,704,669.1432211712986,4,0,0,0,0,0,16383,0.0,1
775215,7,0.0,153.7806200487862,624.4333895994737,178.40953988556393,218918.9006950337,7.843680529664978,0,0,156,128.190347708435,4,0,0,0,0,0,16383,0.0,1
285792,3,0.0,123.46033581922087,0.0,0.0,65262.92783371724,3.169656613820959,0,0,76,47.303437353152766,4,0,0,0,0,0,16383,0.0,1
238401,3,0.0,305.2419106551128,0.0,0.0,49155.11286894806,2.8656607641331897,0,0,76,118.21968365317844,4,0,0,0,0,0,16383,0.0,1
541985,3,0.0,52.95542255540984,0.0,0.0,109661.09704710128,4.938587960319197,0,0,76,20.509546964847893,4,0,0,0,0,0,16383,0.0,1
50728,2,0.0,0.0,0.0,0.0,21226.38301733336,6.524375022388164,0,0,40,0.0,0,0,0,0,0,0,16383,0.0,1
8,0,690.9651299610296,0.0,0.0,0.0,0.0,0.0,0,0,0,690.9651299610296,0,0,0,0,0,0,0,0.0,1
98062,2,0.0,0.0,0.0,0.0,68681.07248227154,2.622534486154637,0,0,40,0.0,0,0,0,0,0,0,16383,0.0,1
84940,2,0.0,0.0,0.0,0.0,25264.372725744623,3.1376254728677457,0,0,40,0.0,0,0,0,0,0,0,16383,0.0,1
118833066,0,29.0,0.0,0.0,0.0,3946447.684313933,0.0,0,0,0,29.0,0,0,0,0,60,0,0,0.8677231528050924,1
53078,2,0.0,0.0,0.0,0.0,26125.13613601174,6.160581184009647,0,0,40,0.0,0,0,0,0,0,0,16383,0.0,1
964545,5,0.0,114.66159251043848,0.0,0.0,219825.15864131367,1.9665907702233167,0,0,116,36.15174440618416,4,0,0,0,0,0,16383,0.0,1
30737,2,0.0,0.0,0.0,0.0,4692.751885253522,3.73892449949141,0,0,40,0.0,0,0,0,0,0,0,16383,0.0,1
370117,5,0.0,696.8869051148483,0.0,0.0,25727.54415074427,2.999499456675193,0,0,116,579.8052465399967,4,0,0,0,0,0,16383,0.0,1
1107394,13,0.0,9.534045062706772,871.6956189334323,116.06603499945882,116165.1769082353,4.16830404023302,0,0,293,60.76316031201975,4,0,0,0,0,0,16383,0.0,1
10,0,524.0482975936095,0.0,0.0,0.0,0.0,0.0,0,0,0,524.0482975936095,0,0,0,0,0,0,0,0.0,1
9,0,611.4872112454273,0.0,0.0,0.0,0.0,0.0,0,0,0,611.4872112454273,0,0,0,0,0,0,0,0.0,1
40929,2,0.0,0.0,0.0,0.0,13541.899573469018,6.1319018401329375,0,0,40,0.0,0,0,0,0,0,0,16383,0.0,1
511114,7,0.0,106.39750811422746,320.1061116185764,91.45888903387896,147428.46053414198,3.7625013633637794,0,0,156,71.75414894293753,4,0,0,0,0,0,16383,0.0,1
605735,5,0.0,0.0,275.06175103291355,110.02470041316542,253368.0333777041,6.700373048663922,0,0,116,50.01122746052974,4,0,0,0,0,0,16383,0.0,1
55116,2,0.0,0.0,0.0,0.0,12239.255003503034,2.166515316101264,0,0,40,0.0,0,0,0,0,0,0,16383,0.0,1
146108,3,0.0,646.0332612388862,0.0,0.0,31775.79361982173,9.65265254504709,0,0,76,291.03523044230275,4,0,0,0,0,0,16383,0.0,1
30670667,985,0.0,67.69597121080466,1232.7990586746157,488.4865763808247,144314.71669856025,0.688487700986014,0,0,19722,429.20954739369625,2,0,0,0,0,0,16383,0.0,1
415313,8,0.0,142.53087403291852,1460.0,794.1147147720341,91840.34962724512,1.2170763857424276,0,0,182,433.7924264361143,4,0,0,0,0,0,16383,0.0,1
538920,5,0.0,88.69498036278475,221.2660252406081,88.50641009624323,130458.88249935674,5.344070910437401,0,0,116,62.00563763594612,4,0,0,0,0,0,16383,0.0,1
576671,3,0.0,578.3146586957602,0.0,0.0,118952.1201011339,7.0,0,0,76,223.98030419963047,4,0,0,0,0,0,16383,0.0,1
3512596,22,0.0,207.75369751400592,291.80752592516933,87.00040157581569,196759.61932690057,1.0,0,0,471,264.63821219182114,4,0,0,0,0,0,16383,0.0,1
787721,11,0.0,557.0825376056611,0.0,0.0,42473.681628598286,1.382363331061628,0,0,236,966.6695507841804,4,0,0,0,0,0,16383,0.0,1
527397,5,0.0,95.62085482771772,221.12054531613435,63.177298661752666,143406.2916690085,2.0,0,0,133,57.713168453735975,4,0,0,0,0,0,16383,0.0,1
2765233,17,0.0,232.08305036663813,297.30000202589315,112.51316591739553,223425.33403927807,1.7523809375392445,0,0,356,121.45817242407664,4,0,0,0,0,0,16383,0.0,1
2387483,17,0.0,178.93888851338517,190.40682717767424,63.342344585308304,156013.76149058426,2.36734051527728,0,0,366,78.22089969734705,4,0,0,0,0,0,16383,0.0,1
1335517,7,0.0,361.7856035365832,767.8820022761307,217.9756368713826,356769.5625833834,3.4221602692956217,0,0,158,234.01465957462503,4,0,0,0,200,1961,16383,0.0,1
15174,2,0.0,0.0,0.0,0.0,3350.377509360277,2.1472033329930955,0,0,40,0.0,0,0,0,0,0,0,16383,0.0,1
233775,9,0.0,113.46418241606628,1460.0,885.2278885132713,48558.36364212104,2.0,0,0,196,496.0068089991975,4,0,0,0,0,0,16383,0.0,1
501932,3,0.0,50.06970366781333,0.0,0.0,129395.32939959133,9.85447167677358,0,0,76,19.136519160344584,4,0,0,0,0,0,16383,0.0,1
9000752,6,165.95342797692916,108.24923974005306,979.2618951461972,462.9509050721596,3929842.1546237967,2.0121819763278026,0,0,131,411.0866147071093,2,0,0,0,1154,4166,10988,370324.288014067,1
1526319,8,0.0,71.73836033611835,1081.7070173896684,318.14878895213553,408603.7637338746,5.0777577852146205,0,0,185,185.5482411699489,4,0,0,0,0,0,16383,0.0,1
677820,18,0.0,208.71867229296151,1054.8167048425069,834.0139125502951,78896.39554181002,1.8325684147071777,0,0,380,841.1922004181009,4,0,0,0,0,0,16383,0.0,1
9,0,506.59688804608527,0.0,0.0,0.0,0.0,0.0,0,0,0,506.59688804608527,0,0,0,0,0,0,0,0.0,1
11,0,1058.082239386716,0.0,0.0,0.0,0.0,0.0,0,0,0,1058.082239386716,0,0,0,0,0,0,0,0.0,1
367029,3,0.0,212.36311100189076,0.0,0.0,73646.67773494251,7.577186676223309,0,0,76,82.24787922591199,4,0,0,0,0,0,16383,0.0,1
657586,9,38.86320326523672,390.3256529774935,594.92556712825,207.99259451757692,91536.50789433514,3.352279945579388,0,0,120,242.46929474521497,1,0,0,0,0,0,5771,0.0,1
113691,2,0.0,0.0,0.0,0.0,34672.77609652585,7.0,0,0,40,0.0,0,0,0,0,0,0,16383,0.0,1
857993,5,0.0,18.09620187544094,65.30439288894983,26.12175715557993,269770.2028015204,7.0,0,0,116,17.579091815763185,4,0,0,0,0,0,16383,0.0,1
879830,5,0.0,129.5062545145339,394.1632191562702,157.6652876625081,167986.02049862614,5.433437887430586,0,0,116,91.71410647869044,4,0,0,0,0,0,16383,0.0,1
574617,3,0.0,56.31689622865418,0.0,0.0,107396.9715887534,4.3627509606616925,0,0,76,20.984598652606373,4,0,0,0,0,0,16383,0.0,1
4229332,12,0.0,664.1773663609334,275.41826140038097,48.163036698088,512970.9234505112,2.359423826830817,0,0,261,688.2620021006563,4,0,0,0,30169,566,16383,0.0,1
10,0,24.0,0.0,0.0,0.0,0.0,0.0,0,0,0,24.0,0,0,0,0,0,0,0,0.0,1
10,0,700.0934277377928,0.0,0.0,0.0,0.0,0.0,0,0,0,700.0934277377928,0,0,0,0,0,0,0,0.0,1
2814603,17,0.0,13.92770104743791,1458.4730861095927,194.96014079522809,316722.51012332697,1.0492552867873282,0,0,357,108.31554713018652,4,0,0,0,257,3330,16383,0.0,1
812837,5,0.0,132.00479618347129,0.0,0.0,155595.43655085043,8.408699562270934,0,0,116,42.60436476984072,4,0,0,0,0,0,16383,0.0,1
2915452,178,0.0,44.35703650886953,1460.0,1288.0461577760493,105418.022738043,1.0,0,0,3585,1078.2260514524037,4,0,0,0,0,0,16383,0.0,1
3442926,28,0.0,597.208367119446,127.91241250687722,35.5338540516677,105583.43134821892,1.0,0,0,587,781.4297039348478,4,0,0,0,0,0,16383,0.0,1
2434547,40,0.0,574.3132196007533,128.24867540912038,25.27611758717656,49484.59394780696,1.0375662295439807,0,0,828,920.4362693143828,4,0,0,0,0,0,16383,0.0,1
1376078,17,0.0,332.70866600574925,510.4517641100929,121.18320476339372,120101.7419116936,1.0,0,0,367,143.29111111955115,4,0,0,0,0,0,16383,0.0,1
55541,2,0.0,0.0,0.0,0.0,14485.587342768744,6.152378656484445,0,0,40,0.0,0,0,0,0,0,0,16383,0.0,1
39371,2,0.0,0.0,0.0,0.0,15100.830539146218,2.0,0,0,40,0.0,0,0,0,0,0,0,16383,0.0,1
3387545,30,0.0,617.4483676630654,114.54125281746398,30.45412204427318,91711.2182319716,1.0,0,0,625,838.667601606219,4,0,0,0,0,0,16383,0.0,1
87073,2,0.0,0.0,0.0,0.0,25716.28660797187,3.744750731629922,0,0,40,0.0,0,0,0,0,0,0,16383,0.0,1
632656,3,0.0,35.05554371619209,0.0,0.0,130300.3590191256,7.822343946240557,0,0,76,13.368395748335388,4,0,0,0,0,0,16383,0.0,1
1360554,10,0.0,567.777260035301,0.0,0.0,85022.60871435044,1.0,0,0,228,927.3783791768376,4,0,0,0,0,0,16383,0.0,1
846396,17,0.0,314.21123244620907,668.6867125308512,103.1400809180389,55498.09510999739,1.0,0,0,356,148.03085992777343,4,0,0,0,0,0,16383,0.0,1
1253397,10,0.0,573.2059473305309,0.0,0.0,80769.48483854877,1.0,0,0,218,927.7695029144046,4,0,0,0,0,0,16383,0.0,1
84854,2,0.0,0.0,0.0,0.0,25077.520942138224,3.237314906165732,0,0,40,0.0,0,0,0,0,0,0,16383,0.0,1
1059453,16,0.0,105.74601274221456,97.96903995740664,39.06246439932794,84113.28565081685,3.935712933659995,0,0,353,45.65144039163234,4,0,0,0,0,0,16383,0.0,1
895599,5,0.0,68.48996726585759,285.77659615094103,114.3106384603764,198740.03440361272,8.30194349043709,0,0,116,58.94498066561316,4,0,0,0,0,0,16383,0.0,1
460931,5,0.0,88.38205402922134,0.0,0.0,52573.532227085496,1.1754829302000709,0,0,116,28.5251852798982,4,0,0,0,0,0,16383,0.0,1
26843,2,0.0,0.0,0.0,0.0,12249.57815002932,6.0,0,0,40,0.0,0,0,0,0,0,0,16383,0.0,1
158280,3,0.0,174.35737099740302,0.0,0.0,30410.84694633193,10.8538298179477,0,0,76,67.52831941614498,4,0,0,0,0,0,16383,0.0,1
113964,2,0.0,0.0,0.0,0.0,52954.75755492016,2.4526672301570844,0,0,40,0.0,0,0,0,0,0,0,16383,0.0,1
122712,2,0.0,0.0,0.0,0.0,44431.19609555404,5.920021852787268,0,0,40,0.0,0,0,0,0,0,0,16383,0.0,1
776330,5,0.0,30.983866769659336,0.0,0.0,47663.67368554768,3.018707123836489,0,0,116,9.999999999999998,4,0,0,0,0,0,16383,0.0,1
57139,2,0.0,0.0,0.0,0.0,21336.173874424825,7.41947416960204,0,0,40,0.0,0,0,0,0,0,0,16383,0.0,1
97157,2,0.0,0.0,0.0,0.0,40768.99546426209,7.992642170374586,0,0,40,0.0,0,0,0,0,0,0,16383,0.0,1
81486,2,0.0,0.0,0.0,0.0,32091.304984656264,2.927177071269917,0,0,40,0.0,0,0,0,0,0,0,16383,0.0,1
60852,2,0.0,0.0,0.0,0.0,27372.82255324742,3.2251719451908185,0,0,40,0.0,0,0,0,0,0,0,16383,0.0,1
737648,5,0.0,30.983866769659336,0.0,0.0,49392.156785783765,6.138460424182896,0,0,116,9.999999999999998,4,0,0,0,0,0,16383,0.0,1
60953,2,0.0,0.0,0.0,0.0,19164.272911331547,1.4753749021835478,0,0,40,0.0,0,0,0,0,0,0,16383,0.0,1
181767,9,0.0,538.5675929391973,1460.0,966.325138937446,33184.71469147731,4.905257391501223,0,0,196,641.4350878842793,4,0,0,0,0,0,16383,0.0,1
374787,5,0.0,195.41763849591075,0.0,0.0,35814.23166991011,4.162210701555697,0,0,116,63.070771620820295,4,0,0,0,0,0,16383,0.0,1
42615,2,0.0,0.0,0.0,0.0,9388.354104473628,3.374614415756648,0,0,40,0.0,0,0,0,0,0,0,16383,0.0,1
1022077,6,0.0,72.4779584130072,15.120273507975904,4.320078145135973,191232.4333947032,2.945017094248494,0,0,153,25.191515776182403,4,0,0,0,0,0,16383,0.0,1
524955,3,0.0,143.52986751262037,0.0,0.0,90866.6020675155,6.65278033600661,0,0,76,55.588878655973566,4,0,0,0,0,0,16383,0.0,1
283505,3,0.0,136.28607858518333,0.0,0.0,51514.95870815538,4.805302161384772,0,0,76,52.78337126803303,4,0,0,0,0,0,16383,0.0,1
801243,5,0.0,74.39886186193033,165.91936765062013,66.36774706024805,124691.04290519448,3.794353466004986,0,0,116,63.27793821290322,4,0,0,0,0,0,16383,0.0,1
123467,2,0.0,0.0,0.0,0.0,45187.67395619174,6.480490036928607,0,0,40,0.0,0,0,0,0,0,0,16383,0.0,1
83886,2,0.0,0.0,0.0,0.0,42017.07220494994,3.81882592869209,0,0,40,0.0,0,0,0,0,0,0,16383,0.0,1
399487,3,0.0,203.3475369831632,0.0,0.0,77063.58964100546,3.7327934320381706,0,0,76,80.86437171471937,4,0,0,0,0,0,16383,0.0,1
736054,7,0.0,148.63572206143243,194.43211756340835,55.55203358954524,171463.46688453344,1.582144802814742,0,0,156,80.34719641915282,4,0,0,0,0,0,16383,0.0,1
710826,3,0.0,81.03413862230761,0.0,0.0,124690.08072400904,1.7135409806985025,0,0,76,31.384386935846056,4,0,0,0,0,0,16383,0.0,1
767874,5,0.0,78.28441152868452,115.64639641697336,33.04182754770668,230540.84615264216,5.492811348367784,0,0,122,39.485227702045485,4,0,0,0,0,0,16383,0.0,1
66220,2,0.0,0.0,0.0,0.0,20857.246920328107,8.503719434589957,0,0,40,0.0,0,0,0,0,0,0,16383,0.0,1
65043474,11,0.0,20.150322402537928,37.35912979555929,10.856499256829196,18741853.202052265,2.679188462616952,0,0,255,12.343865669171365,4,0,0,0,194,141,16383,30092.57379726741,1
954930,22,0.0,500.7048556486874,556.9433698280609,406.851017745772,62051.13053227926,1.3359877719323978,0,0,463,665.3312051734872,4,0,0,0,0,0,16383,0.0,1
1607816,15,0.0,41.13838248467458,1047.556616085906,186.30940993051323,121565.64244126968,1.3383678659252158,0,0,316,113.40173699818924,4,0,0,0,0,0,16383,0.0,1
1625717,209,0.0,38.34718438540522,1460.0,1257.7929436994928,67879.50737032987,1.0,0,0,4210,1071.3185888532194,4,0,0,0,0,0,16383,0.0,1
28930,2,0.0,0.0,0.0,0.0,11892.571615232133,6.0,0,0,40,0.0,0,0,0,0,0,0,16383,0.0,1
172232,3,0.0,122.0599064471973,0.0,0.0,33941.97338596196,6.162606402463605,0,0,76,47.273598490963046,4,0,0,0,0,0,16383,0.0,1
546083,3,0.0,80.55805360111427,0.0,0.0,103472.9869861073,1.039417585120363,0,0,76,31.2,4,0,0,0,0,0,16383,0.0,1
46620,2,0.0,0.0,0.0,0.0,13038.956446570408,7.517382583298476,0,0,40,0.0,0,0,0,0,0,0,16383,0.0,1
714456,17,0.0,575.6645519187729,115.96566156809492,52.68568327534995,46833.140199294015,1.1723897386508466,0,0,356,204.8446720154541,4,0,0,0,0,0,16383,0.0,1
2895156,17,0.0,455.26021790914086,124.36489440801114,56.08725266257586,236298.47886448365,2.9357291319027103,0,0,359,150.932753225017,4,0,0,0,0,0,16383,0.0,1
14195,2,0.0,0.0,0.0,0.0,5393.397902357165,9.669509182264932,0,0,40,0.0,0,0,0,0,0,0,16383,0.0,1
110312881,0,29.0,0.0,0.0,0.0,3553494.8264670414,0.0,0,0,0,29.0,0,0,0,0,61,0,0,1.7989304635871703,1
1302713,6,0.0,47.9539310142704,110.2508865561752,31.50025330176435,270872.947542283,1.4699476607876192,0,0,137,33.68962669115592,4,0,0,0,0,0,16383,0.0,1
2321884,236,0.0,54.65990331590645,1422.6094681543466,1234.470914735898,66404.5513452747,1.0278410512625862,0,0,4755,1075.6610361564829,4,0,0,0,0,0,16383,0.0,1
3,0,81.50668710631044,0.0,0.0,0.0,0.0,0.0,0,0,0,81.50668710631044,0,0,0,0,0,0,0,0.0,1
53015,2,0.0,0.0,0.0,0.0,14851.791726442629,8.459614751732927,0,0,40,0.0,0,0,0,0,0,0,16383,0.0,1
9,0,56.0,0.0,0.0,0.0,0.0,0.0,0,0,0,56.0,0,0,0,0,0,0,0,0.0,1
268437,1,593.7252915200113,0.0,0.0,0.0,165896.6803744535,1.671755499955232,0,0,22,593.7252915200113,0,0,0,0,0,0,9129,0.0,1
69962,2,0.0,0.0,0.0,0.0,35519.83405002177,7.029456041273238,0,0,40,0.0,0,0,0,0,0,0,16383,0.0,1
3,0,80.0,0.0,0.0,0.0,0.0,0.0,0,0,0,80.0,0,0,0,0,0,0,0,0.0,1
222129,5,0.0,161.20475891785802,905.3991941154202,362.15967764616806,43698.29532728793,7.69485782295742,0,0,116,190.11855995220856,4,0,0,0,0,0,16383,0.0,1
90505,2,0.0,0.0,0.0,0.0,47411.62399494695,8.471146539655248,0,0,40,0.0,0,0,0,0,0,0,16383,0.0,1
2008147,24,0.0,80.95412281329669,1460.0,919.1882122598666,414644.9653153379,2.0,0,0,510,650.0370214416911,4,0,0,0,0,0,16383,0.0,1
919949,25,0.0,458.9783566337433,364.76518388628256,306.8306480238115,55733.64764737793,4.750804164773005,0,0,535,978.274837859548,4,0,0,0,0,0,16383,0.0,1
759359,5,0.0,28.835442803597974,0.0,0.0,54889.41198372272,5.386801706858088,0,0,116,9.306599146570957,4,0,0,0,0,0,16383,0.0,1
76422,2,0.0,0.0,0.0,0.0,22136.024426202424,2.0561435769669263,0,0,40,0.0,0,0,0,0,0,0,16383,0.0,1
1799934,81,0.0,10.325339386556143,1460.0,1023.3300898274472,98341.94822060964,1.0,0,0,1640,769.2965351629236,4,0,0,0,0,0,16383,0.0,1
25089,2,0.0,0.0,0.0,0.0,9376.107125349748,7.9927571966959166,0,0,40,0.0,0,0,0,0,0,0,16383,0.0,1
576502,5,0.0,97.85100594810882,927.681878344904,371.0727513379616,111702.3976809438,5.3295304137739965,0,0,116,173.5718102176742,4,0,0,0,0,0,16383,0.0,1
1368087,7,0.0,64.5389491022501,196.98492214852064,56.28140632814876,251841.764562652,3.203015570295874,0,0,156,52.95492260145439,4,0,0,0,0,0,16383,0.0,1
714099,5,0.0,74.32389848617724,232.77326025996723,93.10930410398689,121828.92822949476,1.4291496103918355,0,0,116,70.9118185186534,4,0,0,0,0,0,16383,0.0,1
138678,2,0.0,0.0,0.0,0.0,59995.3973975955,7.315790924811513,0,0,40,0.0,0,0,0,0,0,0,16383,0.0,1
41007,2,0.0,0.0,0.0,0.0,13119.98395895999,6.882441191347581,0,0,40,0.0,0,0,0,0,0,0,16383,0.0,1
73416,2,0.0,0.0,0.0,0.0,23351.30625388848,9.0,0,0,40,0.0,0,0,0,0,0,0,16383,0.0,1
41524,2,0.0,0.0,0.0,0.0,10624.338389766172,5.379916646475686,0,0,40,0.0,0,0,0,0,0,0,16383,0.0,1
765913,5,0.0,79.91382113300793,139.34668735398952,55.73867494159581,122256.74939775752,6.641426354929694,0,0,116,62.39670136633129,4,0,0,0,0,0,16383,0.0,1
1969440,20,0.0,691.8534616226448,129.7771985608743,48.12799788755389,102769.16732331984,1.0,0,0,431,580.8504294867072,4,0,0,0,0,0,16383,0.0,1
8,0,376.3003450336226,0.0,0.0,0.0,0.0,0.0,0,0,0,376.3003450336226,0,0,0,0,0,0,0,0.0,1
2059196,5,0.0,116.80393403175997,0.0,0.0,648769.3867550438,2.3145876334140665,0,0,116,37.69830760637634,4,0,0,0,452,0,16383,0.0,1
691567,5,0.0,30.983866769659336,0.0,0.0,49418.1236540624,3.024177153397328,0,0,116,9.999999999999998,4,0,0,0,0,0,16383,0.0,1
1372890,18,0.0,44.856768880495736,1460.0,287.38740756522185,154878.98809725308,1.0593098122767683,0,0,386,172.5165891743602,4,0,0,0,0,0,16383,0.0,1
3236168,18,0.0,3.9136881035878495,1430.4812223051235,162.95665963737687,381683.5188386853,1.9522186353185944,0,0,394,88.54612230249441,4,0,0,0,94,3077,16383,0.0,1
13,0,671.7396313790593,0.0,0.0,0.0,0.0,0.0,0,0,0,671.7396313790593,0,0,0,0,0,0,0,0.0,1
722610,7,0.0,67.68661940072981,189.57371204526663,54.16391772721904,177648.39139880586,2.7171400565833217,0,0,156,54.7549950990208,4,0,0,0,0,0,16383,0.0,1
241834,3,0.0,145.5622743010813,0.0,0.0,47856.00163056266,6.4355097030808,0,0,76,56.37602642041637,4,0,0,0,0,0,16383,0.0,1
493457,5,0.0,69.68223611975097,183.3898827711648,73.35595310846593,75086.44473649809,5.0,0,0,116,62.512961831275234,4,0,0,0,0,0,16383,0.0,1
66326,2,0.0,0.0,0.0,0.0,46536.7536615649,3.699176725325647,0,0,40,0.0,0,0,0,0,0,0,16383,0.0,1
9,0,24.0,0.0,0.0,0.0,0.0,0.0,0,0,0,24.0,0,0,0,0,0,0,0,0.0,1
117706,2,0.0,0.0,0.0,0.0,26141.58472383375,3.9154162014667033,0,0,40,0.0,0,0,0,0,0,0,16383,0.0,1
249897,3,0.0,49.08115602078404,0.0,0.0,51283.06133174442,13.095475005944778,0,0,76,19.009049988110448,4,0,0,0,0,0,16383,0.0,1
3,0,56.0,0.0,0.0,0.0,0.0,0.0,0,0,0,56.0,0,0,0,0,0,0,0,0.0,1
3854761,19,0.0,14.70284089396934,104.98837056672156,39.99020679302868,306946.6170786956,2.0,0,0,396,24.596449816332907,4,0,0,0,248,759,16383,0.0,1
160974,3,0.0,128.76953272593946,0.0,0.0,31155.352096152663,5.2777797497926136,0,0,76,49.872225574647445,4,0,0,0,0,0,16383,0.0,1
11,0,768.1155393386551,0.0,0.0,0.0,0.0,0.0,0,0,0,768.1155393386551,0,0,0,0,0,0,0,0.0,1
188947,8,0.0,533.1628768151392,382.92050984987793,301.31898607126783,32752.849798349154,1.737725678185015,0,0,180,460.64722518460906,4,0,0,0,0,0,16383,0.0,1
902284,44,0.0,335.7535603080807,823.3370988798036,692.5689916450258,61266.96473636178,3.180352401096563,0,0,912,992.818983834821,4,0,0,0,0,0,16383,0.0,1
97170,2,0.0,0.0,0.0,0.0,38473.91960686813,6.05858425512328,0,0,40,0.0,0,0,0,0,0,0,16383,0.0,1
738855,5,0.0,30.983866769659336,0.0,0.0,67090.04413254291,2.052434873675957,0,0,116,9.999999999999998,4,0,0,0,0,0,16383,0.0,1
3,0,56.0,0.0,0.0,0.0,0.0,0.0,0,0,0,56.0,0,0,0,0,0,0,0,0.0,1
190218,3,0.0,442.21543789783993,0.0,0.0,38438.37549709031,7.853702396577819,0,0,76,169.9027434526106,4,0,0,0,0,0,16383,0.0,1
60098,2,0.0,0.0,0.0,0.0,24821.024767885618,5.726436268143327,0,0,40,0.0,0,0,0,0,0,0,16383,0.0,1
230559,6,0.0,177.55680218756177,1446.072457855479,634.4958890661353,52682.77339998553,4.278550842890428,0,0,144,332.88527485191497,4,0,0,0,0,0,16383,0.0,1
300202,5,0.0,88.31968545667208,508.15053617908217,203.26021447163288,61357.23420987392,3.0,0,0,116,106.67763853586834,4,0,0,0,0,0,16383,0.0,1
1516984,8,0.0,78.29916906094572,1293.8160302422766,377.49960146176846,410361.7481846762,4.473458603298358,0,0,191,218.65198733539316,4,0,0,0,0,0,16383,0.0,1
4,0,87.9973130748779,0.0,0.0,0.0,0.0,0.0,0,0,0,87.9973130748779,0,0,0,0,0,0,0,0.0,1
65873,2,0.0,0.0,0.0,0.0,46263.65612528906,2.0,0,0,40,0.0,0,0,0,0,0,0,16383,0.0,1
9,0,56.0,0.0,0.0,0.0,0.0,0.0,0,0,0,56.0,0,0,0,0,0,0,0,0.0,1
1377304,7,0.0,346.6255603071207,806.9476794664886,229.06505665220715,372394.4854829947,3.34188832986338,0,0,160,234.4587410322684,4,0,0,0,211,2061,16383,0.0,1
1161658,3,0.0,67.88992347803196,0.0,0.0,297759.2777343152,7.541032166647232,0,0,76,26.29365430057137,4,0,0,0,0,0,16383,0.0,1
256679,15,0.0,87.58388737994015,1460.0,1127.566875307113,42229.52750322454,3.747724683967696,0,0,316,692.4298521463439,4,0,0,0,0,0,16383,0.0,1
8,0,155.0383526762271,0.0,0.0,0.0,0.0,0.0,0,0,0,155.0383526762271,0,0,0,0,0,0,0,0.0,1
29660,2,0.0,0.0,0.0,0.0,20504.08021215141,2.462276910041987,0,0,40,0.0,0,0,0,0,0,0,16383,0.0,1
8,0,349.8091736116004,0.0,0.0,0.0,0.0,0.0,0,0,0,349.8091736116004,0,0,0,0,0,0,0,0.0,1
540453,3,0.0,133.81559584406864,0.0,0.0,79343.0065352128,7.0,0,0,76,51.82655741669002,4,0,0,0,0,0,16383,0.0,1
644348,27,0.0,17.090636164343856,1460.0,763.2151781283076,48394.49802815266,2.0,0,0,558,465.9725285468148,4,0,0,0,0,0,16383,0.0,1
10,0,56.0,0.0,0.0,0.0,0.0,0.0,0,0,0,56.0,0,0,0,0,0,0,0,0.0,1
1524817,65,0.0,78.85787971386918,1460.0,965.7265209175392,97853.40165674457,1.0783875882546288,0,0,1333,717.4894191227661,4,0,0,0,0,0,16383,0.0,1
79097,2,0.0,0.0,0.0,0.0,43226.13264656869,10.875258762311216,0,0,40,0.0,0,0,0,0,0,0,16383,0.0,1
88694,2,0.0,0.0,0.0,0.0,47268.957723806285,6.936852557390567,0,0,40,0.0,0,0,0,0,0,0,16383,0.0,1
903610,5,0.0,102.04285188785371,1287.7026642935148,527.8922121877907,190220.1365869972,6.681992818111013,0,0,118,238.34071742347945,4,0,0,0,0,0,16383,0.0,1
703445,17,0.0,517.4223607580566,119.0696165794837,55.14445026867539,46697.74954492016,2.448312032193538,0,0,356,162.67938726411532,4,0,0,0,0,0,16383,0.0,1
238551,5,0.0,90.10764936066415,481.9616544834119,192.78466179336476,47492.8400791989,2.682192341232203,0,0,116,102.55805904775804,4,0,0,0,0,0,16383,0.0,1
440859,7,0.0,121.87835429723144,1460.0,706.8482447639788,107196.7537087366,2.99684928428144,0,0,156,363.3672726219508,4,0,0,0,0,0,16383,0.0,1
70805816,10,0.0,20.05391643740142,25.63455718399174,7.449358497912129,21986391.018237945,3.72137269475629,0,0,224,10.131413638547835,4,0,0,0,161,96,16383,38602.00805268511,1
67212,2,0.0,0.0,0.0,0.0,30682.84052177733,7.640597484993485,0,0,40,0.0,0,0,0,0,0,0,16383,0.0,1
537713,3,0.0,48.50184220037652,0.0,0.0,122961.85993604075,2.093346703048001,0,0,76,18.072581421294537,4,0,0,0,0,0,16383,0.0,1
1223647,9,0.0,555.1464927660504,0.0,0.0,96553.560421226,1.0,0,0,203,941.8681965665272,4,0,0,0,0,0,16383,0.0,1
614275,5,0.0,29.277002188455995,0.0,0.0,199568.4543568513,5.69257349019756,0,0,116,9.23076923076923,4,0,0,0,0,0,16383,0.0,1
914330,19,0.0,710.7667788232812,126.26285381965724,50.14146523763112,48301.10256890288,3.0,0,0,412,579.9928429667619,4,0,0,0,0,0,16383,0.0,1
2333051,48,0.0,537.4672841583584,110.78056493415556,17.47065719772899,33211.257121744195,1.0,0,0,989,994.258786117074,4,0,0,0,0,0,16383,0.0,1
605712,5,0.0,0.0,274.87917388125896,109.9516695525036,253400.59178153792,6.694576948611395,0,0,116,49.97803161477435,4,0,0,0,0,0,16383,0.0,1
631370,5,0.0,129.30335953627954,196.8781718199786,78.75126872799144,96102.34199813388,2.795685567508024,0,0,116,88.74872802634681,4,0,0,0,0,0,16383,0.0,1
120361,2,0.0,0.0,0.0,0.0,56226.76464664104,9.372182307886971,0,0,40,0.0,0,0,0,0,0,0,16383,0.0,1
4444205,33,0.0,45.57518931224854,1394.810303561812,839.5534587507171,539835.3481393402,1.051209502308082,0,0,693,574.1034303860009,4,0,0,0,1930,29351,16383,0.0,1
3,0,56.0,0.0,0.0,0.0,0.0,0.0,0,0,0,56.0,0,0,0,0,0,0,0,0.0,1
1912597,13,0.0,43.143536400177965,75.54251785742755,17.86918077607503,269887.1054395983,1.8114659391516816,0,0,293,24.67298093753019,4,0,0,0,0,0,16383,0.0,1
718886,5,0.0,72.7739374826185,189.0,75.6,120997.51567773186,1.110719633876819,0,0,116,65.7997697287138,4,0,0,0,0,0,16383,0.0,1
462104,5,0.0,63.5311518063957,0.0,0.0,52272.598640841024,4.690605050199066,0,0,116,20.504591075962157,4,0,0,0,0,0,16383,0.0,1
225282,5,0.0,88.14083072081253,526.8375462411162,210.7350184964465,43526.23223167759,2.9294499362901054,0,0,116,108.84192258684692,4,0,0,0,0,0,16383,0.0,1
1657671,235,0.0,45.14016456294314,1370.8126040086242,1144.2421925032495,54119.22911195968,1.0,0,0,4732,1017.6161026776844,4,0,0,0,0,0,16383,0.0,1
39221326,138,0.0,36.59278811313633,1118.8728696137898,956.3464600466408,6284717.641877293,1.9345948777704391,0,0,2782,771.43028439959,4,0,0,0,286,85593,16383,238451.03678830783,1
450046,7,0.0,119.48395881901044,1460.0,719.8258572607313,100674.8295624559,2.3158998224091847,0,0,169,383.2795483152459,4,0,0,0,0,0,16383,0.0,1
789168,5,0.0,559.9981201005778,257.1112828279902,72.98516628222245,152478.89914837264,4.471689144873993,0,0,130,228.2084424058091,4,0,0,0,67,656,16383,0.0,1
100719,2,0.0,0.0,0.0,0.0,38804.82198931264,4.409920817719348,0,0,40,0.0,0,0,0,0,0,0,16383,0.0,1
410698,3,0.0,153.28029344755265,0.0,0.0,89144.45436134099,13.782610780220038,0,0,76,59.36520238241573,4,0,0,0,0,0,16383,0.0,1
9,0,56.0,0.0,0.0,0.0,0.0,0.0,0,0,0,56.0,0,0,0,0,0,0,0,0.0,1
1334962,7,0.0,158.26858404664893,379.02762523143633,108.2936072089818,306249.7209548984,4.150682780835506,0,0,156,94.37474956695752,4,0,0,0,0,0,16383,0.0,1
28507,2,0.0,0.0,0.0,0.0,9606.395671502763,2.4486043239680857,0,0,40,0.0,0,0,0,0,0,0,16383,0.0,1
1161173,3,0.0,68.59511800556106,0.0,0.0,297629.7013985972,7.53174234807255,0,0,76,26.566774966667047,4,0,0,0,0,0,16383,0.0,1
378243,5,0.0,68.20040530323173,0.0,0.0,37540.54337835408,6.0,0,0,116,22.01158616200104,4,0,0,0,0,0,16383,0.0,1
373480,5,0.0,81.88834478638269,510.9480402944606,204.37921611778427,75806.86598693124,1.8731271719369067,0,0,116,104.42603196320894,4,0,0,0,0,0,16383,0.0,1
401196,3,0.0,222.47830764852884,0.0,0.0,79780.83440390663,4.554960875058431,0,0,76,87.74317265465554,4,0,0,0,0,0,16383,0.0,1
2917116,177,0.0,44.72505903947162,1460.0,1286.013203217254,105543.425742285,1.0,0,0,3571,1076.3524829537737,4,0,0,0,0,0,16383,0.0,1
3,0,56.0,0.0,0.0,0.0,0.0,0.0,0,0,0,56.0,0,0,0,0,0,0,0,0.0,1
54562,2,0.0,0.0,0.0,0.0,14600.611701228225,7.959812075780674,0,0,40,0.0,0,0,0,0,0,0,16383,0.0,1
114824537,0,29.0,0.0,0.0,0.0,4455469.474658516,0.0,0,0,0,29.0,0,0,0,0,61,0,0,1.0,1
1005079,25,0.0,630.3181358543588,124.63004352131804,38.76286373175928,31828.09641245629,1.491330431912131,0,0,535,798.0827309541054,4,0,0,0,0,0,16383,0.0,1
995735,5,0.0,30.983866769659336,0.0,0.0,99092.23151720344,1.0494964384108652,0,0,116,9.999999999999998,4,0,0,0,0,0,16383,0.0,1
159781,2,0.0,0.0,0.0,0.0,80702.84676951758,7.0,0,0,40,0.0,0,0,0,0,0,0,16383,0.0,1
101209779,0,94.77766403831338,13.29001249451998,0.0,0.0,1984693.7914995244,0.0,0,0,0,117.0630353881391,0,0,0,0,468,0,0,3.4243720260536348,1
84084,2,0.0,0.0,0.0,0.0,34127.571509340065,3.8587843560264887,0,0,40,0.0,0,0,0,0,0,0,16383,0.0,1
9,0,56.0,0.0,0.0,0.0,0.0,0.0,0,0,0,56.0,0,0,0,0,0,0,0,0.0,1
573083,3,0.0,25.37864174764872,0.0,0.0,107729.40073944491,3.0,0,0,76,9.45649790891212,4,0,0,0,0,0,16383,0.0,1
9,0,56.0,0.0,0.0,0.0,0.0,0.0,0,0,0,56.0,0,0,0,0,0,0,0,0.0,1
1964188,21,0.0,699.735012617233,122.17699798857232,45.81019955940156,119983.90597245476,1.7823002011427675,0,0,436,414.1860164473462,4,0,0,0,0,0,16383,0.0,1
92628,2,0.0,0.0,0.0,0.0,36015.589415660856,6.067957081739583,0,0,40,0.0,0,0,0,0,0,0,16383,0.0,1
532950,3,0.0,37.90889848252794,0.0,0.0,113241.1550029324,7.216193710655841,0,0,76,14.682053249589837,4,0,0,0,0,0,16383,0.0,1
11,0,504.0,0.0,0.0,0.0,0.0,0.0,0,0,0,504.0,0,0,0,0,0,0,0,0.0,1
448706,3,0.0,696.5673811921453,0.0,0.0,48255.96682424748,9.896644111119954,0,0,77,690.0516059471222,4,0,0,0,0,0,16383,0.0,1
1704875,5,0.0,60.22376641043038,0.0,0.0,149247.12372985698,2.2217794919335465,0,0,116,19.43713702945687,4,0,0,0,0,0,16383,0.0,1
293768,5,0.0,403.133905562168,229.6514294997794,66.54575792854905,45709.815607030425,3.87811544647938,0,0,124,155.88587664262678,4,0,0,0,0,0,16383,0.0,1
68764,2,0.0,0.0,0.0,0.0,21569.09373916069,2.5976495354222413,0,0,40,0.0,0,0,0,0,0,0,16383,0.0,1
12,0,230.54934837513375,0.0,0.0,0.0,0.0,0.0,0,0,0,230.54934837513375,0,0,0,0,0,0,0,0.0,1
81959,2,0.0,0.0,0.0,0.0,31747.97980378201,5.474453179844524,0,0,40,0.0,0,0,0,0,0,0,16383,0.0,1
1299604,17,0.0,9.759576847974056,1106.9908883265434,142.93468921582462,88990.24709626455,2.0,0,0,356,73.54382068245263,4,0,0,0,0,0,16383,0.0,1
9,0,56.0,0.0,0.0,0.0,0.0,0.0,0,0,0,56.0,0,0,0,0,0,0,0,0.0,1
46582,2,0.0,0.0,0.0,0.0,20811.74479032552,6.038129347814875,0,0,40,0.0,0,0,0,0,0,0,16383,0.0,1
33350307,1277,0.0,329.6463918637566,434.711924681583,310.4567260421941,43646.972480322685,1.0,0,0,25567,1130.51904667534,4,0,0,0,0,0,16383,0.0,1
840171,7,0.0,18.212113309248213,44.066527024453855,18.37461647386154,115926.5503090496,2.084861179595104,0,0,159,16.71207728680875,4,0,0,0,0,0,16383,0.0,1
564339,8,0.0,33.2754191492224,132.43622301763958,66.4369392793281,67634.25185699842,4.581938256357002,0,0,190,43.280082489390935,4,0,0,0,0,0,16383,0.0,1
703802,17,0.0,529.5201887303967,116.70283986168327,53.56659912347512,46692.69639700261,2.316824436760182,0,0,356,166.12649449574656,4,0,0,0,0,0,16383,0.0,1
199689,3,0.0,92.36880810387606,0.0,0.0,40216.34576131499,3.36633000110464,0,0,76,34.491138234150704,4,0,0,0,0,0,16383,0.0,1
205374,9,0.0,210.477485816995,1460.0,963.4870163320504,38474.71658448227,2.6514541460400274,0,0,196,560.8284776936667,4,0,0,0,0,0,16383,0.0,1
614398,5,0.0,30.983866769659336,0.0,0.0,29479.47637889917,2.617956756637758,0,0,116,9.999999999999998,4,0,0,0,0,0,16383,0.0,1
511007,3,0.0,36.80800382930966,0.0,0.0,118236.72811599849,5.995410728859772,0,0,76,13.715265564806852,4,0,0,0,0,0,16383,0.0,1
4,0,504.0,0.0,0.0,0.0,0.0,0.0,0,0,0,504.0,0,0,0,0,0,0,0,0.0,1
1783439,5,0.0,158.78423891173333,0.0,0.0,202793.7800385772,2.7670981613505186,0,0,116,51.2473927454469,4,0,0,0,0,0,16383,0.0,1
1905163,19,0.0,720.2374643476154,126.45329975688726,50.98514733459565,104933.41073665736,1.1546700243112733,0,0,408,527.7915931072964,4,0,0,0,0,0,16383,0.0,1
755679,7,0.0,77.6810679943218,191.90865123896052,54.83104321113159,177222.26165217056,5.635814048700692,0,0,156,59.8626745852262,4,0,0,0,0,0,16383,0.0,1
29099,2,0.0,0.0,0.0,0.0,9145.205418037369,1.1154329536668903,0,0,40,0.0,0,0,0,0,0,0,16383,0.0,1
3,0,80.31138519551186,0.0,0.0,0.0,0.0,0.0,0,0,0,80.31138519551186,0,0,0,0,0,0,0,0.0,1
8240436,259,0.0,144.43181791026774,1138.2023045677695,992.0233598274516,271582.58892356325,1.0,0,0,5214,991.4281995019423,4,0,0,0,14885,325853,16383,0.0,1
3,0,56.0,0.0,0.0,0.0,0.0,0.0,0,0,0,56.0,0,0,0,0,0,0,0,0.0,1
763168,17,0.0,586.6650001097167,127.54777837334936,61.34401598030813,48900.00418737176,1.7925397676213368,0,0,356,224.80290430845292,4,0,0,0,0,0,16383,0.0,1
1153888,7,0.0,17.419471624947068,1460.0,463.7978809265834,462667.4765055338,2.0,0,0,163,253.23621757083683,4,0,0,0,71,697,16383,0.0,1
2,0,459.73171983830025,0.0,0.0,0.0,0.0,0.0,0,0,0,459.73171983830025,0,0,0,0,0,0,0,0.0,1
213281,5,0.0,248.59310497744468,311.81722243637483,124.72688897454992,41589.946220045866,4.998560806585629,0,0,116,126.3687658399044,4,0,0,0,0,0,16383,0.0,1
96297,2,0.0,0.0,0.0,0.0,50836.79174386621,8.02481721144515,0,0,40,0.0,0,0,0,0,0,0,16383,0.0,1
147439,2,0.0,0.0,0.0,0.0,62533.20264669046,1.1647559398411342,0,0,40,0.0,0,0,0,0,0,0,16383,0.0,1
334260,3,0.0,74.1136270346462,0.0,0.0,57374.19062732765,1.6346331584493472,0,0,76,28.70408432322125,4,0,0,0,0,0,16383,0.0,1
952934,5,0.0,30.983866769659336,0.0,0.0,79184.01105761106,7.841615459757815,0,0,116,9.999999999999998,4,0,0,0,0,0,16383,0.0,1
103061,2,0.0,0.0,0.0,0.0,46498.26347025976,4.78151803515542,0,0,40,0.0,0,0,0,0,0,0,16383,0.0,1
156108,3,0.0,315.8155418306448,0.0,0.0,34951.47361738773,7.40978737691816,0,0,76,121.81377801061284,4,0,0,0,0,0,16383,0.0,1
564785,3,0.0,244.6697106045069,0.0,0.0,75420.20612784263,7.0,0,0,76,94.76017144926432,4,0,0,0,0,0,16383,0.0,1
165446,3,0.0,7.192808843427728,0.0,0.0,30082.621832012515,7.0,0,0,76,2.7857628863049024,4,0,0,0,0,0,16383,0.0,1
332924,5,0.0,64.86634610599596,203.511398192238,81.4045592768952,52108.17434517793,3.0,0,0,116,62.93019974174829,4,0,0,0,0,0,16383,0.0,1
259930,3,0.0,127.501627966015,0.0,0.0,50259.65670462514,7.250358729570856,0,0,76,47.50919652172557,4,0,0,0,0,0,16383,0.0,1
832353,20,0.0,144.6568029979465,1460.0,955.6595507178806,105817.46603430006,1.0,0,0,423,630.3510964413902,4,0,0,0,0,0,16383,0.0,1
847548,5,0.0,55.63497617564409,768.6052103952927,307.4420841581171,128384.56786769992,5.111727803488494,0,0,116,121.1546181749263,4,0,0,0,0,0,16383,0.0,1
66023,2,0.0,0.0,0.0,0.0,28726.164039163155,5.320464389648298,0,0,40,0.0,0,0,0,0,0,0,16383,0.0,1
1867785,15,0.0,16.408170799184308,531.5672820524594,82.70701541792673,228051.9225588896,2.3930268837257347,0,0,316,48.01807323539757,4,0,0,0,0,0,16383,0.0,1
10,0,1016.335496614298,0.0,0.0,0.0,0.0,0.0,0,0,0,1016.335496614298,0,0,0,0,0,0,0,0.0,1
56212,2,0.0,0.0,0.0,0.0,39022.17437756651,1.780132664473259,0,0,40,0.0,0,0,0,0,0,0,16383,0.0,1
1016910,19,0.0,14.242986834233507,100.13068755458612,39.24252301769693,79097.42110359616,4.03267188864653,0,0,396,26.63452026436907,4,0,0,0,0,0,16383,0.0,1
9,0,532.5246416163307,0.0,0.0,0.0,0.0,0.0,0,0,0,532.5246416163307,0,0,0,0,0,0,0,0.0,1
10,0,56.0,0.0,0.0,0.0,0.0,0.0,0,0,0,56.0,0,0,0,0,0,0,0,0.0,1
53207,2,0.0,0.0,0.0,0.0,25708.507519996176,8.569419447468132,0,0,40,0.0,0,0,0,0,0,0,16383,0.0,1
104870,2,0.0,0.0,0.0,0.0,28160.57964015253,3.64518006122219,0,0,40,0.0,0,0,0,0,0,0,16383,0.0,1
167154,3,0.0,80.94748398497845,0.0,0.0,32017.165751606328,7.502783441846681,0,0,76,31.01242751082838,4,0,0,0,0,0,16383,0.0,1
3,0,56.0,0.0,0.0,0.0,0.0,0.0,0,0,0,56.0,0,0,0,0,0,0,0,0.0,1
1522653,11,0.0,543.5358877555575,0.0,0.0,88929.86822929786,2.557933786881925,0,0,253,965.0687286269372,4,0,0,0,0,0,16383,0.0,1
2425785,37,0.0,578.7644492303633,122.31790695826874,26.49306834404683,52600.09218473484,1.3341046520865634,0,0,769,910.0565654973154,4,0,0,0,0,0,16383,0.0,1
119385617,0,29.0,0.0,0.0,0.0,4355351.449145756,0.0,0,0,0,29.0,0,0,0,0,61,0,0,2.0436617506103785,1
1517383,7,0.0,230.6760827326289,213.08279426806536,118.93352314102756,227234.35755970023,3.0,0,0,172,139.33316979599144,4,0,0,0,0,0,16383,0.0,1
6,0,196.79362783777623,0.0,0.0,0.0,0.0,0.0,0,0,0,196.79362783777623,0,0,0,0,0,0,0,0.0,1
